source_file,annotator,sentence_id,sentence_text,token,start,stop,event_bio,event_bio_2,pmode_bio,pmode_bio_2
metamorphosis,CURATION_USER_Kafka_Franz_Die_Verwandlung,1,Franz Kafka: DIE VERWANDLUNG  I.,Franz,0,5,O,O,O,O
metamorphosis,CURATION_USER_Kafka_Franz_Die_Verwandlung,1,Franz Kafka: DIE VERWANDLUNG  I.,Kafka,6,11,O,O,O,O
metamorphosis,CURATION_USER_Kafka_Franz_Die_Verwandlung,1,Franz Kafka: DIE VERWANDLUNG  I.,:,11,12,O,O,O,O
metamorphosis,CURATION_USER_Kafka_Franz_Die_Verwandlung,1,Franz Kafka: DIE VERWANDLUNG  I.,DIE,13,16,O,O,O,O
metamorphosis,CURATION_USER_Kafka_Franz_Die_Verwandlung,1,Franz Kafka: DIE VERWANDLUNG  I.,VERWANDLUNG,17,28,O,O,O,O
metamorphosis,CURATION_USER_Kafka_Franz_Die_Verwandlung,1,Franz Kafka: DIE VERWANDLUNG  I.,I,30,31,O,O,O,O
metamorphosis,CURATION_USER_Kafka_Franz_Die_Verwandlung,1,Franz Kafka: DIE VERWANDLUNG  I.,.,31,32,O,O,O,O
metamorphosis,CURATION_USER_Kafka_Franz_Die_Verwandlung,2,"Als Gregor Samsa eines Morgens aus unruhigen Träumen erwachte, fand er sich in seinem Bett zu einem ungeheueren Ungeziefer verwandelt.",Als,34,37,B-change_of_state,O,O,O
metamorphosis,CURATION_USER_Kafka_Franz_Die_Verwandlung,2,"Als Gregor Samsa eines Morgens aus unruhigen Träumen erwachte, fand er sich in seinem Bett zu einem ungeheueren Ungeziefer verwandelt.",Gregor,38,44,I-change_of_state,O,O,O
metamorphosis,CURATION_USER_Kafka_Franz_Die_Verwandlung,2,"Als Gregor Samsa eines Morgens aus unruhigen Träumen erwachte, fand er sich in seinem Bett zu einem ungeheueren Ungeziefer verwandelt.",Samsa,45,50,I-change_of_state,O,O,O
metamorphosis,CURATION_USER_Kafka_Franz_Die_Verwandlung,2,"Als Gregor Samsa eines Morgens aus unruhigen Träumen erwachte, fand er sich in seinem Bett zu einem ungeheueren Ungeziefer verwandelt.",eines,51,56,I-change_of_state,O,O,O
metamorphosis,CURATION_USER_Kafka_Franz_Die_Verwandlung,2,"Als Gregor Samsa eines Morgens aus unruhigen Träumen erwachte, fand er sich in seinem Bett zu einem ungeheueren Ungeziefer verwandelt.",Morgens,57,64,I-change_of_state,O,O,O
metamorphosis,CURATION_USER_Kafka_Franz_Die_Verwandlung,2,"Als Gregor Samsa eines Morgens aus unruhigen Träumen erwachte, fand er sich in seinem Bett zu einem ungeheueren Ungeziefer verwandelt.",aus,65,68,I-change_of_state,O,O,O
metamorphosis,CURATION_USER_Kafka_Franz_Die_Verwandlung,2,"Als Gregor Samsa eines Morgens aus unruhigen Träumen erwachte, fand er sich in seinem Bett zu einem ungeheueren Ungeziefer verwandelt.",unruhigen,69,78,I-change_of_state,O,O,O
metamorphosis,CURATION_USER_Kafka_Franz_Die_Verwandlung,2,"Als Gregor Samsa eines Morgens aus unruhigen Träumen erwachte, fand er sich in seinem Bett zu einem ungeheueren Ungeziefer verwandelt.",Träumen,79,86,I-change_of_state,O,O,O
metamorphosis,CURATION_USER_Kafka_Franz_Die_Verwandlung,2,"Als Gregor Samsa eines Morgens aus unruhigen Träumen erwachte, fand er sich in seinem Bett zu einem ungeheueren Ungeziefer verwandelt.",erwachte,87,95,I-change_of_state,O,O,O
metamorphosis,CURATION_USER_Kafka_Franz_Die_Verwandlung,2,"Als Gregor Samsa eines Morgens aus unruhigen Träumen erwachte, fand er sich in seinem Bett zu einem ungeheueren Ungeziefer verwandelt.",",",95,96,O,O,O,O
metamorphosis,CURATION_USER_Kafka_Franz_Die_Verwandlung,2,"Als Gregor Samsa eines Morgens aus unruhigen Träumen erwachte, fand er sich in seinem Bett zu einem ungeheueren Ungeziefer verwandelt.",fand,97,101,B-change_of_state,O,O,O
metamorphosis,CURATION_USER_Kafka_Franz_Die_Verwandlung,2,"Als Gregor Samsa eines Morgens aus unruhigen Träumen erwachte, fand er sich in seinem Bett zu einem ungeheueren Ungeziefer verwandelt.",er,102,104,I-change_of_state,O,O,O
metamorphosis,CURATION_USER_Kafka_Franz_Die_Verwandlung,2,"Als Gregor Samsa eines Morgens aus unruhigen Träumen erwachte, fand er sich in seinem Bett zu einem ungeheueren Ungeziefer verwandelt.",sich,105,109,I-change_of_state,O,O,O
metamorphosis,CURATION_USER_Kafka_Franz_Die_Verwandlung,2,"Als Gregor Samsa eines Morgens aus unruhigen Träumen erwachte, fand er sich in seinem Bett zu einem ungeheueren Ungeziefer verwandelt.",in,110,112,I-change_of_state,O,O,O
metamorphosis,CURATION_USER_Kafka_Franz_Die_Verwandlung,2,"Als Gregor Samsa eines Morgens aus unruhigen Träumen erwachte, fand er sich in seinem Bett zu einem ungeheueren Ungeziefer verwandelt.",seinem,113,119,I-change_of_state,O,O,O
metamorphosis,CURATION_USER_Kafka_Franz_Die_Verwandlung,2,"Als Gregor Samsa eines Morgens aus unruhigen Träumen erwachte, fand er sich in seinem Bett zu einem ungeheueren Ungeziefer verwandelt.",Bett,120,124,I-change_of_state,O,O,O
metamorphosis,CURATION_USER_Kafka_Franz_Die_Verwandlung,2,"Als Gregor Samsa eines Morgens aus unruhigen Träumen erwachte, fand er sich in seinem Bett zu einem ungeheueren Ungeziefer verwandelt.",zu,125,127,I-change_of_state,O,O,O
metamorphosis,CURATION_USER_Kafka_Franz_Die_Verwandlung,2,"Als Gregor Samsa eines Morgens aus unruhigen Träumen erwachte, fand er sich in seinem Bett zu einem ungeheueren Ungeziefer verwandelt.",einem,128,133,I-change_of_state,O,O,O
metamorphosis,CURATION_USER_Kafka_Franz_Die_Verwandlung,2,"Als Gregor Samsa eines Morgens aus unruhigen Träumen erwachte, fand er sich in seinem Bett zu einem ungeheueren Ungeziefer verwandelt.",ungeheueren,134,145,I-change_of_state,O,O,O
metamorphosis,CURATION_USER_Kafka_Franz_Die_Verwandlung,2,"Als Gregor Samsa eines Morgens aus unruhigen Träumen erwachte, fand er sich in seinem Bett zu einem ungeheueren Ungeziefer verwandelt.",Ungeziefer,146,156,I-change_of_state,O,O,O
metamorphosis,CURATION_USER_Kafka_Franz_Die_Verwandlung,2,"Als Gregor Samsa eines Morgens aus unruhigen Träumen erwachte, fand er sich in seinem Bett zu einem ungeheueren Ungeziefer verwandelt.",verwandelt,157,167,I-change_of_state,O,O,O
metamorphosis,CURATION_USER_Kafka_Franz_Die_Verwandlung,2,"Als Gregor Samsa eines Morgens aus unruhigen Träumen erwachte, fand er sich in seinem Bett zu einem ungeheueren Ungeziefer verwandelt.",.,167,168,O,O,O,O
metamorphosis,CURATION_USER_Kafka_Franz_Die_Verwandlung,3,"Er lag auf seinem panzerartig harten Rücken und sah, wenn er den Kopf ein wenig hob, seinen gewölbten, braunen, von bogenförmigen Versteifungen geteilten Bauch, auf dessen Höhe sich die Bettdecke, zum gänzlichen Niedergleiten bereit, kaum noch erhalten konnte.",Er,169,171,B-process,O,O,O
metamorphosis,CURATION_USER_Kafka_Franz_Die_Verwandlung,3,"Er lag auf seinem panzerartig harten Rücken und sah, wenn er den Kopf ein wenig hob, seinen gewölbten, braunen, von bogenförmigen Versteifungen geteilten Bauch, auf dessen Höhe sich die Bettdecke, zum gänzlichen Niedergleiten bereit, kaum noch erhalten konnte.",lag,172,175,I-process,O,O,O
metamorphosis,CURATION_USER_Kafka_Franz_Die_Verwandlung,3,"Er lag auf seinem panzerartig harten Rücken und sah, wenn er den Kopf ein wenig hob, seinen gewölbten, braunen, von bogenförmigen Versteifungen geteilten Bauch, auf dessen Höhe sich die Bettdecke, zum gänzlichen Niedergleiten bereit, kaum noch erhalten konnte.",auf,176,179,I-process,O,O,O
metamorphosis,CURATION_USER_Kafka_Franz_Die_Verwandlung,3,"Er lag auf seinem panzerartig harten Rücken und sah, wenn er den Kopf ein wenig hob, seinen gewölbten, braunen, von bogenförmigen Versteifungen geteilten Bauch, auf dessen Höhe sich die Bettdecke, zum gänzlichen Niedergleiten bereit, kaum noch erhalten konnte.",seinem,180,186,I-process,O,O,O
metamorphosis,CURATION_USER_Kafka_Franz_Die_Verwandlung,3,"Er lag auf seinem panzerartig harten Rücken und sah, wenn er den Kopf ein wenig hob, seinen gewölbten, braunen, von bogenförmigen Versteifungen geteilten Bauch, auf dessen Höhe sich die Bettdecke, zum gänzlichen Niedergleiten bereit, kaum noch erhalten konnte.",panzerartig,187,198,I-process,O,O,O
metamorphosis,CURATION_USER_Kafka_Franz_Die_Verwandlung,3,"Er lag auf seinem panzerartig harten Rücken und sah, wenn er den Kopf ein wenig hob, seinen gewölbten, braunen, von bogenförmigen Versteifungen geteilten Bauch, auf dessen Höhe sich die Bettdecke, zum gänzlichen Niedergleiten bereit, kaum noch erhalten konnte.",harten,199,205,I-process,O,O,O
metamorphosis,CURATION_USER_Kafka_Franz_Die_Verwandlung,3,"Er lag auf seinem panzerartig harten Rücken und sah, wenn er den Kopf ein wenig hob, seinen gewölbten, braunen, von bogenförmigen Versteifungen geteilten Bauch, auf dessen Höhe sich die Bettdecke, zum gänzlichen Niedergleiten bereit, kaum noch erhalten konnte.",Rücken,206,212,I-process,O,O,O
metamorphosis,CURATION_USER_Kafka_Franz_Die_Verwandlung,3,"Er lag auf seinem panzerartig harten Rücken und sah, wenn er den Kopf ein wenig hob, seinen gewölbten, braunen, von bogenförmigen Versteifungen geteilten Bauch, auf dessen Höhe sich die Bettdecke, zum gänzlichen Niedergleiten bereit, kaum noch erhalten konnte.",und,213,216,B-process,O,O,O
metamorphosis,CURATION_USER_Kafka_Franz_Die_Verwandlung,3,"Er lag auf seinem panzerartig harten Rücken und sah, wenn er den Kopf ein wenig hob, seinen gewölbten, braunen, von bogenförmigen Versteifungen geteilten Bauch, auf dessen Höhe sich die Bettdecke, zum gänzlichen Niedergleiten bereit, kaum noch erhalten konnte.",sah,217,220,I-process,O,O,O
metamorphosis,CURATION_USER_Kafka_Franz_Die_Verwandlung,3,"Er lag auf seinem panzerartig harten Rücken und sah, wenn er den Kopf ein wenig hob, seinen gewölbten, braunen, von bogenförmigen Versteifungen geteilten Bauch, auf dessen Höhe sich die Bettdecke, zum gänzlichen Niedergleiten bereit, kaum noch erhalten konnte.",",",220,221,I-process,O,O,O
metamorphosis,CURATION_USER_Kafka_Franz_Die_Verwandlung,3,"Er lag auf seinem panzerartig harten Rücken und sah, wenn er den Kopf ein wenig hob, seinen gewölbten, braunen, von bogenförmigen Versteifungen geteilten Bauch, auf dessen Höhe sich die Bettdecke, zum gänzlichen Niedergleiten bereit, kaum noch erhalten konnte.",wenn,222,226,I-process,B-process,O,O
metamorphosis,CURATION_USER_Kafka_Franz_Die_Verwandlung,3,"Er lag auf seinem panzerartig harten Rücken und sah, wenn er den Kopf ein wenig hob, seinen gewölbten, braunen, von bogenförmigen Versteifungen geteilten Bauch, auf dessen Höhe sich die Bettdecke, zum gänzlichen Niedergleiten bereit, kaum noch erhalten konnte.",er,227,229,I-process,I-process,O,O
metamorphosis,CURATION_USER_Kafka_Franz_Die_Verwandlung,3,"Er lag auf seinem panzerartig harten Rücken und sah, wenn er den Kopf ein wenig hob, seinen gewölbten, braunen, von bogenförmigen Versteifungen geteilten Bauch, auf dessen Höhe sich die Bettdecke, zum gänzlichen Niedergleiten bereit, kaum noch erhalten konnte.",den,230,233,I-process,I-process,O,O
metamorphosis,CURATION_USER_Kafka_Franz_Die_Verwandlung,3,"Er lag auf seinem panzerartig harten Rücken und sah, wenn er den Kopf ein wenig hob, seinen gewölbten, braunen, von bogenförmigen Versteifungen geteilten Bauch, auf dessen Höhe sich die Bettdecke, zum gänzlichen Niedergleiten bereit, kaum noch erhalten konnte.",Kopf,234,238,I-process,I-process,O,O
metamorphosis,CURATION_USER_Kafka_Franz_Die_Verwandlung,3,"Er lag auf seinem panzerartig harten Rücken und sah, wenn er den Kopf ein wenig hob, seinen gewölbten, braunen, von bogenförmigen Versteifungen geteilten Bauch, auf dessen Höhe sich die Bettdecke, zum gänzlichen Niedergleiten bereit, kaum noch erhalten konnte.",ein,239,242,I-process,I-process,O,O
metamorphosis,CURATION_USER_Kafka_Franz_Die_Verwandlung,3,"Er lag auf seinem panzerartig harten Rücken und sah, wenn er den Kopf ein wenig hob, seinen gewölbten, braunen, von bogenförmigen Versteifungen geteilten Bauch, auf dessen Höhe sich die Bettdecke, zum gänzlichen Niedergleiten bereit, kaum noch erhalten konnte.",wenig,243,248,I-process,I-process,O,O
metamorphosis,CURATION_USER_Kafka_Franz_Die_Verwandlung,3,"Er lag auf seinem panzerartig harten Rücken und sah, wenn er den Kopf ein wenig hob, seinen gewölbten, braunen, von bogenförmigen Versteifungen geteilten Bauch, auf dessen Höhe sich die Bettdecke, zum gänzlichen Niedergleiten bereit, kaum noch erhalten konnte.",hob,249,252,I-process,I-process,O,O
metamorphosis,CURATION_USER_Kafka_Franz_Die_Verwandlung,3,"Er lag auf seinem panzerartig harten Rücken und sah, wenn er den Kopf ein wenig hob, seinen gewölbten, braunen, von bogenförmigen Versteifungen geteilten Bauch, auf dessen Höhe sich die Bettdecke, zum gänzlichen Niedergleiten bereit, kaum noch erhalten konnte.",",",252,253,I-process,O,O,O
metamorphosis,CURATION_USER_Kafka_Franz_Die_Verwandlung,3,"Er lag auf seinem panzerartig harten Rücken und sah, wenn er den Kopf ein wenig hob, seinen gewölbten, braunen, von bogenförmigen Versteifungen geteilten Bauch, auf dessen Höhe sich die Bettdecke, zum gänzlichen Niedergleiten bereit, kaum noch erhalten konnte.",seinen,254,260,I-process,O,O,O
metamorphosis,CURATION_USER_Kafka_Franz_Die_Verwandlung,3,"Er lag auf seinem panzerartig harten Rücken und sah, wenn er den Kopf ein wenig hob, seinen gewölbten, braunen, von bogenförmigen Versteifungen geteilten Bauch, auf dessen Höhe sich die Bettdecke, zum gänzlichen Niedergleiten bereit, kaum noch erhalten konnte.",gewölbten,261,270,I-process,O,O,O
metamorphosis,CURATION_USER_Kafka_Franz_Die_Verwandlung,3,"Er lag auf seinem panzerartig harten Rücken und sah, wenn er den Kopf ein wenig hob, seinen gewölbten, braunen, von bogenförmigen Versteifungen geteilten Bauch, auf dessen Höhe sich die Bettdecke, zum gänzlichen Niedergleiten bereit, kaum noch erhalten konnte.",",",270,271,I-process,O,O,O
metamorphosis,CURATION_USER_Kafka_Franz_Die_Verwandlung,3,"Er lag auf seinem panzerartig harten Rücken und sah, wenn er den Kopf ein wenig hob, seinen gewölbten, braunen, von bogenförmigen Versteifungen geteilten Bauch, auf dessen Höhe sich die Bettdecke, zum gänzlichen Niedergleiten bereit, kaum noch erhalten konnte.",braunen,272,279,I-process,O,O,O
metamorphosis,CURATION_USER_Kafka_Franz_Die_Verwandlung,3,"Er lag auf seinem panzerartig harten Rücken und sah, wenn er den Kopf ein wenig hob, seinen gewölbten, braunen, von bogenförmigen Versteifungen geteilten Bauch, auf dessen Höhe sich die Bettdecke, zum gänzlichen Niedergleiten bereit, kaum noch erhalten konnte.",",",279,280,I-process,O,O,O
metamorphosis,CURATION_USER_Kafka_Franz_Die_Verwandlung,3,"Er lag auf seinem panzerartig harten Rücken und sah, wenn er den Kopf ein wenig hob, seinen gewölbten, braunen, von bogenförmigen Versteifungen geteilten Bauch, auf dessen Höhe sich die Bettdecke, zum gänzlichen Niedergleiten bereit, kaum noch erhalten konnte.",von,281,284,I-process,O,O,O
metamorphosis,CURATION_USER_Kafka_Franz_Die_Verwandlung,3,"Er lag auf seinem panzerartig harten Rücken und sah, wenn er den Kopf ein wenig hob, seinen gewölbten, braunen, von bogenförmigen Versteifungen geteilten Bauch, auf dessen Höhe sich die Bettdecke, zum gänzlichen Niedergleiten bereit, kaum noch erhalten konnte.",bogenförmigen,285,298,I-process,O,O,O
metamorphosis,CURATION_USER_Kafka_Franz_Die_Verwandlung,3,"Er lag auf seinem panzerartig harten Rücken und sah, wenn er den Kopf ein wenig hob, seinen gewölbten, braunen, von bogenförmigen Versteifungen geteilten Bauch, auf dessen Höhe sich die Bettdecke, zum gänzlichen Niedergleiten bereit, kaum noch erhalten konnte.",Versteifungen,299,312,I-process,O,O,O
metamorphosis,CURATION_USER_Kafka_Franz_Die_Verwandlung,3,"Er lag auf seinem panzerartig harten Rücken und sah, wenn er den Kopf ein wenig hob, seinen gewölbten, braunen, von bogenförmigen Versteifungen geteilten Bauch, auf dessen Höhe sich die Bettdecke, zum gänzlichen Niedergleiten bereit, kaum noch erhalten konnte.",geteilten,313,322,I-process,O,O,O
metamorphosis,CURATION_USER_Kafka_Franz_Die_Verwandlung,3,"Er lag auf seinem panzerartig harten Rücken und sah, wenn er den Kopf ein wenig hob, seinen gewölbten, braunen, von bogenförmigen Versteifungen geteilten Bauch, auf dessen Höhe sich die Bettdecke, zum gänzlichen Niedergleiten bereit, kaum noch erhalten konnte.",Bauch,323,328,I-process,O,O,O
metamorphosis,CURATION_USER_Kafka_Franz_Die_Verwandlung,3,"Er lag auf seinem panzerartig harten Rücken und sah, wenn er den Kopf ein wenig hob, seinen gewölbten, braunen, von bogenförmigen Versteifungen geteilten Bauch, auf dessen Höhe sich die Bettdecke, zum gänzlichen Niedergleiten bereit, kaum noch erhalten konnte.",",",328,329,O,O,O,O
metamorphosis,CURATION_USER_Kafka_Franz_Die_Verwandlung,3,"Er lag auf seinem panzerartig harten Rücken und sah, wenn er den Kopf ein wenig hob, seinen gewölbten, braunen, von bogenförmigen Versteifungen geteilten Bauch, auf dessen Höhe sich die Bettdecke, zum gänzlichen Niedergleiten bereit, kaum noch erhalten konnte.",auf,330,333,B-stative_event,O,O,O
metamorphosis,CURATION_USER_Kafka_Franz_Die_Verwandlung,3,"Er lag auf seinem panzerartig harten Rücken und sah, wenn er den Kopf ein wenig hob, seinen gewölbten, braunen, von bogenförmigen Versteifungen geteilten Bauch, auf dessen Höhe sich die Bettdecke, zum gänzlichen Niedergleiten bereit, kaum noch erhalten konnte.",dessen,334,340,I-stative_event,O,O,O
metamorphosis,CURATION_USER_Kafka_Franz_Die_Verwandlung,3,"Er lag auf seinem panzerartig harten Rücken und sah, wenn er den Kopf ein wenig hob, seinen gewölbten, braunen, von bogenförmigen Versteifungen geteilten Bauch, auf dessen Höhe sich die Bettdecke, zum gänzlichen Niedergleiten bereit, kaum noch erhalten konnte.",Höhe,341,345,I-stative_event,O,O,O
metamorphosis,CURATION_USER_Kafka_Franz_Die_Verwandlung,3,"Er lag auf seinem panzerartig harten Rücken und sah, wenn er den Kopf ein wenig hob, seinen gewölbten, braunen, von bogenförmigen Versteifungen geteilten Bauch, auf dessen Höhe sich die Bettdecke, zum gänzlichen Niedergleiten bereit, kaum noch erhalten konnte.",sich,346,350,I-stative_event,O,O,O
metamorphosis,CURATION_USER_Kafka_Franz_Die_Verwandlung,3,"Er lag auf seinem panzerartig harten Rücken und sah, wenn er den Kopf ein wenig hob, seinen gewölbten, braunen, von bogenförmigen Versteifungen geteilten Bauch, auf dessen Höhe sich die Bettdecke, zum gänzlichen Niedergleiten bereit, kaum noch erhalten konnte.",die,351,354,I-stative_event,O,O,O
metamorphosis,CURATION_USER_Kafka_Franz_Die_Verwandlung,3,"Er lag auf seinem panzerartig harten Rücken und sah, wenn er den Kopf ein wenig hob, seinen gewölbten, braunen, von bogenförmigen Versteifungen geteilten Bauch, auf dessen Höhe sich die Bettdecke, zum gänzlichen Niedergleiten bereit, kaum noch erhalten konnte.",Bettdecke,355,364,I-stative_event,O,O,O
metamorphosis,CURATION_USER_Kafka_Franz_Die_Verwandlung,3,"Er lag auf seinem panzerartig harten Rücken und sah, wenn er den Kopf ein wenig hob, seinen gewölbten, braunen, von bogenförmigen Versteifungen geteilten Bauch, auf dessen Höhe sich die Bettdecke, zum gänzlichen Niedergleiten bereit, kaum noch erhalten konnte.",",",364,365,I-stative_event,O,O,O
metamorphosis,CURATION_USER_Kafka_Franz_Die_Verwandlung,3,"Er lag auf seinem panzerartig harten Rücken und sah, wenn er den Kopf ein wenig hob, seinen gewölbten, braunen, von bogenförmigen Versteifungen geteilten Bauch, auf dessen Höhe sich die Bettdecke, zum gänzlichen Niedergleiten bereit, kaum noch erhalten konnte.",zum,366,369,I-stative_event,O,O,O
metamorphosis,CURATION_USER_Kafka_Franz_Die_Verwandlung,3,"Er lag auf seinem panzerartig harten Rücken und sah, wenn er den Kopf ein wenig hob, seinen gewölbten, braunen, von bogenförmigen Versteifungen geteilten Bauch, auf dessen Höhe sich die Bettdecke, zum gänzlichen Niedergleiten bereit, kaum noch erhalten konnte.",gänzlichen,370,380,I-stative_event,O,O,O
metamorphosis,CURATION_USER_Kafka_Franz_Die_Verwandlung,3,"Er lag auf seinem panzerartig harten Rücken und sah, wenn er den Kopf ein wenig hob, seinen gewölbten, braunen, von bogenförmigen Versteifungen geteilten Bauch, auf dessen Höhe sich die Bettdecke, zum gänzlichen Niedergleiten bereit, kaum noch erhalten konnte.",Niedergleiten,381,394,I-stative_event,O,O,O
metamorphosis,CURATION_USER_Kafka_Franz_Die_Verwandlung,3,"Er lag auf seinem panzerartig harten Rücken und sah, wenn er den Kopf ein wenig hob, seinen gewölbten, braunen, von bogenförmigen Versteifungen geteilten Bauch, auf dessen Höhe sich die Bettdecke, zum gänzlichen Niedergleiten bereit, kaum noch erhalten konnte.",bereit,395,401,I-stative_event,O,O,O
metamorphosis,CURATION_USER_Kafka_Franz_Die_Verwandlung,3,"Er lag auf seinem panzerartig harten Rücken und sah, wenn er den Kopf ein wenig hob, seinen gewölbten, braunen, von bogenförmigen Versteifungen geteilten Bauch, auf dessen Höhe sich die Bettdecke, zum gänzlichen Niedergleiten bereit, kaum noch erhalten konnte.",",",401,402,I-stative_event,O,O,O
metamorphosis,CURATION_USER_Kafka_Franz_Die_Verwandlung,3,"Er lag auf seinem panzerartig harten Rücken und sah, wenn er den Kopf ein wenig hob, seinen gewölbten, braunen, von bogenförmigen Versteifungen geteilten Bauch, auf dessen Höhe sich die Bettdecke, zum gänzlichen Niedergleiten bereit, kaum noch erhalten konnte.",kaum,403,407,I-stative_event,O,O,O
metamorphosis,CURATION_USER_Kafka_Franz_Die_Verwandlung,3,"Er lag auf seinem panzerartig harten Rücken und sah, wenn er den Kopf ein wenig hob, seinen gewölbten, braunen, von bogenförmigen Versteifungen geteilten Bauch, auf dessen Höhe sich die Bettdecke, zum gänzlichen Niedergleiten bereit, kaum noch erhalten konnte.",noch,408,412,I-stative_event,O,O,O
metamorphosis,CURATION_USER_Kafka_Franz_Die_Verwandlung,3,"Er lag auf seinem panzerartig harten Rücken und sah, wenn er den Kopf ein wenig hob, seinen gewölbten, braunen, von bogenförmigen Versteifungen geteilten Bauch, auf dessen Höhe sich die Bettdecke, zum gänzlichen Niedergleiten bereit, kaum noch erhalten konnte.",erhalten,413,421,I-stative_event,O,O,O
metamorphosis,CURATION_USER_Kafka_Franz_Die_Verwandlung,3,"Er lag auf seinem panzerartig harten Rücken und sah, wenn er den Kopf ein wenig hob, seinen gewölbten, braunen, von bogenförmigen Versteifungen geteilten Bauch, auf dessen Höhe sich die Bettdecke, zum gänzlichen Niedergleiten bereit, kaum noch erhalten konnte.",konnte,422,428,I-stative_event,O,O,O
metamorphosis,CURATION_USER_Kafka_Franz_Die_Verwandlung,3,"Er lag auf seinem panzerartig harten Rücken und sah, wenn er den Kopf ein wenig hob, seinen gewölbten, braunen, von bogenförmigen Versteifungen geteilten Bauch, auf dessen Höhe sich die Bettdecke, zum gänzlichen Niedergleiten bereit, kaum noch erhalten konnte.",.,428,429,O,O,O,O
metamorphosis,CURATION_USER_Kafka_Franz_Die_Verwandlung,4,"Seine vielen, im Vergleich zu seinem sonstigen Umfang kläglich dünnen Beine flimmerten ihm hilflos vor den Augen.  »Was ist mit mir geschehen?",Seine,430,435,B-process,O,O,O
metamorphosis,CURATION_USER_Kafka_Franz_Die_Verwandlung,4,"Seine vielen, im Vergleich zu seinem sonstigen Umfang kläglich dünnen Beine flimmerten ihm hilflos vor den Augen.  »Was ist mit mir geschehen?",vielen,436,442,I-process,O,O,O
metamorphosis,CURATION_USER_Kafka_Franz_Die_Verwandlung,4,"Seine vielen, im Vergleich zu seinem sonstigen Umfang kläglich dünnen Beine flimmerten ihm hilflos vor den Augen.  »Was ist mit mir geschehen?",",",442,443,I-process,O,O,O
metamorphosis,CURATION_USER_Kafka_Franz_Die_Verwandlung,4,"Seine vielen, im Vergleich zu seinem sonstigen Umfang kläglich dünnen Beine flimmerten ihm hilflos vor den Augen.  »Was ist mit mir geschehen?",im,444,446,I-process,O,O,O
metamorphosis,CURATION_USER_Kafka_Franz_Die_Verwandlung,4,"Seine vielen, im Vergleich zu seinem sonstigen Umfang kläglich dünnen Beine flimmerten ihm hilflos vor den Augen.  »Was ist mit mir geschehen?",Vergleich,447,456,I-process,O,O,O
metamorphosis,CURATION_USER_Kafka_Franz_Die_Verwandlung,4,"Seine vielen, im Vergleich zu seinem sonstigen Umfang kläglich dünnen Beine flimmerten ihm hilflos vor den Augen.  »Was ist mit mir geschehen?",zu,457,459,I-process,O,O,O
metamorphosis,CURATION_USER_Kafka_Franz_Die_Verwandlung,4,"Seine vielen, im Vergleich zu seinem sonstigen Umfang kläglich dünnen Beine flimmerten ihm hilflos vor den Augen.  »Was ist mit mir geschehen?",seinem,460,466,I-process,O,O,O
metamorphosis,CURATION_USER_Kafka_Franz_Die_Verwandlung,4,"Seine vielen, im Vergleich zu seinem sonstigen Umfang kläglich dünnen Beine flimmerten ihm hilflos vor den Augen.  »Was ist mit mir geschehen?",sonstigen,467,476,I-process,O,O,O
metamorphosis,CURATION_USER_Kafka_Franz_Die_Verwandlung,4,"Seine vielen, im Vergleich zu seinem sonstigen Umfang kläglich dünnen Beine flimmerten ihm hilflos vor den Augen.  »Was ist mit mir geschehen?",Umfang,477,483,I-process,O,O,O
metamorphosis,CURATION_USER_Kafka_Franz_Die_Verwandlung,4,"Seine vielen, im Vergleich zu seinem sonstigen Umfang kläglich dünnen Beine flimmerten ihm hilflos vor den Augen.  »Was ist mit mir geschehen?",kläglich,484,492,I-process,O,O,O
metamorphosis,CURATION_USER_Kafka_Franz_Die_Verwandlung,4,"Seine vielen, im Vergleich zu seinem sonstigen Umfang kläglich dünnen Beine flimmerten ihm hilflos vor den Augen.  »Was ist mit mir geschehen?",dünnen,493,499,I-process,O,O,O
metamorphosis,CURATION_USER_Kafka_Franz_Die_Verwandlung,4,"Seine vielen, im Vergleich zu seinem sonstigen Umfang kläglich dünnen Beine flimmerten ihm hilflos vor den Augen.  »Was ist mit mir geschehen?",Beine,500,505,I-process,O,O,O
metamorphosis,CURATION_USER_Kafka_Franz_Die_Verwandlung,4,"Seine vielen, im Vergleich zu seinem sonstigen Umfang kläglich dünnen Beine flimmerten ihm hilflos vor den Augen.  »Was ist mit mir geschehen?",flimmerten,506,516,I-process,O,O,O
metamorphosis,CURATION_USER_Kafka_Franz_Die_Verwandlung,4,"Seine vielen, im Vergleich zu seinem sonstigen Umfang kläglich dünnen Beine flimmerten ihm hilflos vor den Augen.  »Was ist mit mir geschehen?",ihm,517,520,I-process,O,O,O
metamorphosis,CURATION_USER_Kafka_Franz_Die_Verwandlung,4,"Seine vielen, im Vergleich zu seinem sonstigen Umfang kläglich dünnen Beine flimmerten ihm hilflos vor den Augen.  »Was ist mit mir geschehen?",hilflos,521,528,I-process,O,O,O
metamorphosis,CURATION_USER_Kafka_Franz_Die_Verwandlung,4,"Seine vielen, im Vergleich zu seinem sonstigen Umfang kläglich dünnen Beine flimmerten ihm hilflos vor den Augen.  »Was ist mit mir geschehen?",vor,529,532,I-process,O,O,O
metamorphosis,CURATION_USER_Kafka_Franz_Die_Verwandlung,4,"Seine vielen, im Vergleich zu seinem sonstigen Umfang kläglich dünnen Beine flimmerten ihm hilflos vor den Augen.  »Was ist mit mir geschehen?",den,533,536,I-process,O,O,O
metamorphosis,CURATION_USER_Kafka_Franz_Die_Verwandlung,4,"Seine vielen, im Vergleich zu seinem sonstigen Umfang kläglich dünnen Beine flimmerten ihm hilflos vor den Augen.  »Was ist mit mir geschehen?",Augen,537,542,I-process,O,O,O
metamorphosis,CURATION_USER_Kafka_Franz_Die_Verwandlung,4,"Seine vielen, im Vergleich zu seinem sonstigen Umfang kläglich dünnen Beine flimmerten ihm hilflos vor den Augen.  »Was ist mit mir geschehen?",.,542,543,O,O,O,O
metamorphosis,CURATION_USER_Kafka_Franz_Die_Verwandlung,4,"Seine vielen, im Vergleich zu seinem sonstigen Umfang kläglich dünnen Beine flimmerten ihm hilflos vor den Augen.  »Was ist mit mir geschehen?",»,545,546,O,O,O,O
metamorphosis,CURATION_USER_Kafka_Franz_Die_Verwandlung,4,"Seine vielen, im Vergleich zu seinem sonstigen Umfang kläglich dünnen Beine flimmerten ihm hilflos vor den Augen.  »Was ist mit mir geschehen?",Was,546,549,B-non_event,O,B-Direct thought,O
metamorphosis,CURATION_USER_Kafka_Franz_Die_Verwandlung,4,"Seine vielen, im Vergleich zu seinem sonstigen Umfang kläglich dünnen Beine flimmerten ihm hilflos vor den Augen.  »Was ist mit mir geschehen?",ist,550,553,I-non_event,O,I-Direct thought,O
metamorphosis,CURATION_USER_Kafka_Franz_Die_Verwandlung,4,"Seine vielen, im Vergleich zu seinem sonstigen Umfang kläglich dünnen Beine flimmerten ihm hilflos vor den Augen.  »Was ist mit mir geschehen?",mit,554,557,I-non_event,O,I-Direct thought,O
metamorphosis,CURATION_USER_Kafka_Franz_Die_Verwandlung,4,"Seine vielen, im Vergleich zu seinem sonstigen Umfang kläglich dünnen Beine flimmerten ihm hilflos vor den Augen.  »Was ist mit mir geschehen?",mir,558,561,I-non_event,O,I-Direct thought,O
metamorphosis,CURATION_USER_Kafka_Franz_Die_Verwandlung,4,"Seine vielen, im Vergleich zu seinem sonstigen Umfang kläglich dünnen Beine flimmerten ihm hilflos vor den Augen.  »Was ist mit mir geschehen?",geschehen,562,571,I-non_event,O,I-Direct thought,O
metamorphosis,CURATION_USER_Kafka_Franz_Die_Verwandlung,4,"Seine vielen, im Vergleich zu seinem sonstigen Umfang kläglich dünnen Beine flimmerten ihm hilflos vor den Augen.  »Was ist mit mir geschehen?",?,571,572,O,O,O,O
metamorphosis,CURATION_USER_Kafka_Franz_Die_Verwandlung,5,« dachte er.,«,572,573,O,O,O,O
metamorphosis,CURATION_USER_Kafka_Franz_Die_Verwandlung,5,« dachte er.,dachte,574,580,B-process,O,O,O
metamorphosis,CURATION_USER_Kafka_Franz_Die_Verwandlung,5,« dachte er.,er,581,583,I-process,O,O,O
metamorphosis,CURATION_USER_Kafka_Franz_Die_Verwandlung,5,« dachte er.,.,583,584,O,O,O,O
metamorphosis,CURATION_USER_Kafka_Franz_Die_Verwandlung,6,"Es war kein Traum, sein Zimmer, ein richtiges, nur etwas zu kleines Menschenzimmer, lag ruhig zwischen den vier wohlbekannten Wänden, über dem Tisch, auf dem eine auseinandergepackte Musterkollektion von Tuchwaren ausgebreitet war - Samsa war Reisender -, hing das Bild, das er vor kurzem aus einer illustrierten Zeitschrift ausgeschnitten und in einem hübschen, vergoldeten Rahmen untergebracht hatte.",Es,585,587,B-non_event,O,O,O
metamorphosis,CURATION_USER_Kafka_Franz_Die_Verwandlung,6,"Es war kein Traum, sein Zimmer, ein richtiges, nur etwas zu kleines Menschenzimmer, lag ruhig zwischen den vier wohlbekannten Wänden, über dem Tisch, auf dem eine auseinandergepackte Musterkollektion von Tuchwaren ausgebreitet war - Samsa war Reisender -, hing das Bild, das er vor kurzem aus einer illustrierten Zeitschrift ausgeschnitten und in einem hübschen, vergoldeten Rahmen untergebracht hatte.",war,588,591,I-non_event,O,O,O
metamorphosis,CURATION_USER_Kafka_Franz_Die_Verwandlung,6,"Es war kein Traum, sein Zimmer, ein richtiges, nur etwas zu kleines Menschenzimmer, lag ruhig zwischen den vier wohlbekannten Wänden, über dem Tisch, auf dem eine auseinandergepackte Musterkollektion von Tuchwaren ausgebreitet war - Samsa war Reisender -, hing das Bild, das er vor kurzem aus einer illustrierten Zeitschrift ausgeschnitten und in einem hübschen, vergoldeten Rahmen untergebracht hatte.",kein,592,596,I-non_event,O,O,O
metamorphosis,CURATION_USER_Kafka_Franz_Die_Verwandlung,6,"Es war kein Traum, sein Zimmer, ein richtiges, nur etwas zu kleines Menschenzimmer, lag ruhig zwischen den vier wohlbekannten Wänden, über dem Tisch, auf dem eine auseinandergepackte Musterkollektion von Tuchwaren ausgebreitet war - Samsa war Reisender -, hing das Bild, das er vor kurzem aus einer illustrierten Zeitschrift ausgeschnitten und in einem hübschen, vergoldeten Rahmen untergebracht hatte.",Traum,597,602,I-non_event,O,O,O
metamorphosis,CURATION_USER_Kafka_Franz_Die_Verwandlung,6,"Es war kein Traum, sein Zimmer, ein richtiges, nur etwas zu kleines Menschenzimmer, lag ruhig zwischen den vier wohlbekannten Wänden, über dem Tisch, auf dem eine auseinandergepackte Musterkollektion von Tuchwaren ausgebreitet war - Samsa war Reisender -, hing das Bild, das er vor kurzem aus einer illustrierten Zeitschrift ausgeschnitten und in einem hübschen, vergoldeten Rahmen untergebracht hatte.",",",602,603,O,O,O,O
metamorphosis,CURATION_USER_Kafka_Franz_Die_Verwandlung,6,"Es war kein Traum, sein Zimmer, ein richtiges, nur etwas zu kleines Menschenzimmer, lag ruhig zwischen den vier wohlbekannten Wänden, über dem Tisch, auf dem eine auseinandergepackte Musterkollektion von Tuchwaren ausgebreitet war - Samsa war Reisender -, hing das Bild, das er vor kurzem aus einer illustrierten Zeitschrift ausgeschnitten und in einem hübschen, vergoldeten Rahmen untergebracht hatte.",sein,604,608,B-stative_event,O,O,O
metamorphosis,CURATION_USER_Kafka_Franz_Die_Verwandlung,6,"Es war kein Traum, sein Zimmer, ein richtiges, nur etwas zu kleines Menschenzimmer, lag ruhig zwischen den vier wohlbekannten Wänden, über dem Tisch, auf dem eine auseinandergepackte Musterkollektion von Tuchwaren ausgebreitet war - Samsa war Reisender -, hing das Bild, das er vor kurzem aus einer illustrierten Zeitschrift ausgeschnitten und in einem hübschen, vergoldeten Rahmen untergebracht hatte.",Zimmer,609,615,I-stative_event,O,O,O
metamorphosis,CURATION_USER_Kafka_Franz_Die_Verwandlung,6,"Es war kein Traum, sein Zimmer, ein richtiges, nur etwas zu kleines Menschenzimmer, lag ruhig zwischen den vier wohlbekannten Wänden, über dem Tisch, auf dem eine auseinandergepackte Musterkollektion von Tuchwaren ausgebreitet war - Samsa war Reisender -, hing das Bild, das er vor kurzem aus einer illustrierten Zeitschrift ausgeschnitten und in einem hübschen, vergoldeten Rahmen untergebracht hatte.",",",615,616,I-stative_event,O,O,O
metamorphosis,CURATION_USER_Kafka_Franz_Die_Verwandlung,6,"Es war kein Traum, sein Zimmer, ein richtiges, nur etwas zu kleines Menschenzimmer, lag ruhig zwischen den vier wohlbekannten Wänden, über dem Tisch, auf dem eine auseinandergepackte Musterkollektion von Tuchwaren ausgebreitet war - Samsa war Reisender -, hing das Bild, das er vor kurzem aus einer illustrierten Zeitschrift ausgeschnitten und in einem hübschen, vergoldeten Rahmen untergebracht hatte.",ein,617,620,I-stative_event,O,O,O
metamorphosis,CURATION_USER_Kafka_Franz_Die_Verwandlung,6,"Es war kein Traum, sein Zimmer, ein richtiges, nur etwas zu kleines Menschenzimmer, lag ruhig zwischen den vier wohlbekannten Wänden, über dem Tisch, auf dem eine auseinandergepackte Musterkollektion von Tuchwaren ausgebreitet war - Samsa war Reisender -, hing das Bild, das er vor kurzem aus einer illustrierten Zeitschrift ausgeschnitten und in einem hübschen, vergoldeten Rahmen untergebracht hatte.",richtiges,621,630,I-stative_event,O,O,O
metamorphosis,CURATION_USER_Kafka_Franz_Die_Verwandlung,6,"Es war kein Traum, sein Zimmer, ein richtiges, nur etwas zu kleines Menschenzimmer, lag ruhig zwischen den vier wohlbekannten Wänden, über dem Tisch, auf dem eine auseinandergepackte Musterkollektion von Tuchwaren ausgebreitet war - Samsa war Reisender -, hing das Bild, das er vor kurzem aus einer illustrierten Zeitschrift ausgeschnitten und in einem hübschen, vergoldeten Rahmen untergebracht hatte.",",",630,631,I-stative_event,O,O,O
metamorphosis,CURATION_USER_Kafka_Franz_Die_Verwandlung,6,"Es war kein Traum, sein Zimmer, ein richtiges, nur etwas zu kleines Menschenzimmer, lag ruhig zwischen den vier wohlbekannten Wänden, über dem Tisch, auf dem eine auseinandergepackte Musterkollektion von Tuchwaren ausgebreitet war - Samsa war Reisender -, hing das Bild, das er vor kurzem aus einer illustrierten Zeitschrift ausgeschnitten und in einem hübschen, vergoldeten Rahmen untergebracht hatte.",nur,632,635,I-stative_event,O,O,O
metamorphosis,CURATION_USER_Kafka_Franz_Die_Verwandlung,6,"Es war kein Traum, sein Zimmer, ein richtiges, nur etwas zu kleines Menschenzimmer, lag ruhig zwischen den vier wohlbekannten Wänden, über dem Tisch, auf dem eine auseinandergepackte Musterkollektion von Tuchwaren ausgebreitet war - Samsa war Reisender -, hing das Bild, das er vor kurzem aus einer illustrierten Zeitschrift ausgeschnitten und in einem hübschen, vergoldeten Rahmen untergebracht hatte.",etwas,636,641,I-stative_event,O,O,O
metamorphosis,CURATION_USER_Kafka_Franz_Die_Verwandlung,6,"Es war kein Traum, sein Zimmer, ein richtiges, nur etwas zu kleines Menschenzimmer, lag ruhig zwischen den vier wohlbekannten Wänden, über dem Tisch, auf dem eine auseinandergepackte Musterkollektion von Tuchwaren ausgebreitet war - Samsa war Reisender -, hing das Bild, das er vor kurzem aus einer illustrierten Zeitschrift ausgeschnitten und in einem hübschen, vergoldeten Rahmen untergebracht hatte.",zu,642,644,I-stative_event,O,O,O
metamorphosis,CURATION_USER_Kafka_Franz_Die_Verwandlung,6,"Es war kein Traum, sein Zimmer, ein richtiges, nur etwas zu kleines Menschenzimmer, lag ruhig zwischen den vier wohlbekannten Wänden, über dem Tisch, auf dem eine auseinandergepackte Musterkollektion von Tuchwaren ausgebreitet war - Samsa war Reisender -, hing das Bild, das er vor kurzem aus einer illustrierten Zeitschrift ausgeschnitten und in einem hübschen, vergoldeten Rahmen untergebracht hatte.",kleines,645,652,I-stative_event,O,O,O
metamorphosis,CURATION_USER_Kafka_Franz_Die_Verwandlung,6,"Es war kein Traum, sein Zimmer, ein richtiges, nur etwas zu kleines Menschenzimmer, lag ruhig zwischen den vier wohlbekannten Wänden, über dem Tisch, auf dem eine auseinandergepackte Musterkollektion von Tuchwaren ausgebreitet war - Samsa war Reisender -, hing das Bild, das er vor kurzem aus einer illustrierten Zeitschrift ausgeschnitten und in einem hübschen, vergoldeten Rahmen untergebracht hatte.",Menschenzimmer,653,667,I-stative_event,O,O,O
metamorphosis,CURATION_USER_Kafka_Franz_Die_Verwandlung,6,"Es war kein Traum, sein Zimmer, ein richtiges, nur etwas zu kleines Menschenzimmer, lag ruhig zwischen den vier wohlbekannten Wänden, über dem Tisch, auf dem eine auseinandergepackte Musterkollektion von Tuchwaren ausgebreitet war - Samsa war Reisender -, hing das Bild, das er vor kurzem aus einer illustrierten Zeitschrift ausgeschnitten und in einem hübschen, vergoldeten Rahmen untergebracht hatte.",",",667,668,I-stative_event,O,O,O
metamorphosis,CURATION_USER_Kafka_Franz_Die_Verwandlung,6,"Es war kein Traum, sein Zimmer, ein richtiges, nur etwas zu kleines Menschenzimmer, lag ruhig zwischen den vier wohlbekannten Wänden, über dem Tisch, auf dem eine auseinandergepackte Musterkollektion von Tuchwaren ausgebreitet war - Samsa war Reisender -, hing das Bild, das er vor kurzem aus einer illustrierten Zeitschrift ausgeschnitten und in einem hübschen, vergoldeten Rahmen untergebracht hatte.",lag,669,672,I-stative_event,O,O,O
metamorphosis,CURATION_USER_Kafka_Franz_Die_Verwandlung,6,"Es war kein Traum, sein Zimmer, ein richtiges, nur etwas zu kleines Menschenzimmer, lag ruhig zwischen den vier wohlbekannten Wänden, über dem Tisch, auf dem eine auseinandergepackte Musterkollektion von Tuchwaren ausgebreitet war - Samsa war Reisender -, hing das Bild, das er vor kurzem aus einer illustrierten Zeitschrift ausgeschnitten und in einem hübschen, vergoldeten Rahmen untergebracht hatte.",ruhig,673,678,I-stative_event,O,O,O
metamorphosis,CURATION_USER_Kafka_Franz_Die_Verwandlung,6,"Es war kein Traum, sein Zimmer, ein richtiges, nur etwas zu kleines Menschenzimmer, lag ruhig zwischen den vier wohlbekannten Wänden, über dem Tisch, auf dem eine auseinandergepackte Musterkollektion von Tuchwaren ausgebreitet war - Samsa war Reisender -, hing das Bild, das er vor kurzem aus einer illustrierten Zeitschrift ausgeschnitten und in einem hübschen, vergoldeten Rahmen untergebracht hatte.",zwischen,679,687,I-stative_event,O,O,O
metamorphosis,CURATION_USER_Kafka_Franz_Die_Verwandlung,6,"Es war kein Traum, sein Zimmer, ein richtiges, nur etwas zu kleines Menschenzimmer, lag ruhig zwischen den vier wohlbekannten Wänden, über dem Tisch, auf dem eine auseinandergepackte Musterkollektion von Tuchwaren ausgebreitet war - Samsa war Reisender -, hing das Bild, das er vor kurzem aus einer illustrierten Zeitschrift ausgeschnitten und in einem hübschen, vergoldeten Rahmen untergebracht hatte.",den,688,691,I-stative_event,O,O,O
metamorphosis,CURATION_USER_Kafka_Franz_Die_Verwandlung,6,"Es war kein Traum, sein Zimmer, ein richtiges, nur etwas zu kleines Menschenzimmer, lag ruhig zwischen den vier wohlbekannten Wänden, über dem Tisch, auf dem eine auseinandergepackte Musterkollektion von Tuchwaren ausgebreitet war - Samsa war Reisender -, hing das Bild, das er vor kurzem aus einer illustrierten Zeitschrift ausgeschnitten und in einem hübschen, vergoldeten Rahmen untergebracht hatte.",vier,692,696,I-stative_event,O,O,O
metamorphosis,CURATION_USER_Kafka_Franz_Die_Verwandlung,6,"Es war kein Traum, sein Zimmer, ein richtiges, nur etwas zu kleines Menschenzimmer, lag ruhig zwischen den vier wohlbekannten Wänden, über dem Tisch, auf dem eine auseinandergepackte Musterkollektion von Tuchwaren ausgebreitet war - Samsa war Reisender -, hing das Bild, das er vor kurzem aus einer illustrierten Zeitschrift ausgeschnitten und in einem hübschen, vergoldeten Rahmen untergebracht hatte.",wohlbekannten,697,710,I-stative_event,O,O,O
metamorphosis,CURATION_USER_Kafka_Franz_Die_Verwandlung,6,"Es war kein Traum, sein Zimmer, ein richtiges, nur etwas zu kleines Menschenzimmer, lag ruhig zwischen den vier wohlbekannten Wänden, über dem Tisch, auf dem eine auseinandergepackte Musterkollektion von Tuchwaren ausgebreitet war - Samsa war Reisender -, hing das Bild, das er vor kurzem aus einer illustrierten Zeitschrift ausgeschnitten und in einem hübschen, vergoldeten Rahmen untergebracht hatte.",Wänden,711,717,I-stative_event,O,O,O
metamorphosis,CURATION_USER_Kafka_Franz_Die_Verwandlung,6,"Es war kein Traum, sein Zimmer, ein richtiges, nur etwas zu kleines Menschenzimmer, lag ruhig zwischen den vier wohlbekannten Wänden, über dem Tisch, auf dem eine auseinandergepackte Musterkollektion von Tuchwaren ausgebreitet war - Samsa war Reisender -, hing das Bild, das er vor kurzem aus einer illustrierten Zeitschrift ausgeschnitten und in einem hübschen, vergoldeten Rahmen untergebracht hatte.",",",717,718,O,O,O,O
metamorphosis,CURATION_USER_Kafka_Franz_Die_Verwandlung,6,"Es war kein Traum, sein Zimmer, ein richtiges, nur etwas zu kleines Menschenzimmer, lag ruhig zwischen den vier wohlbekannten Wänden, über dem Tisch, auf dem eine auseinandergepackte Musterkollektion von Tuchwaren ausgebreitet war - Samsa war Reisender -, hing das Bild, das er vor kurzem aus einer illustrierten Zeitschrift ausgeschnitten und in einem hübschen, vergoldeten Rahmen untergebracht hatte.",über,719,723,B-stative_event,O,O,O
metamorphosis,CURATION_USER_Kafka_Franz_Die_Verwandlung,6,"Es war kein Traum, sein Zimmer, ein richtiges, nur etwas zu kleines Menschenzimmer, lag ruhig zwischen den vier wohlbekannten Wänden, über dem Tisch, auf dem eine auseinandergepackte Musterkollektion von Tuchwaren ausgebreitet war - Samsa war Reisender -, hing das Bild, das er vor kurzem aus einer illustrierten Zeitschrift ausgeschnitten und in einem hübschen, vergoldeten Rahmen untergebracht hatte.",dem,724,727,I-stative_event,O,O,O
metamorphosis,CURATION_USER_Kafka_Franz_Die_Verwandlung,6,"Es war kein Traum, sein Zimmer, ein richtiges, nur etwas zu kleines Menschenzimmer, lag ruhig zwischen den vier wohlbekannten Wänden, über dem Tisch, auf dem eine auseinandergepackte Musterkollektion von Tuchwaren ausgebreitet war - Samsa war Reisender -, hing das Bild, das er vor kurzem aus einer illustrierten Zeitschrift ausgeschnitten und in einem hübschen, vergoldeten Rahmen untergebracht hatte.",Tisch,728,733,I-stative_event,O,O,O
metamorphosis,CURATION_USER_Kafka_Franz_Die_Verwandlung,6,"Es war kein Traum, sein Zimmer, ein richtiges, nur etwas zu kleines Menschenzimmer, lag ruhig zwischen den vier wohlbekannten Wänden, über dem Tisch, auf dem eine auseinandergepackte Musterkollektion von Tuchwaren ausgebreitet war - Samsa war Reisender -, hing das Bild, das er vor kurzem aus einer illustrierten Zeitschrift ausgeschnitten und in einem hübschen, vergoldeten Rahmen untergebracht hatte.",",",733,734,I-stative_event,O,O,O
metamorphosis,CURATION_USER_Kafka_Franz_Die_Verwandlung,6,"Es war kein Traum, sein Zimmer, ein richtiges, nur etwas zu kleines Menschenzimmer, lag ruhig zwischen den vier wohlbekannten Wänden, über dem Tisch, auf dem eine auseinandergepackte Musterkollektion von Tuchwaren ausgebreitet war - Samsa war Reisender -, hing das Bild, das er vor kurzem aus einer illustrierten Zeitschrift ausgeschnitten und in einem hübschen, vergoldeten Rahmen untergebracht hatte.",auf,735,738,I-stative_event,B-stative_event,O,O
metamorphosis,CURATION_USER_Kafka_Franz_Die_Verwandlung,6,"Es war kein Traum, sein Zimmer, ein richtiges, nur etwas zu kleines Menschenzimmer, lag ruhig zwischen den vier wohlbekannten Wänden, über dem Tisch, auf dem eine auseinandergepackte Musterkollektion von Tuchwaren ausgebreitet war - Samsa war Reisender -, hing das Bild, das er vor kurzem aus einer illustrierten Zeitschrift ausgeschnitten und in einem hübschen, vergoldeten Rahmen untergebracht hatte.",dem,739,742,I-stative_event,I-stative_event,O,O
metamorphosis,CURATION_USER_Kafka_Franz_Die_Verwandlung,6,"Es war kein Traum, sein Zimmer, ein richtiges, nur etwas zu kleines Menschenzimmer, lag ruhig zwischen den vier wohlbekannten Wänden, über dem Tisch, auf dem eine auseinandergepackte Musterkollektion von Tuchwaren ausgebreitet war - Samsa war Reisender -, hing das Bild, das er vor kurzem aus einer illustrierten Zeitschrift ausgeschnitten und in einem hübschen, vergoldeten Rahmen untergebracht hatte.",eine,743,747,I-stative_event,I-stative_event,O,O
metamorphosis,CURATION_USER_Kafka_Franz_Die_Verwandlung,6,"Es war kein Traum, sein Zimmer, ein richtiges, nur etwas zu kleines Menschenzimmer, lag ruhig zwischen den vier wohlbekannten Wänden, über dem Tisch, auf dem eine auseinandergepackte Musterkollektion von Tuchwaren ausgebreitet war - Samsa war Reisender -, hing das Bild, das er vor kurzem aus einer illustrierten Zeitschrift ausgeschnitten und in einem hübschen, vergoldeten Rahmen untergebracht hatte.",auseinandergepackte,748,767,I-stative_event,I-stative_event,O,O
metamorphosis,CURATION_USER_Kafka_Franz_Die_Verwandlung,6,"Es war kein Traum, sein Zimmer, ein richtiges, nur etwas zu kleines Menschenzimmer, lag ruhig zwischen den vier wohlbekannten Wänden, über dem Tisch, auf dem eine auseinandergepackte Musterkollektion von Tuchwaren ausgebreitet war - Samsa war Reisender -, hing das Bild, das er vor kurzem aus einer illustrierten Zeitschrift ausgeschnitten und in einem hübschen, vergoldeten Rahmen untergebracht hatte.",Musterkollektion,768,784,I-stative_event,I-stative_event,O,O
metamorphosis,CURATION_USER_Kafka_Franz_Die_Verwandlung,6,"Es war kein Traum, sein Zimmer, ein richtiges, nur etwas zu kleines Menschenzimmer, lag ruhig zwischen den vier wohlbekannten Wänden, über dem Tisch, auf dem eine auseinandergepackte Musterkollektion von Tuchwaren ausgebreitet war - Samsa war Reisender -, hing das Bild, das er vor kurzem aus einer illustrierten Zeitschrift ausgeschnitten und in einem hübschen, vergoldeten Rahmen untergebracht hatte.",von,785,788,I-stative_event,I-stative_event,O,O
metamorphosis,CURATION_USER_Kafka_Franz_Die_Verwandlung,6,"Es war kein Traum, sein Zimmer, ein richtiges, nur etwas zu kleines Menschenzimmer, lag ruhig zwischen den vier wohlbekannten Wänden, über dem Tisch, auf dem eine auseinandergepackte Musterkollektion von Tuchwaren ausgebreitet war - Samsa war Reisender -, hing das Bild, das er vor kurzem aus einer illustrierten Zeitschrift ausgeschnitten und in einem hübschen, vergoldeten Rahmen untergebracht hatte.",Tuchwaren,789,798,I-stative_event,I-stative_event,O,O
metamorphosis,CURATION_USER_Kafka_Franz_Die_Verwandlung,6,"Es war kein Traum, sein Zimmer, ein richtiges, nur etwas zu kleines Menschenzimmer, lag ruhig zwischen den vier wohlbekannten Wänden, über dem Tisch, auf dem eine auseinandergepackte Musterkollektion von Tuchwaren ausgebreitet war - Samsa war Reisender -, hing das Bild, das er vor kurzem aus einer illustrierten Zeitschrift ausgeschnitten und in einem hübschen, vergoldeten Rahmen untergebracht hatte.",ausgebreitet,799,811,I-stative_event,I-stative_event,O,O
metamorphosis,CURATION_USER_Kafka_Franz_Die_Verwandlung,6,"Es war kein Traum, sein Zimmer, ein richtiges, nur etwas zu kleines Menschenzimmer, lag ruhig zwischen den vier wohlbekannten Wänden, über dem Tisch, auf dem eine auseinandergepackte Musterkollektion von Tuchwaren ausgebreitet war - Samsa war Reisender -, hing das Bild, das er vor kurzem aus einer illustrierten Zeitschrift ausgeschnitten und in einem hübschen, vergoldeten Rahmen untergebracht hatte.",war,812,815,I-stative_event,I-stative_event,O,O
metamorphosis,CURATION_USER_Kafka_Franz_Die_Verwandlung,6,"Es war kein Traum, sein Zimmer, ein richtiges, nur etwas zu kleines Menschenzimmer, lag ruhig zwischen den vier wohlbekannten Wänden, über dem Tisch, auf dem eine auseinandergepackte Musterkollektion von Tuchwaren ausgebreitet war - Samsa war Reisender -, hing das Bild, das er vor kurzem aus einer illustrierten Zeitschrift ausgeschnitten und in einem hübschen, vergoldeten Rahmen untergebracht hatte.",-,816,817,I-stative_event,O,O,O
metamorphosis,CURATION_USER_Kafka_Franz_Die_Verwandlung,6,"Es war kein Traum, sein Zimmer, ein richtiges, nur etwas zu kleines Menschenzimmer, lag ruhig zwischen den vier wohlbekannten Wänden, über dem Tisch, auf dem eine auseinandergepackte Musterkollektion von Tuchwaren ausgebreitet war - Samsa war Reisender -, hing das Bild, das er vor kurzem aus einer illustrierten Zeitschrift ausgeschnitten und in einem hübschen, vergoldeten Rahmen untergebracht hatte.",Samsa,818,823,I-stative_event,B-stative_event,O,O
metamorphosis,CURATION_USER_Kafka_Franz_Die_Verwandlung,6,"Es war kein Traum, sein Zimmer, ein richtiges, nur etwas zu kleines Menschenzimmer, lag ruhig zwischen den vier wohlbekannten Wänden, über dem Tisch, auf dem eine auseinandergepackte Musterkollektion von Tuchwaren ausgebreitet war - Samsa war Reisender -, hing das Bild, das er vor kurzem aus einer illustrierten Zeitschrift ausgeschnitten und in einem hübschen, vergoldeten Rahmen untergebracht hatte.",war,824,827,I-stative_event,I-stative_event,O,O
metamorphosis,CURATION_USER_Kafka_Franz_Die_Verwandlung,6,"Es war kein Traum, sein Zimmer, ein richtiges, nur etwas zu kleines Menschenzimmer, lag ruhig zwischen den vier wohlbekannten Wänden, über dem Tisch, auf dem eine auseinandergepackte Musterkollektion von Tuchwaren ausgebreitet war - Samsa war Reisender -, hing das Bild, das er vor kurzem aus einer illustrierten Zeitschrift ausgeschnitten und in einem hübschen, vergoldeten Rahmen untergebracht hatte.",Reisender,828,837,I-stative_event,I-stative_event,O,O
metamorphosis,CURATION_USER_Kafka_Franz_Die_Verwandlung,6,"Es war kein Traum, sein Zimmer, ein richtiges, nur etwas zu kleines Menschenzimmer, lag ruhig zwischen den vier wohlbekannten Wänden, über dem Tisch, auf dem eine auseinandergepackte Musterkollektion von Tuchwaren ausgebreitet war - Samsa war Reisender -, hing das Bild, das er vor kurzem aus einer illustrierten Zeitschrift ausgeschnitten und in einem hübschen, vergoldeten Rahmen untergebracht hatte.",-,838,839,I-stative_event,O,O,O
metamorphosis,CURATION_USER_Kafka_Franz_Die_Verwandlung,6,"Es war kein Traum, sein Zimmer, ein richtiges, nur etwas zu kleines Menschenzimmer, lag ruhig zwischen den vier wohlbekannten Wänden, über dem Tisch, auf dem eine auseinandergepackte Musterkollektion von Tuchwaren ausgebreitet war - Samsa war Reisender -, hing das Bild, das er vor kurzem aus einer illustrierten Zeitschrift ausgeschnitten und in einem hübschen, vergoldeten Rahmen untergebracht hatte.",",",839,840,I-stative_event,O,O,O
metamorphosis,CURATION_USER_Kafka_Franz_Die_Verwandlung,6,"Es war kein Traum, sein Zimmer, ein richtiges, nur etwas zu kleines Menschenzimmer, lag ruhig zwischen den vier wohlbekannten Wänden, über dem Tisch, auf dem eine auseinandergepackte Musterkollektion von Tuchwaren ausgebreitet war - Samsa war Reisender -, hing das Bild, das er vor kurzem aus einer illustrierten Zeitschrift ausgeschnitten und in einem hübschen, vergoldeten Rahmen untergebracht hatte.",hing,841,845,I-stative_event,O,O,O
metamorphosis,CURATION_USER_Kafka_Franz_Die_Verwandlung,6,"Es war kein Traum, sein Zimmer, ein richtiges, nur etwas zu kleines Menschenzimmer, lag ruhig zwischen den vier wohlbekannten Wänden, über dem Tisch, auf dem eine auseinandergepackte Musterkollektion von Tuchwaren ausgebreitet war - Samsa war Reisender -, hing das Bild, das er vor kurzem aus einer illustrierten Zeitschrift ausgeschnitten und in einem hübschen, vergoldeten Rahmen untergebracht hatte.",das,846,849,I-stative_event,O,O,O
metamorphosis,CURATION_USER_Kafka_Franz_Die_Verwandlung,6,"Es war kein Traum, sein Zimmer, ein richtiges, nur etwas zu kleines Menschenzimmer, lag ruhig zwischen den vier wohlbekannten Wänden, über dem Tisch, auf dem eine auseinandergepackte Musterkollektion von Tuchwaren ausgebreitet war - Samsa war Reisender -, hing das Bild, das er vor kurzem aus einer illustrierten Zeitschrift ausgeschnitten und in einem hübschen, vergoldeten Rahmen untergebracht hatte.",Bild,850,854,I-stative_event,O,O,O
metamorphosis,CURATION_USER_Kafka_Franz_Die_Verwandlung,6,"Es war kein Traum, sein Zimmer, ein richtiges, nur etwas zu kleines Menschenzimmer, lag ruhig zwischen den vier wohlbekannten Wänden, über dem Tisch, auf dem eine auseinandergepackte Musterkollektion von Tuchwaren ausgebreitet war - Samsa war Reisender -, hing das Bild, das er vor kurzem aus einer illustrierten Zeitschrift ausgeschnitten und in einem hübschen, vergoldeten Rahmen untergebracht hatte.",",",854,855,O,O,O,O
metamorphosis,CURATION_USER_Kafka_Franz_Die_Verwandlung,6,"Es war kein Traum, sein Zimmer, ein richtiges, nur etwas zu kleines Menschenzimmer, lag ruhig zwischen den vier wohlbekannten Wänden, über dem Tisch, auf dem eine auseinandergepackte Musterkollektion von Tuchwaren ausgebreitet war - Samsa war Reisender -, hing das Bild, das er vor kurzem aus einer illustrierten Zeitschrift ausgeschnitten und in einem hübschen, vergoldeten Rahmen untergebracht hatte.",das,856,859,B-process,O,O,O
metamorphosis,CURATION_USER_Kafka_Franz_Die_Verwandlung,6,"Es war kein Traum, sein Zimmer, ein richtiges, nur etwas zu kleines Menschenzimmer, lag ruhig zwischen den vier wohlbekannten Wänden, über dem Tisch, auf dem eine auseinandergepackte Musterkollektion von Tuchwaren ausgebreitet war - Samsa war Reisender -, hing das Bild, das er vor kurzem aus einer illustrierten Zeitschrift ausgeschnitten und in einem hübschen, vergoldeten Rahmen untergebracht hatte.",er,860,862,I-process,O,O,O
metamorphosis,CURATION_USER_Kafka_Franz_Die_Verwandlung,6,"Es war kein Traum, sein Zimmer, ein richtiges, nur etwas zu kleines Menschenzimmer, lag ruhig zwischen den vier wohlbekannten Wänden, über dem Tisch, auf dem eine auseinandergepackte Musterkollektion von Tuchwaren ausgebreitet war - Samsa war Reisender -, hing das Bild, das er vor kurzem aus einer illustrierten Zeitschrift ausgeschnitten und in einem hübschen, vergoldeten Rahmen untergebracht hatte.",vor,863,866,I-process,O,O,O
metamorphosis,CURATION_USER_Kafka_Franz_Die_Verwandlung,6,"Es war kein Traum, sein Zimmer, ein richtiges, nur etwas zu kleines Menschenzimmer, lag ruhig zwischen den vier wohlbekannten Wänden, über dem Tisch, auf dem eine auseinandergepackte Musterkollektion von Tuchwaren ausgebreitet war - Samsa war Reisender -, hing das Bild, das er vor kurzem aus einer illustrierten Zeitschrift ausgeschnitten und in einem hübschen, vergoldeten Rahmen untergebracht hatte.",kurzem,867,873,I-process,O,O,O
metamorphosis,CURATION_USER_Kafka_Franz_Die_Verwandlung,6,"Es war kein Traum, sein Zimmer, ein richtiges, nur etwas zu kleines Menschenzimmer, lag ruhig zwischen den vier wohlbekannten Wänden, über dem Tisch, auf dem eine auseinandergepackte Musterkollektion von Tuchwaren ausgebreitet war - Samsa war Reisender -, hing das Bild, das er vor kurzem aus einer illustrierten Zeitschrift ausgeschnitten und in einem hübschen, vergoldeten Rahmen untergebracht hatte.",aus,874,877,I-process,O,O,O
metamorphosis,CURATION_USER_Kafka_Franz_Die_Verwandlung,6,"Es war kein Traum, sein Zimmer, ein richtiges, nur etwas zu kleines Menschenzimmer, lag ruhig zwischen den vier wohlbekannten Wänden, über dem Tisch, auf dem eine auseinandergepackte Musterkollektion von Tuchwaren ausgebreitet war - Samsa war Reisender -, hing das Bild, das er vor kurzem aus einer illustrierten Zeitschrift ausgeschnitten und in einem hübschen, vergoldeten Rahmen untergebracht hatte.",einer,878,883,I-process,O,O,O
metamorphosis,CURATION_USER_Kafka_Franz_Die_Verwandlung,6,"Es war kein Traum, sein Zimmer, ein richtiges, nur etwas zu kleines Menschenzimmer, lag ruhig zwischen den vier wohlbekannten Wänden, über dem Tisch, auf dem eine auseinandergepackte Musterkollektion von Tuchwaren ausgebreitet war - Samsa war Reisender -, hing das Bild, das er vor kurzem aus einer illustrierten Zeitschrift ausgeschnitten und in einem hübschen, vergoldeten Rahmen untergebracht hatte.",illustrierten,884,897,I-process,O,O,O
metamorphosis,CURATION_USER_Kafka_Franz_Die_Verwandlung,6,"Es war kein Traum, sein Zimmer, ein richtiges, nur etwas zu kleines Menschenzimmer, lag ruhig zwischen den vier wohlbekannten Wänden, über dem Tisch, auf dem eine auseinandergepackte Musterkollektion von Tuchwaren ausgebreitet war - Samsa war Reisender -, hing das Bild, das er vor kurzem aus einer illustrierten Zeitschrift ausgeschnitten und in einem hübschen, vergoldeten Rahmen untergebracht hatte.",Zeitschrift,898,909,I-process,O,O,O
metamorphosis,CURATION_USER_Kafka_Franz_Die_Verwandlung,6,"Es war kein Traum, sein Zimmer, ein richtiges, nur etwas zu kleines Menschenzimmer, lag ruhig zwischen den vier wohlbekannten Wänden, über dem Tisch, auf dem eine auseinandergepackte Musterkollektion von Tuchwaren ausgebreitet war - Samsa war Reisender -, hing das Bild, das er vor kurzem aus einer illustrierten Zeitschrift ausgeschnitten und in einem hübschen, vergoldeten Rahmen untergebracht hatte.",ausgeschnitten,910,924,I-process,O,O,O
metamorphosis,CURATION_USER_Kafka_Franz_Die_Verwandlung,6,"Es war kein Traum, sein Zimmer, ein richtiges, nur etwas zu kleines Menschenzimmer, lag ruhig zwischen den vier wohlbekannten Wänden, über dem Tisch, auf dem eine auseinandergepackte Musterkollektion von Tuchwaren ausgebreitet war - Samsa war Reisender -, hing das Bild, das er vor kurzem aus einer illustrierten Zeitschrift ausgeschnitten und in einem hübschen, vergoldeten Rahmen untergebracht hatte.",und,925,928,B-process,O,O,O
metamorphosis,CURATION_USER_Kafka_Franz_Die_Verwandlung,6,"Es war kein Traum, sein Zimmer, ein richtiges, nur etwas zu kleines Menschenzimmer, lag ruhig zwischen den vier wohlbekannten Wänden, über dem Tisch, auf dem eine auseinandergepackte Musterkollektion von Tuchwaren ausgebreitet war - Samsa war Reisender -, hing das Bild, das er vor kurzem aus einer illustrierten Zeitschrift ausgeschnitten und in einem hübschen, vergoldeten Rahmen untergebracht hatte.",in,929,931,I-process,O,O,O
metamorphosis,CURATION_USER_Kafka_Franz_Die_Verwandlung,6,"Es war kein Traum, sein Zimmer, ein richtiges, nur etwas zu kleines Menschenzimmer, lag ruhig zwischen den vier wohlbekannten Wänden, über dem Tisch, auf dem eine auseinandergepackte Musterkollektion von Tuchwaren ausgebreitet war - Samsa war Reisender -, hing das Bild, das er vor kurzem aus einer illustrierten Zeitschrift ausgeschnitten und in einem hübschen, vergoldeten Rahmen untergebracht hatte.",einem,932,937,I-process,O,O,O
metamorphosis,CURATION_USER_Kafka_Franz_Die_Verwandlung,6,"Es war kein Traum, sein Zimmer, ein richtiges, nur etwas zu kleines Menschenzimmer, lag ruhig zwischen den vier wohlbekannten Wänden, über dem Tisch, auf dem eine auseinandergepackte Musterkollektion von Tuchwaren ausgebreitet war - Samsa war Reisender -, hing das Bild, das er vor kurzem aus einer illustrierten Zeitschrift ausgeschnitten und in einem hübschen, vergoldeten Rahmen untergebracht hatte.",hübschen,938,946,I-process,O,O,O
metamorphosis,CURATION_USER_Kafka_Franz_Die_Verwandlung,6,"Es war kein Traum, sein Zimmer, ein richtiges, nur etwas zu kleines Menschenzimmer, lag ruhig zwischen den vier wohlbekannten Wänden, über dem Tisch, auf dem eine auseinandergepackte Musterkollektion von Tuchwaren ausgebreitet war - Samsa war Reisender -, hing das Bild, das er vor kurzem aus einer illustrierten Zeitschrift ausgeschnitten und in einem hübschen, vergoldeten Rahmen untergebracht hatte.",",",946,947,I-process,O,O,O
metamorphosis,CURATION_USER_Kafka_Franz_Die_Verwandlung,6,"Es war kein Traum, sein Zimmer, ein richtiges, nur etwas zu kleines Menschenzimmer, lag ruhig zwischen den vier wohlbekannten Wänden, über dem Tisch, auf dem eine auseinandergepackte Musterkollektion von Tuchwaren ausgebreitet war - Samsa war Reisender -, hing das Bild, das er vor kurzem aus einer illustrierten Zeitschrift ausgeschnitten und in einem hübschen, vergoldeten Rahmen untergebracht hatte.",vergoldeten,948,959,I-process,O,O,O
metamorphosis,CURATION_USER_Kafka_Franz_Die_Verwandlung,6,"Es war kein Traum, sein Zimmer, ein richtiges, nur etwas zu kleines Menschenzimmer, lag ruhig zwischen den vier wohlbekannten Wänden, über dem Tisch, auf dem eine auseinandergepackte Musterkollektion von Tuchwaren ausgebreitet war - Samsa war Reisender -, hing das Bild, das er vor kurzem aus einer illustrierten Zeitschrift ausgeschnitten und in einem hübschen, vergoldeten Rahmen untergebracht hatte.",Rahmen,960,966,I-process,O,O,O
metamorphosis,CURATION_USER_Kafka_Franz_Die_Verwandlung,6,"Es war kein Traum, sein Zimmer, ein richtiges, nur etwas zu kleines Menschenzimmer, lag ruhig zwischen den vier wohlbekannten Wänden, über dem Tisch, auf dem eine auseinandergepackte Musterkollektion von Tuchwaren ausgebreitet war - Samsa war Reisender -, hing das Bild, das er vor kurzem aus einer illustrierten Zeitschrift ausgeschnitten und in einem hübschen, vergoldeten Rahmen untergebracht hatte.",untergebracht,967,980,I-process,O,O,O
metamorphosis,CURATION_USER_Kafka_Franz_Die_Verwandlung,6,"Es war kein Traum, sein Zimmer, ein richtiges, nur etwas zu kleines Menschenzimmer, lag ruhig zwischen den vier wohlbekannten Wänden, über dem Tisch, auf dem eine auseinandergepackte Musterkollektion von Tuchwaren ausgebreitet war - Samsa war Reisender -, hing das Bild, das er vor kurzem aus einer illustrierten Zeitschrift ausgeschnitten und in einem hübschen, vergoldeten Rahmen untergebracht hatte.",hatte,981,986,I-process,O,O,O
metamorphosis,CURATION_USER_Kafka_Franz_Die_Verwandlung,6,"Es war kein Traum, sein Zimmer, ein richtiges, nur etwas zu kleines Menschenzimmer, lag ruhig zwischen den vier wohlbekannten Wänden, über dem Tisch, auf dem eine auseinandergepackte Musterkollektion von Tuchwaren ausgebreitet war - Samsa war Reisender -, hing das Bild, das er vor kurzem aus einer illustrierten Zeitschrift ausgeschnitten und in einem hübschen, vergoldeten Rahmen untergebracht hatte.",.,986,987,O,O,O,O
metamorphosis,CURATION_USER_Kafka_Franz_Die_Verwandlung,7,"Es stellte eine Dame dar, die, mit einem Pelzhut und einer Pelzboa versehen, aufrecht dasaß und einen schweren Pelzmuff, in dem ihr ganzer Unterarm verschwunden war, dem Beschauer entgegenhob.",Es,988,990,B-stative_event,O,O,O
metamorphosis,CURATION_USER_Kafka_Franz_Die_Verwandlung,7,"Es stellte eine Dame dar, die, mit einem Pelzhut und einer Pelzboa versehen, aufrecht dasaß und einen schweren Pelzmuff, in dem ihr ganzer Unterarm verschwunden war, dem Beschauer entgegenhob.",stellte,991,998,I-stative_event,O,O,O
metamorphosis,CURATION_USER_Kafka_Franz_Die_Verwandlung,7,"Es stellte eine Dame dar, die, mit einem Pelzhut und einer Pelzboa versehen, aufrecht dasaß und einen schweren Pelzmuff, in dem ihr ganzer Unterarm verschwunden war, dem Beschauer entgegenhob.",eine,999,1003,I-stative_event,O,O,O
metamorphosis,CURATION_USER_Kafka_Franz_Die_Verwandlung,7,"Es stellte eine Dame dar, die, mit einem Pelzhut und einer Pelzboa versehen, aufrecht dasaß und einen schweren Pelzmuff, in dem ihr ganzer Unterarm verschwunden war, dem Beschauer entgegenhob.",Dame,1004,1008,I-stative_event,O,O,O
metamorphosis,CURATION_USER_Kafka_Franz_Die_Verwandlung,7,"Es stellte eine Dame dar, die, mit einem Pelzhut und einer Pelzboa versehen, aufrecht dasaß und einen schweren Pelzmuff, in dem ihr ganzer Unterarm verschwunden war, dem Beschauer entgegenhob.",dar,1009,1012,I-stative_event,O,O,O
metamorphosis,CURATION_USER_Kafka_Franz_Die_Verwandlung,7,"Es stellte eine Dame dar, die, mit einem Pelzhut und einer Pelzboa versehen, aufrecht dasaß und einen schweren Pelzmuff, in dem ihr ganzer Unterarm verschwunden war, dem Beschauer entgegenhob.",",",1012,1013,O,O,O,O
metamorphosis,CURATION_USER_Kafka_Franz_Die_Verwandlung,7,"Es stellte eine Dame dar, die, mit einem Pelzhut und einer Pelzboa versehen, aufrecht dasaß und einen schweren Pelzmuff, in dem ihr ganzer Unterarm verschwunden war, dem Beschauer entgegenhob.",die,1014,1017,B-stative_event,O,O,O
metamorphosis,CURATION_USER_Kafka_Franz_Die_Verwandlung,7,"Es stellte eine Dame dar, die, mit einem Pelzhut und einer Pelzboa versehen, aufrecht dasaß und einen schweren Pelzmuff, in dem ihr ganzer Unterarm verschwunden war, dem Beschauer entgegenhob.",",",1017,1018,I-stative_event,O,O,O
metamorphosis,CURATION_USER_Kafka_Franz_Die_Verwandlung,7,"Es stellte eine Dame dar, die, mit einem Pelzhut und einer Pelzboa versehen, aufrecht dasaß und einen schweren Pelzmuff, in dem ihr ganzer Unterarm verschwunden war, dem Beschauer entgegenhob.",mit,1019,1022,I-stative_event,O,O,O
metamorphosis,CURATION_USER_Kafka_Franz_Die_Verwandlung,7,"Es stellte eine Dame dar, die, mit einem Pelzhut und einer Pelzboa versehen, aufrecht dasaß und einen schweren Pelzmuff, in dem ihr ganzer Unterarm verschwunden war, dem Beschauer entgegenhob.",einem,1023,1028,I-stative_event,O,O,O
metamorphosis,CURATION_USER_Kafka_Franz_Die_Verwandlung,7,"Es stellte eine Dame dar, die, mit einem Pelzhut und einer Pelzboa versehen, aufrecht dasaß und einen schweren Pelzmuff, in dem ihr ganzer Unterarm verschwunden war, dem Beschauer entgegenhob.",Pelzhut,1029,1036,I-stative_event,O,O,O
metamorphosis,CURATION_USER_Kafka_Franz_Die_Verwandlung,7,"Es stellte eine Dame dar, die, mit einem Pelzhut und einer Pelzboa versehen, aufrecht dasaß und einen schweren Pelzmuff, in dem ihr ganzer Unterarm verschwunden war, dem Beschauer entgegenhob.",und,1037,1040,I-stative_event,O,O,O
metamorphosis,CURATION_USER_Kafka_Franz_Die_Verwandlung,7,"Es stellte eine Dame dar, die, mit einem Pelzhut und einer Pelzboa versehen, aufrecht dasaß und einen schweren Pelzmuff, in dem ihr ganzer Unterarm verschwunden war, dem Beschauer entgegenhob.",einer,1041,1046,I-stative_event,O,O,O
metamorphosis,CURATION_USER_Kafka_Franz_Die_Verwandlung,7,"Es stellte eine Dame dar, die, mit einem Pelzhut und einer Pelzboa versehen, aufrecht dasaß und einen schweren Pelzmuff, in dem ihr ganzer Unterarm verschwunden war, dem Beschauer entgegenhob.",Pelzboa,1047,1054,I-stative_event,O,O,O
metamorphosis,CURATION_USER_Kafka_Franz_Die_Verwandlung,7,"Es stellte eine Dame dar, die, mit einem Pelzhut und einer Pelzboa versehen, aufrecht dasaß und einen schweren Pelzmuff, in dem ihr ganzer Unterarm verschwunden war, dem Beschauer entgegenhob.",versehen,1055,1063,I-stative_event,O,O,O
metamorphosis,CURATION_USER_Kafka_Franz_Die_Verwandlung,7,"Es stellte eine Dame dar, die, mit einem Pelzhut und einer Pelzboa versehen, aufrecht dasaß und einen schweren Pelzmuff, in dem ihr ganzer Unterarm verschwunden war, dem Beschauer entgegenhob.",",",1063,1064,I-stative_event,O,O,O
metamorphosis,CURATION_USER_Kafka_Franz_Die_Verwandlung,7,"Es stellte eine Dame dar, die, mit einem Pelzhut und einer Pelzboa versehen, aufrecht dasaß und einen schweren Pelzmuff, in dem ihr ganzer Unterarm verschwunden war, dem Beschauer entgegenhob.",aufrecht,1065,1073,I-stative_event,O,O,O
metamorphosis,CURATION_USER_Kafka_Franz_Die_Verwandlung,7,"Es stellte eine Dame dar, die, mit einem Pelzhut und einer Pelzboa versehen, aufrecht dasaß und einen schweren Pelzmuff, in dem ihr ganzer Unterarm verschwunden war, dem Beschauer entgegenhob.",dasaß,1074,1079,I-stative_event,O,O,O
metamorphosis,CURATION_USER_Kafka_Franz_Die_Verwandlung,7,"Es stellte eine Dame dar, die, mit einem Pelzhut und einer Pelzboa versehen, aufrecht dasaß und einen schweren Pelzmuff, in dem ihr ganzer Unterarm verschwunden war, dem Beschauer entgegenhob.",und,1080,1083,B-stative_event,O,O,O
metamorphosis,CURATION_USER_Kafka_Franz_Die_Verwandlung,7,"Es stellte eine Dame dar, die, mit einem Pelzhut und einer Pelzboa versehen, aufrecht dasaß und einen schweren Pelzmuff, in dem ihr ganzer Unterarm verschwunden war, dem Beschauer entgegenhob.",einen,1084,1089,I-stative_event,O,O,O
metamorphosis,CURATION_USER_Kafka_Franz_Die_Verwandlung,7,"Es stellte eine Dame dar, die, mit einem Pelzhut und einer Pelzboa versehen, aufrecht dasaß und einen schweren Pelzmuff, in dem ihr ganzer Unterarm verschwunden war, dem Beschauer entgegenhob.",schweren,1090,1098,I-stative_event,O,O,O
metamorphosis,CURATION_USER_Kafka_Franz_Die_Verwandlung,7,"Es stellte eine Dame dar, die, mit einem Pelzhut und einer Pelzboa versehen, aufrecht dasaß und einen schweren Pelzmuff, in dem ihr ganzer Unterarm verschwunden war, dem Beschauer entgegenhob.",Pelzmuff,1099,1107,I-stative_event,O,O,O
metamorphosis,CURATION_USER_Kafka_Franz_Die_Verwandlung,7,"Es stellte eine Dame dar, die, mit einem Pelzhut und einer Pelzboa versehen, aufrecht dasaß und einen schweren Pelzmuff, in dem ihr ganzer Unterarm verschwunden war, dem Beschauer entgegenhob.",",",1107,1108,I-stative_event,O,O,O
metamorphosis,CURATION_USER_Kafka_Franz_Die_Verwandlung,7,"Es stellte eine Dame dar, die, mit einem Pelzhut und einer Pelzboa versehen, aufrecht dasaß und einen schweren Pelzmuff, in dem ihr ganzer Unterarm verschwunden war, dem Beschauer entgegenhob.",in,1109,1111,I-stative_event,B-stative_event,O,O
metamorphosis,CURATION_USER_Kafka_Franz_Die_Verwandlung,7,"Es stellte eine Dame dar, die, mit einem Pelzhut und einer Pelzboa versehen, aufrecht dasaß und einen schweren Pelzmuff, in dem ihr ganzer Unterarm verschwunden war, dem Beschauer entgegenhob.",dem,1112,1115,I-stative_event,I-stative_event,O,O
metamorphosis,CURATION_USER_Kafka_Franz_Die_Verwandlung,7,"Es stellte eine Dame dar, die, mit einem Pelzhut und einer Pelzboa versehen, aufrecht dasaß und einen schweren Pelzmuff, in dem ihr ganzer Unterarm verschwunden war, dem Beschauer entgegenhob.",ihr,1116,1119,I-stative_event,I-stative_event,O,O
metamorphosis,CURATION_USER_Kafka_Franz_Die_Verwandlung,7,"Es stellte eine Dame dar, die, mit einem Pelzhut und einer Pelzboa versehen, aufrecht dasaß und einen schweren Pelzmuff, in dem ihr ganzer Unterarm verschwunden war, dem Beschauer entgegenhob.",ganzer,1120,1126,I-stative_event,I-stative_event,O,O
metamorphosis,CURATION_USER_Kafka_Franz_Die_Verwandlung,7,"Es stellte eine Dame dar, die, mit einem Pelzhut und einer Pelzboa versehen, aufrecht dasaß und einen schweren Pelzmuff, in dem ihr ganzer Unterarm verschwunden war, dem Beschauer entgegenhob.",Unterarm,1127,1135,I-stative_event,I-stative_event,O,O
metamorphosis,CURATION_USER_Kafka_Franz_Die_Verwandlung,7,"Es stellte eine Dame dar, die, mit einem Pelzhut und einer Pelzboa versehen, aufrecht dasaß und einen schweren Pelzmuff, in dem ihr ganzer Unterarm verschwunden war, dem Beschauer entgegenhob.",verschwunden,1136,1148,I-stative_event,I-stative_event,O,O
metamorphosis,CURATION_USER_Kafka_Franz_Die_Verwandlung,7,"Es stellte eine Dame dar, die, mit einem Pelzhut und einer Pelzboa versehen, aufrecht dasaß und einen schweren Pelzmuff, in dem ihr ganzer Unterarm verschwunden war, dem Beschauer entgegenhob.",war,1149,1152,I-stative_event,I-stative_event,O,O
metamorphosis,CURATION_USER_Kafka_Franz_Die_Verwandlung,7,"Es stellte eine Dame dar, die, mit einem Pelzhut und einer Pelzboa versehen, aufrecht dasaß und einen schweren Pelzmuff, in dem ihr ganzer Unterarm verschwunden war, dem Beschauer entgegenhob.",",",1152,1153,I-stative_event,O,O,O
metamorphosis,CURATION_USER_Kafka_Franz_Die_Verwandlung,7,"Es stellte eine Dame dar, die, mit einem Pelzhut und einer Pelzboa versehen, aufrecht dasaß und einen schweren Pelzmuff, in dem ihr ganzer Unterarm verschwunden war, dem Beschauer entgegenhob.",dem,1154,1157,I-stative_event,O,O,O
metamorphosis,CURATION_USER_Kafka_Franz_Die_Verwandlung,7,"Es stellte eine Dame dar, die, mit einem Pelzhut und einer Pelzboa versehen, aufrecht dasaß und einen schweren Pelzmuff, in dem ihr ganzer Unterarm verschwunden war, dem Beschauer entgegenhob.",Beschauer,1158,1167,I-stative_event,O,O,O
metamorphosis,CURATION_USER_Kafka_Franz_Die_Verwandlung,7,"Es stellte eine Dame dar, die, mit einem Pelzhut und einer Pelzboa versehen, aufrecht dasaß und einen schweren Pelzmuff, in dem ihr ganzer Unterarm verschwunden war, dem Beschauer entgegenhob.",entgegenhob,1168,1179,I-stative_event,O,O,O
metamorphosis,CURATION_USER_Kafka_Franz_Die_Verwandlung,7,"Es stellte eine Dame dar, die, mit einem Pelzhut und einer Pelzboa versehen, aufrecht dasaß und einen schweren Pelzmuff, in dem ihr ganzer Unterarm verschwunden war, dem Beschauer entgegenhob.",.,1179,1180,O,O,O,O
metamorphosis,CURATION_USER_Kafka_Franz_Die_Verwandlung,8,"Gregors Blick richtete sich dann zum Fenster, und das trübe Wetter - man hörte Regentropfen auf das Fensterblech aufschlagen - machte ihn ganz melancholisch. »Wie wäre es, wenn ich noch ein wenig weiterschliefe und alle Narrheiten vergäße,« dachte er, aber das war gänzlich undurchführbar, denn er war gewöhnt, auf der rechten Seite zu schlafen, konnte sich aber in seinem gegenwärtigen Zustand nicht in diese Lage bringen.",Gregors,1182,1189,B-process,O,O,O
metamorphosis,CURATION_USER_Kafka_Franz_Die_Verwandlung,8,"Gregors Blick richtete sich dann zum Fenster, und das trübe Wetter - man hörte Regentropfen auf das Fensterblech aufschlagen - machte ihn ganz melancholisch. »Wie wäre es, wenn ich noch ein wenig weiterschliefe und alle Narrheiten vergäße,« dachte er, aber das war gänzlich undurchführbar, denn er war gewöhnt, auf der rechten Seite zu schlafen, konnte sich aber in seinem gegenwärtigen Zustand nicht in diese Lage bringen.",Blick,1190,1195,I-process,O,O,O
metamorphosis,CURATION_USER_Kafka_Franz_Die_Verwandlung,8,"Gregors Blick richtete sich dann zum Fenster, und das trübe Wetter - man hörte Regentropfen auf das Fensterblech aufschlagen - machte ihn ganz melancholisch. »Wie wäre es, wenn ich noch ein wenig weiterschliefe und alle Narrheiten vergäße,« dachte er, aber das war gänzlich undurchführbar, denn er war gewöhnt, auf der rechten Seite zu schlafen, konnte sich aber in seinem gegenwärtigen Zustand nicht in diese Lage bringen.",richtete,1196,1204,I-process,O,O,O
metamorphosis,CURATION_USER_Kafka_Franz_Die_Verwandlung,8,"Gregors Blick richtete sich dann zum Fenster, und das trübe Wetter - man hörte Regentropfen auf das Fensterblech aufschlagen - machte ihn ganz melancholisch. »Wie wäre es, wenn ich noch ein wenig weiterschliefe und alle Narrheiten vergäße,« dachte er, aber das war gänzlich undurchführbar, denn er war gewöhnt, auf der rechten Seite zu schlafen, konnte sich aber in seinem gegenwärtigen Zustand nicht in diese Lage bringen.",sich,1205,1209,I-process,O,O,O
metamorphosis,CURATION_USER_Kafka_Franz_Die_Verwandlung,8,"Gregors Blick richtete sich dann zum Fenster, und das trübe Wetter - man hörte Regentropfen auf das Fensterblech aufschlagen - machte ihn ganz melancholisch. »Wie wäre es, wenn ich noch ein wenig weiterschliefe und alle Narrheiten vergäße,« dachte er, aber das war gänzlich undurchführbar, denn er war gewöhnt, auf der rechten Seite zu schlafen, konnte sich aber in seinem gegenwärtigen Zustand nicht in diese Lage bringen.",dann,1210,1214,I-process,O,O,O
metamorphosis,CURATION_USER_Kafka_Franz_Die_Verwandlung,8,"Gregors Blick richtete sich dann zum Fenster, und das trübe Wetter - man hörte Regentropfen auf das Fensterblech aufschlagen - machte ihn ganz melancholisch. »Wie wäre es, wenn ich noch ein wenig weiterschliefe und alle Narrheiten vergäße,« dachte er, aber das war gänzlich undurchführbar, denn er war gewöhnt, auf der rechten Seite zu schlafen, konnte sich aber in seinem gegenwärtigen Zustand nicht in diese Lage bringen.",zum,1215,1218,I-process,O,O,O
metamorphosis,CURATION_USER_Kafka_Franz_Die_Verwandlung,8,"Gregors Blick richtete sich dann zum Fenster, und das trübe Wetter - man hörte Regentropfen auf das Fensterblech aufschlagen - machte ihn ganz melancholisch. »Wie wäre es, wenn ich noch ein wenig weiterschliefe und alle Narrheiten vergäße,« dachte er, aber das war gänzlich undurchführbar, denn er war gewöhnt, auf der rechten Seite zu schlafen, konnte sich aber in seinem gegenwärtigen Zustand nicht in diese Lage bringen.",Fenster,1219,1226,I-process,O,O,O
metamorphosis,CURATION_USER_Kafka_Franz_Die_Verwandlung,8,"Gregors Blick richtete sich dann zum Fenster, und das trübe Wetter - man hörte Regentropfen auf das Fensterblech aufschlagen - machte ihn ganz melancholisch. »Wie wäre es, wenn ich noch ein wenig weiterschliefe und alle Narrheiten vergäße,« dachte er, aber das war gänzlich undurchführbar, denn er war gewöhnt, auf der rechten Seite zu schlafen, konnte sich aber in seinem gegenwärtigen Zustand nicht in diese Lage bringen.",",",1226,1227,O,O,O,O
metamorphosis,CURATION_USER_Kafka_Franz_Die_Verwandlung,8,"Gregors Blick richtete sich dann zum Fenster, und das trübe Wetter - man hörte Regentropfen auf das Fensterblech aufschlagen - machte ihn ganz melancholisch. »Wie wäre es, wenn ich noch ein wenig weiterschliefe und alle Narrheiten vergäße,« dachte er, aber das war gänzlich undurchführbar, denn er war gewöhnt, auf der rechten Seite zu schlafen, konnte sich aber in seinem gegenwärtigen Zustand nicht in diese Lage bringen.",und,1228,1231,B-change_of_state,O,O,O
metamorphosis,CURATION_USER_Kafka_Franz_Die_Verwandlung,8,"Gregors Blick richtete sich dann zum Fenster, und das trübe Wetter - man hörte Regentropfen auf das Fensterblech aufschlagen - machte ihn ganz melancholisch. »Wie wäre es, wenn ich noch ein wenig weiterschliefe und alle Narrheiten vergäße,« dachte er, aber das war gänzlich undurchführbar, denn er war gewöhnt, auf der rechten Seite zu schlafen, konnte sich aber in seinem gegenwärtigen Zustand nicht in diese Lage bringen.",das,1232,1235,I-change_of_state,O,O,O
metamorphosis,CURATION_USER_Kafka_Franz_Die_Verwandlung,8,"Gregors Blick richtete sich dann zum Fenster, und das trübe Wetter - man hörte Regentropfen auf das Fensterblech aufschlagen - machte ihn ganz melancholisch. »Wie wäre es, wenn ich noch ein wenig weiterschliefe und alle Narrheiten vergäße,« dachte er, aber das war gänzlich undurchführbar, denn er war gewöhnt, auf der rechten Seite zu schlafen, konnte sich aber in seinem gegenwärtigen Zustand nicht in diese Lage bringen.",trübe,1236,1241,I-change_of_state,O,O,O
metamorphosis,CURATION_USER_Kafka_Franz_Die_Verwandlung,8,"Gregors Blick richtete sich dann zum Fenster, und das trübe Wetter - man hörte Regentropfen auf das Fensterblech aufschlagen - machte ihn ganz melancholisch. »Wie wäre es, wenn ich noch ein wenig weiterschliefe und alle Narrheiten vergäße,« dachte er, aber das war gänzlich undurchführbar, denn er war gewöhnt, auf der rechten Seite zu schlafen, konnte sich aber in seinem gegenwärtigen Zustand nicht in diese Lage bringen.",Wetter,1242,1248,I-change_of_state,O,O,O
metamorphosis,CURATION_USER_Kafka_Franz_Die_Verwandlung,8,"Gregors Blick richtete sich dann zum Fenster, und das trübe Wetter - man hörte Regentropfen auf das Fensterblech aufschlagen - machte ihn ganz melancholisch. »Wie wäre es, wenn ich noch ein wenig weiterschliefe und alle Narrheiten vergäße,« dachte er, aber das war gänzlich undurchführbar, denn er war gewöhnt, auf der rechten Seite zu schlafen, konnte sich aber in seinem gegenwärtigen Zustand nicht in diese Lage bringen.",-,1249,1250,I-change_of_state,O,O,O
metamorphosis,CURATION_USER_Kafka_Franz_Die_Verwandlung,8,"Gregors Blick richtete sich dann zum Fenster, und das trübe Wetter - man hörte Regentropfen auf das Fensterblech aufschlagen - machte ihn ganz melancholisch. »Wie wäre es, wenn ich noch ein wenig weiterschliefe und alle Narrheiten vergäße,« dachte er, aber das war gänzlich undurchführbar, denn er war gewöhnt, auf der rechten Seite zu schlafen, konnte sich aber in seinem gegenwärtigen Zustand nicht in diese Lage bringen.",man,1251,1254,I-change_of_state,B-process,O,O
metamorphosis,CURATION_USER_Kafka_Franz_Die_Verwandlung,8,"Gregors Blick richtete sich dann zum Fenster, und das trübe Wetter - man hörte Regentropfen auf das Fensterblech aufschlagen - machte ihn ganz melancholisch. »Wie wäre es, wenn ich noch ein wenig weiterschliefe und alle Narrheiten vergäße,« dachte er, aber das war gänzlich undurchführbar, denn er war gewöhnt, auf der rechten Seite zu schlafen, konnte sich aber in seinem gegenwärtigen Zustand nicht in diese Lage bringen.",hörte,1255,1260,I-change_of_state,I-process,O,O
metamorphosis,CURATION_USER_Kafka_Franz_Die_Verwandlung,8,"Gregors Blick richtete sich dann zum Fenster, und das trübe Wetter - man hörte Regentropfen auf das Fensterblech aufschlagen - machte ihn ganz melancholisch. »Wie wäre es, wenn ich noch ein wenig weiterschliefe und alle Narrheiten vergäße,« dachte er, aber das war gänzlich undurchführbar, denn er war gewöhnt, auf der rechten Seite zu schlafen, konnte sich aber in seinem gegenwärtigen Zustand nicht in diese Lage bringen.",Regentropfen,1261,1273,I-change_of_state,I-process,O,O
metamorphosis,CURATION_USER_Kafka_Franz_Die_Verwandlung,8,"Gregors Blick richtete sich dann zum Fenster, und das trübe Wetter - man hörte Regentropfen auf das Fensterblech aufschlagen - machte ihn ganz melancholisch. »Wie wäre es, wenn ich noch ein wenig weiterschliefe und alle Narrheiten vergäße,« dachte er, aber das war gänzlich undurchführbar, denn er war gewöhnt, auf der rechten Seite zu schlafen, konnte sich aber in seinem gegenwärtigen Zustand nicht in diese Lage bringen.",auf,1274,1277,I-change_of_state,I-process,O,O
metamorphosis,CURATION_USER_Kafka_Franz_Die_Verwandlung,8,"Gregors Blick richtete sich dann zum Fenster, und das trübe Wetter - man hörte Regentropfen auf das Fensterblech aufschlagen - machte ihn ganz melancholisch. »Wie wäre es, wenn ich noch ein wenig weiterschliefe und alle Narrheiten vergäße,« dachte er, aber das war gänzlich undurchführbar, denn er war gewöhnt, auf der rechten Seite zu schlafen, konnte sich aber in seinem gegenwärtigen Zustand nicht in diese Lage bringen.",das,1278,1281,I-change_of_state,I-process,O,O
metamorphosis,CURATION_USER_Kafka_Franz_Die_Verwandlung,8,"Gregors Blick richtete sich dann zum Fenster, und das trübe Wetter - man hörte Regentropfen auf das Fensterblech aufschlagen - machte ihn ganz melancholisch. »Wie wäre es, wenn ich noch ein wenig weiterschliefe und alle Narrheiten vergäße,« dachte er, aber das war gänzlich undurchführbar, denn er war gewöhnt, auf der rechten Seite zu schlafen, konnte sich aber in seinem gegenwärtigen Zustand nicht in diese Lage bringen.",Fensterblech,1282,1294,I-change_of_state,I-process,O,O
metamorphosis,CURATION_USER_Kafka_Franz_Die_Verwandlung,8,"Gregors Blick richtete sich dann zum Fenster, und das trübe Wetter - man hörte Regentropfen auf das Fensterblech aufschlagen - machte ihn ganz melancholisch. »Wie wäre es, wenn ich noch ein wenig weiterschliefe und alle Narrheiten vergäße,« dachte er, aber das war gänzlich undurchführbar, denn er war gewöhnt, auf der rechten Seite zu schlafen, konnte sich aber in seinem gegenwärtigen Zustand nicht in diese Lage bringen.",aufschlagen,1295,1306,I-change_of_state,I-process,O,O
metamorphosis,CURATION_USER_Kafka_Franz_Die_Verwandlung,8,"Gregors Blick richtete sich dann zum Fenster, und das trübe Wetter - man hörte Regentropfen auf das Fensterblech aufschlagen - machte ihn ganz melancholisch. »Wie wäre es, wenn ich noch ein wenig weiterschliefe und alle Narrheiten vergäße,« dachte er, aber das war gänzlich undurchführbar, denn er war gewöhnt, auf der rechten Seite zu schlafen, konnte sich aber in seinem gegenwärtigen Zustand nicht in diese Lage bringen.",-,1307,1308,I-change_of_state,O,O,O
metamorphosis,CURATION_USER_Kafka_Franz_Die_Verwandlung,8,"Gregors Blick richtete sich dann zum Fenster, und das trübe Wetter - man hörte Regentropfen auf das Fensterblech aufschlagen - machte ihn ganz melancholisch. »Wie wäre es, wenn ich noch ein wenig weiterschliefe und alle Narrheiten vergäße,« dachte er, aber das war gänzlich undurchführbar, denn er war gewöhnt, auf der rechten Seite zu schlafen, konnte sich aber in seinem gegenwärtigen Zustand nicht in diese Lage bringen.",machte,1309,1315,I-change_of_state,O,O,O
metamorphosis,CURATION_USER_Kafka_Franz_Die_Verwandlung,8,"Gregors Blick richtete sich dann zum Fenster, und das trübe Wetter - man hörte Regentropfen auf das Fensterblech aufschlagen - machte ihn ganz melancholisch. »Wie wäre es, wenn ich noch ein wenig weiterschliefe und alle Narrheiten vergäße,« dachte er, aber das war gänzlich undurchführbar, denn er war gewöhnt, auf der rechten Seite zu schlafen, konnte sich aber in seinem gegenwärtigen Zustand nicht in diese Lage bringen.",ihn,1316,1319,I-change_of_state,O,O,O
metamorphosis,CURATION_USER_Kafka_Franz_Die_Verwandlung,8,"Gregors Blick richtete sich dann zum Fenster, und das trübe Wetter - man hörte Regentropfen auf das Fensterblech aufschlagen - machte ihn ganz melancholisch. »Wie wäre es, wenn ich noch ein wenig weiterschliefe und alle Narrheiten vergäße,« dachte er, aber das war gänzlich undurchführbar, denn er war gewöhnt, auf der rechten Seite zu schlafen, konnte sich aber in seinem gegenwärtigen Zustand nicht in diese Lage bringen.",ganz,1320,1324,I-change_of_state,O,O,O
metamorphosis,CURATION_USER_Kafka_Franz_Die_Verwandlung,8,"Gregors Blick richtete sich dann zum Fenster, und das trübe Wetter - man hörte Regentropfen auf das Fensterblech aufschlagen - machte ihn ganz melancholisch. »Wie wäre es, wenn ich noch ein wenig weiterschliefe und alle Narrheiten vergäße,« dachte er, aber das war gänzlich undurchführbar, denn er war gewöhnt, auf der rechten Seite zu schlafen, konnte sich aber in seinem gegenwärtigen Zustand nicht in diese Lage bringen.",melancholisch,1325,1338,I-change_of_state,O,O,O
metamorphosis,CURATION_USER_Kafka_Franz_Die_Verwandlung,8,"Gregors Blick richtete sich dann zum Fenster, und das trübe Wetter - man hörte Regentropfen auf das Fensterblech aufschlagen - machte ihn ganz melancholisch. »Wie wäre es, wenn ich noch ein wenig weiterschliefe und alle Narrheiten vergäße,« dachte er, aber das war gänzlich undurchführbar, denn er war gewöhnt, auf der rechten Seite zu schlafen, konnte sich aber in seinem gegenwärtigen Zustand nicht in diese Lage bringen.",.,1338,1339,O,O,O,O
metamorphosis,CURATION_USER_Kafka_Franz_Die_Verwandlung,8,"Gregors Blick richtete sich dann zum Fenster, und das trübe Wetter - man hörte Regentropfen auf das Fensterblech aufschlagen - machte ihn ganz melancholisch. »Wie wäre es, wenn ich noch ein wenig weiterschliefe und alle Narrheiten vergäße,« dachte er, aber das war gänzlich undurchführbar, denn er war gewöhnt, auf der rechten Seite zu schlafen, konnte sich aber in seinem gegenwärtigen Zustand nicht in diese Lage bringen.",»,1340,1341,O,O,O,O
metamorphosis,CURATION_USER_Kafka_Franz_Die_Verwandlung,8,"Gregors Blick richtete sich dann zum Fenster, und das trübe Wetter - man hörte Regentropfen auf das Fensterblech aufschlagen - machte ihn ganz melancholisch. »Wie wäre es, wenn ich noch ein wenig weiterschliefe und alle Narrheiten vergäße,« dachte er, aber das war gänzlich undurchführbar, denn er war gewöhnt, auf der rechten Seite zu schlafen, konnte sich aber in seinem gegenwärtigen Zustand nicht in diese Lage bringen.",Wie,1341,1344,B-non_event,O,B-Direct thought,O
metamorphosis,CURATION_USER_Kafka_Franz_Die_Verwandlung,8,"Gregors Blick richtete sich dann zum Fenster, und das trübe Wetter - man hörte Regentropfen auf das Fensterblech aufschlagen - machte ihn ganz melancholisch. »Wie wäre es, wenn ich noch ein wenig weiterschliefe und alle Narrheiten vergäße,« dachte er, aber das war gänzlich undurchführbar, denn er war gewöhnt, auf der rechten Seite zu schlafen, konnte sich aber in seinem gegenwärtigen Zustand nicht in diese Lage bringen.",wäre,1345,1349,I-non_event,O,I-Direct thought,O
metamorphosis,CURATION_USER_Kafka_Franz_Die_Verwandlung,8,"Gregors Blick richtete sich dann zum Fenster, und das trübe Wetter - man hörte Regentropfen auf das Fensterblech aufschlagen - machte ihn ganz melancholisch. »Wie wäre es, wenn ich noch ein wenig weiterschliefe und alle Narrheiten vergäße,« dachte er, aber das war gänzlich undurchführbar, denn er war gewöhnt, auf der rechten Seite zu schlafen, konnte sich aber in seinem gegenwärtigen Zustand nicht in diese Lage bringen.",es,1350,1352,I-non_event,O,I-Direct thought,O
metamorphosis,CURATION_USER_Kafka_Franz_Die_Verwandlung,8,"Gregors Blick richtete sich dann zum Fenster, und das trübe Wetter - man hörte Regentropfen auf das Fensterblech aufschlagen - machte ihn ganz melancholisch. »Wie wäre es, wenn ich noch ein wenig weiterschliefe und alle Narrheiten vergäße,« dachte er, aber das war gänzlich undurchführbar, denn er war gewöhnt, auf der rechten Seite zu schlafen, konnte sich aber in seinem gegenwärtigen Zustand nicht in diese Lage bringen.",",",1352,1353,O,O,O,O
metamorphosis,CURATION_USER_Kafka_Franz_Die_Verwandlung,8,"Gregors Blick richtete sich dann zum Fenster, und das trübe Wetter - man hörte Regentropfen auf das Fensterblech aufschlagen - machte ihn ganz melancholisch. »Wie wäre es, wenn ich noch ein wenig weiterschliefe und alle Narrheiten vergäße,« dachte er, aber das war gänzlich undurchführbar, denn er war gewöhnt, auf der rechten Seite zu schlafen, konnte sich aber in seinem gegenwärtigen Zustand nicht in diese Lage bringen.",wenn,1354,1358,B-non_event,O,B-Direct thought,O
metamorphosis,CURATION_USER_Kafka_Franz_Die_Verwandlung,8,"Gregors Blick richtete sich dann zum Fenster, und das trübe Wetter - man hörte Regentropfen auf das Fensterblech aufschlagen - machte ihn ganz melancholisch. »Wie wäre es, wenn ich noch ein wenig weiterschliefe und alle Narrheiten vergäße,« dachte er, aber das war gänzlich undurchführbar, denn er war gewöhnt, auf der rechten Seite zu schlafen, konnte sich aber in seinem gegenwärtigen Zustand nicht in diese Lage bringen.",ich,1359,1362,I-non_event,O,I-Direct thought,O
metamorphosis,CURATION_USER_Kafka_Franz_Die_Verwandlung,8,"Gregors Blick richtete sich dann zum Fenster, und das trübe Wetter - man hörte Regentropfen auf das Fensterblech aufschlagen - machte ihn ganz melancholisch. »Wie wäre es, wenn ich noch ein wenig weiterschliefe und alle Narrheiten vergäße,« dachte er, aber das war gänzlich undurchführbar, denn er war gewöhnt, auf der rechten Seite zu schlafen, konnte sich aber in seinem gegenwärtigen Zustand nicht in diese Lage bringen.",noch,1363,1367,I-non_event,O,I-Direct thought,O
metamorphosis,CURATION_USER_Kafka_Franz_Die_Verwandlung,8,"Gregors Blick richtete sich dann zum Fenster, und das trübe Wetter - man hörte Regentropfen auf das Fensterblech aufschlagen - machte ihn ganz melancholisch. »Wie wäre es, wenn ich noch ein wenig weiterschliefe und alle Narrheiten vergäße,« dachte er, aber das war gänzlich undurchführbar, denn er war gewöhnt, auf der rechten Seite zu schlafen, konnte sich aber in seinem gegenwärtigen Zustand nicht in diese Lage bringen.",ein,1368,1371,I-non_event,O,I-Direct thought,O
metamorphosis,CURATION_USER_Kafka_Franz_Die_Verwandlung,8,"Gregors Blick richtete sich dann zum Fenster, und das trübe Wetter - man hörte Regentropfen auf das Fensterblech aufschlagen - machte ihn ganz melancholisch. »Wie wäre es, wenn ich noch ein wenig weiterschliefe und alle Narrheiten vergäße,« dachte er, aber das war gänzlich undurchführbar, denn er war gewöhnt, auf der rechten Seite zu schlafen, konnte sich aber in seinem gegenwärtigen Zustand nicht in diese Lage bringen.",wenig,1372,1377,I-non_event,O,I-Direct thought,O
metamorphosis,CURATION_USER_Kafka_Franz_Die_Verwandlung,8,"Gregors Blick richtete sich dann zum Fenster, und das trübe Wetter - man hörte Regentropfen auf das Fensterblech aufschlagen - machte ihn ganz melancholisch. »Wie wäre es, wenn ich noch ein wenig weiterschliefe und alle Narrheiten vergäße,« dachte er, aber das war gänzlich undurchführbar, denn er war gewöhnt, auf der rechten Seite zu schlafen, konnte sich aber in seinem gegenwärtigen Zustand nicht in diese Lage bringen.",weiterschliefe,1378,1392,I-non_event,O,I-Direct thought,O
metamorphosis,CURATION_USER_Kafka_Franz_Die_Verwandlung,8,"Gregors Blick richtete sich dann zum Fenster, und das trübe Wetter - man hörte Regentropfen auf das Fensterblech aufschlagen - machte ihn ganz melancholisch. »Wie wäre es, wenn ich noch ein wenig weiterschliefe und alle Narrheiten vergäße,« dachte er, aber das war gänzlich undurchführbar, denn er war gewöhnt, auf der rechten Seite zu schlafen, konnte sich aber in seinem gegenwärtigen Zustand nicht in diese Lage bringen.",und,1393,1396,B-non_event,O,B-Direct thought,O
metamorphosis,CURATION_USER_Kafka_Franz_Die_Verwandlung,8,"Gregors Blick richtete sich dann zum Fenster, und das trübe Wetter - man hörte Regentropfen auf das Fensterblech aufschlagen - machte ihn ganz melancholisch. »Wie wäre es, wenn ich noch ein wenig weiterschliefe und alle Narrheiten vergäße,« dachte er, aber das war gänzlich undurchführbar, denn er war gewöhnt, auf der rechten Seite zu schlafen, konnte sich aber in seinem gegenwärtigen Zustand nicht in diese Lage bringen.",alle,1397,1401,I-non_event,O,I-Direct thought,O
metamorphosis,CURATION_USER_Kafka_Franz_Die_Verwandlung,8,"Gregors Blick richtete sich dann zum Fenster, und das trübe Wetter - man hörte Regentropfen auf das Fensterblech aufschlagen - machte ihn ganz melancholisch. »Wie wäre es, wenn ich noch ein wenig weiterschliefe und alle Narrheiten vergäße,« dachte er, aber das war gänzlich undurchführbar, denn er war gewöhnt, auf der rechten Seite zu schlafen, konnte sich aber in seinem gegenwärtigen Zustand nicht in diese Lage bringen.",Narrheiten,1402,1412,I-non_event,O,I-Direct thought,O
metamorphosis,CURATION_USER_Kafka_Franz_Die_Verwandlung,8,"Gregors Blick richtete sich dann zum Fenster, und das trübe Wetter - man hörte Regentropfen auf das Fensterblech aufschlagen - machte ihn ganz melancholisch. »Wie wäre es, wenn ich noch ein wenig weiterschliefe und alle Narrheiten vergäße,« dachte er, aber das war gänzlich undurchführbar, denn er war gewöhnt, auf der rechten Seite zu schlafen, konnte sich aber in seinem gegenwärtigen Zustand nicht in diese Lage bringen.",vergäße,1413,1420,I-non_event,O,I-Direct thought,O
metamorphosis,CURATION_USER_Kafka_Franz_Die_Verwandlung,8,"Gregors Blick richtete sich dann zum Fenster, und das trübe Wetter - man hörte Regentropfen auf das Fensterblech aufschlagen - machte ihn ganz melancholisch. »Wie wäre es, wenn ich noch ein wenig weiterschliefe und alle Narrheiten vergäße,« dachte er, aber das war gänzlich undurchführbar, denn er war gewöhnt, auf der rechten Seite zu schlafen, konnte sich aber in seinem gegenwärtigen Zustand nicht in diese Lage bringen.",",",1420,1421,O,O,O,O
metamorphosis,CURATION_USER_Kafka_Franz_Die_Verwandlung,8,"Gregors Blick richtete sich dann zum Fenster, und das trübe Wetter - man hörte Regentropfen auf das Fensterblech aufschlagen - machte ihn ganz melancholisch. »Wie wäre es, wenn ich noch ein wenig weiterschliefe und alle Narrheiten vergäße,« dachte er, aber das war gänzlich undurchführbar, denn er war gewöhnt, auf der rechten Seite zu schlafen, konnte sich aber in seinem gegenwärtigen Zustand nicht in diese Lage bringen.",«,1421,1422,O,O,O,O
metamorphosis,CURATION_USER_Kafka_Franz_Die_Verwandlung,8,"Gregors Blick richtete sich dann zum Fenster, und das trübe Wetter - man hörte Regentropfen auf das Fensterblech aufschlagen - machte ihn ganz melancholisch. »Wie wäre es, wenn ich noch ein wenig weiterschliefe und alle Narrheiten vergäße,« dachte er, aber das war gänzlich undurchführbar, denn er war gewöhnt, auf der rechten Seite zu schlafen, konnte sich aber in seinem gegenwärtigen Zustand nicht in diese Lage bringen.",dachte,1423,1429,B-process,O,O,O
metamorphosis,CURATION_USER_Kafka_Franz_Die_Verwandlung,8,"Gregors Blick richtete sich dann zum Fenster, und das trübe Wetter - man hörte Regentropfen auf das Fensterblech aufschlagen - machte ihn ganz melancholisch. »Wie wäre es, wenn ich noch ein wenig weiterschliefe und alle Narrheiten vergäße,« dachte er, aber das war gänzlich undurchführbar, denn er war gewöhnt, auf der rechten Seite zu schlafen, konnte sich aber in seinem gegenwärtigen Zustand nicht in diese Lage bringen.",er,1430,1432,I-process,O,O,O
metamorphosis,CURATION_USER_Kafka_Franz_Die_Verwandlung,8,"Gregors Blick richtete sich dann zum Fenster, und das trübe Wetter - man hörte Regentropfen auf das Fensterblech aufschlagen - machte ihn ganz melancholisch. »Wie wäre es, wenn ich noch ein wenig weiterschliefe und alle Narrheiten vergäße,« dachte er, aber das war gänzlich undurchführbar, denn er war gewöhnt, auf der rechten Seite zu schlafen, konnte sich aber in seinem gegenwärtigen Zustand nicht in diese Lage bringen.",",",1432,1433,O,O,O,O
metamorphosis,CURATION_USER_Kafka_Franz_Die_Verwandlung,8,"Gregors Blick richtete sich dann zum Fenster, und das trübe Wetter - man hörte Regentropfen auf das Fensterblech aufschlagen - machte ihn ganz melancholisch. »Wie wäre es, wenn ich noch ein wenig weiterschliefe und alle Narrheiten vergäße,« dachte er, aber das war gänzlich undurchführbar, denn er war gewöhnt, auf der rechten Seite zu schlafen, konnte sich aber in seinem gegenwärtigen Zustand nicht in diese Lage bringen.",aber,1434,1438,B-non_event,O,O,O
metamorphosis,CURATION_USER_Kafka_Franz_Die_Verwandlung,8,"Gregors Blick richtete sich dann zum Fenster, und das trübe Wetter - man hörte Regentropfen auf das Fensterblech aufschlagen - machte ihn ganz melancholisch. »Wie wäre es, wenn ich noch ein wenig weiterschliefe und alle Narrheiten vergäße,« dachte er, aber das war gänzlich undurchführbar, denn er war gewöhnt, auf der rechten Seite zu schlafen, konnte sich aber in seinem gegenwärtigen Zustand nicht in diese Lage bringen.",das,1439,1442,I-non_event,O,O,O
metamorphosis,CURATION_USER_Kafka_Franz_Die_Verwandlung,8,"Gregors Blick richtete sich dann zum Fenster, und das trübe Wetter - man hörte Regentropfen auf das Fensterblech aufschlagen - machte ihn ganz melancholisch. »Wie wäre es, wenn ich noch ein wenig weiterschliefe und alle Narrheiten vergäße,« dachte er, aber das war gänzlich undurchführbar, denn er war gewöhnt, auf der rechten Seite zu schlafen, konnte sich aber in seinem gegenwärtigen Zustand nicht in diese Lage bringen.",war,1443,1446,I-non_event,O,O,O
metamorphosis,CURATION_USER_Kafka_Franz_Die_Verwandlung,8,"Gregors Blick richtete sich dann zum Fenster, und das trübe Wetter - man hörte Regentropfen auf das Fensterblech aufschlagen - machte ihn ganz melancholisch. »Wie wäre es, wenn ich noch ein wenig weiterschliefe und alle Narrheiten vergäße,« dachte er, aber das war gänzlich undurchführbar, denn er war gewöhnt, auf der rechten Seite zu schlafen, konnte sich aber in seinem gegenwärtigen Zustand nicht in diese Lage bringen.",gänzlich,1447,1455,I-non_event,O,O,O
metamorphosis,CURATION_USER_Kafka_Franz_Die_Verwandlung,8,"Gregors Blick richtete sich dann zum Fenster, und das trübe Wetter - man hörte Regentropfen auf das Fensterblech aufschlagen - machte ihn ganz melancholisch. »Wie wäre es, wenn ich noch ein wenig weiterschliefe und alle Narrheiten vergäße,« dachte er, aber das war gänzlich undurchführbar, denn er war gewöhnt, auf der rechten Seite zu schlafen, konnte sich aber in seinem gegenwärtigen Zustand nicht in diese Lage bringen.",undurchführbar,1456,1470,I-non_event,O,O,O
metamorphosis,CURATION_USER_Kafka_Franz_Die_Verwandlung,8,"Gregors Blick richtete sich dann zum Fenster, und das trübe Wetter - man hörte Regentropfen auf das Fensterblech aufschlagen - machte ihn ganz melancholisch. »Wie wäre es, wenn ich noch ein wenig weiterschliefe und alle Narrheiten vergäße,« dachte er, aber das war gänzlich undurchführbar, denn er war gewöhnt, auf der rechten Seite zu schlafen, konnte sich aber in seinem gegenwärtigen Zustand nicht in diese Lage bringen.",",",1470,1471,O,O,O,O
metamorphosis,CURATION_USER_Kafka_Franz_Die_Verwandlung,8,"Gregors Blick richtete sich dann zum Fenster, und das trübe Wetter - man hörte Regentropfen auf das Fensterblech aufschlagen - machte ihn ganz melancholisch. »Wie wäre es, wenn ich noch ein wenig weiterschliefe und alle Narrheiten vergäße,« dachte er, aber das war gänzlich undurchführbar, denn er war gewöhnt, auf der rechten Seite zu schlafen, konnte sich aber in seinem gegenwärtigen Zustand nicht in diese Lage bringen.",denn,1472,1476,B-stative_event,O,O,O
metamorphosis,CURATION_USER_Kafka_Franz_Die_Verwandlung,8,"Gregors Blick richtete sich dann zum Fenster, und das trübe Wetter - man hörte Regentropfen auf das Fensterblech aufschlagen - machte ihn ganz melancholisch. »Wie wäre es, wenn ich noch ein wenig weiterschliefe und alle Narrheiten vergäße,« dachte er, aber das war gänzlich undurchführbar, denn er war gewöhnt, auf der rechten Seite zu schlafen, konnte sich aber in seinem gegenwärtigen Zustand nicht in diese Lage bringen.",er,1477,1479,I-stative_event,O,O,O
metamorphosis,CURATION_USER_Kafka_Franz_Die_Verwandlung,8,"Gregors Blick richtete sich dann zum Fenster, und das trübe Wetter - man hörte Regentropfen auf das Fensterblech aufschlagen - machte ihn ganz melancholisch. »Wie wäre es, wenn ich noch ein wenig weiterschliefe und alle Narrheiten vergäße,« dachte er, aber das war gänzlich undurchführbar, denn er war gewöhnt, auf der rechten Seite zu schlafen, konnte sich aber in seinem gegenwärtigen Zustand nicht in diese Lage bringen.",war,1480,1483,I-stative_event,O,O,O
metamorphosis,CURATION_USER_Kafka_Franz_Die_Verwandlung,8,"Gregors Blick richtete sich dann zum Fenster, und das trübe Wetter - man hörte Regentropfen auf das Fensterblech aufschlagen - machte ihn ganz melancholisch. »Wie wäre es, wenn ich noch ein wenig weiterschliefe und alle Narrheiten vergäße,« dachte er, aber das war gänzlich undurchführbar, denn er war gewöhnt, auf der rechten Seite zu schlafen, konnte sich aber in seinem gegenwärtigen Zustand nicht in diese Lage bringen.",gewöhnt,1484,1491,I-stative_event,O,O,O
metamorphosis,CURATION_USER_Kafka_Franz_Die_Verwandlung,8,"Gregors Blick richtete sich dann zum Fenster, und das trübe Wetter - man hörte Regentropfen auf das Fensterblech aufschlagen - machte ihn ganz melancholisch. »Wie wäre es, wenn ich noch ein wenig weiterschliefe und alle Narrheiten vergäße,« dachte er, aber das war gänzlich undurchführbar, denn er war gewöhnt, auf der rechten Seite zu schlafen, konnte sich aber in seinem gegenwärtigen Zustand nicht in diese Lage bringen.",",",1491,1492,I-stative_event,O,O,O
metamorphosis,CURATION_USER_Kafka_Franz_Die_Verwandlung,8,"Gregors Blick richtete sich dann zum Fenster, und das trübe Wetter - man hörte Regentropfen auf das Fensterblech aufschlagen - machte ihn ganz melancholisch. »Wie wäre es, wenn ich noch ein wenig weiterschliefe und alle Narrheiten vergäße,« dachte er, aber das war gänzlich undurchführbar, denn er war gewöhnt, auf der rechten Seite zu schlafen, konnte sich aber in seinem gegenwärtigen Zustand nicht in diese Lage bringen.",auf,1493,1496,I-stative_event,O,O,O
metamorphosis,CURATION_USER_Kafka_Franz_Die_Verwandlung,8,"Gregors Blick richtete sich dann zum Fenster, und das trübe Wetter - man hörte Regentropfen auf das Fensterblech aufschlagen - machte ihn ganz melancholisch. »Wie wäre es, wenn ich noch ein wenig weiterschliefe und alle Narrheiten vergäße,« dachte er, aber das war gänzlich undurchführbar, denn er war gewöhnt, auf der rechten Seite zu schlafen, konnte sich aber in seinem gegenwärtigen Zustand nicht in diese Lage bringen.",der,1497,1500,I-stative_event,O,O,O
metamorphosis,CURATION_USER_Kafka_Franz_Die_Verwandlung,8,"Gregors Blick richtete sich dann zum Fenster, und das trübe Wetter - man hörte Regentropfen auf das Fensterblech aufschlagen - machte ihn ganz melancholisch. »Wie wäre es, wenn ich noch ein wenig weiterschliefe und alle Narrheiten vergäße,« dachte er, aber das war gänzlich undurchführbar, denn er war gewöhnt, auf der rechten Seite zu schlafen, konnte sich aber in seinem gegenwärtigen Zustand nicht in diese Lage bringen.",rechten,1501,1508,I-stative_event,O,O,O
metamorphosis,CURATION_USER_Kafka_Franz_Die_Verwandlung,8,"Gregors Blick richtete sich dann zum Fenster, und das trübe Wetter - man hörte Regentropfen auf das Fensterblech aufschlagen - machte ihn ganz melancholisch. »Wie wäre es, wenn ich noch ein wenig weiterschliefe und alle Narrheiten vergäße,« dachte er, aber das war gänzlich undurchführbar, denn er war gewöhnt, auf der rechten Seite zu schlafen, konnte sich aber in seinem gegenwärtigen Zustand nicht in diese Lage bringen.",Seite,1509,1514,I-stative_event,O,O,O
metamorphosis,CURATION_USER_Kafka_Franz_Die_Verwandlung,8,"Gregors Blick richtete sich dann zum Fenster, und das trübe Wetter - man hörte Regentropfen auf das Fensterblech aufschlagen - machte ihn ganz melancholisch. »Wie wäre es, wenn ich noch ein wenig weiterschliefe und alle Narrheiten vergäße,« dachte er, aber das war gänzlich undurchführbar, denn er war gewöhnt, auf der rechten Seite zu schlafen, konnte sich aber in seinem gegenwärtigen Zustand nicht in diese Lage bringen.",zu,1515,1517,I-stative_event,O,O,O
metamorphosis,CURATION_USER_Kafka_Franz_Die_Verwandlung,8,"Gregors Blick richtete sich dann zum Fenster, und das trübe Wetter - man hörte Regentropfen auf das Fensterblech aufschlagen - machte ihn ganz melancholisch. »Wie wäre es, wenn ich noch ein wenig weiterschliefe und alle Narrheiten vergäße,« dachte er, aber das war gänzlich undurchführbar, denn er war gewöhnt, auf der rechten Seite zu schlafen, konnte sich aber in seinem gegenwärtigen Zustand nicht in diese Lage bringen.",schlafen,1518,1526,I-stative_event,O,O,O
metamorphosis,CURATION_USER_Kafka_Franz_Die_Verwandlung,8,"Gregors Blick richtete sich dann zum Fenster, und das trübe Wetter - man hörte Regentropfen auf das Fensterblech aufschlagen - machte ihn ganz melancholisch. »Wie wäre es, wenn ich noch ein wenig weiterschliefe und alle Narrheiten vergäße,« dachte er, aber das war gänzlich undurchführbar, denn er war gewöhnt, auf der rechten Seite zu schlafen, konnte sich aber in seinem gegenwärtigen Zustand nicht in diese Lage bringen.",",",1526,1527,O,O,O,O
metamorphosis,CURATION_USER_Kafka_Franz_Die_Verwandlung,8,"Gregors Blick richtete sich dann zum Fenster, und das trübe Wetter - man hörte Regentropfen auf das Fensterblech aufschlagen - machte ihn ganz melancholisch. »Wie wäre es, wenn ich noch ein wenig weiterschliefe und alle Narrheiten vergäße,« dachte er, aber das war gänzlich undurchführbar, denn er war gewöhnt, auf der rechten Seite zu schlafen, konnte sich aber in seinem gegenwärtigen Zustand nicht in diese Lage bringen.",konnte,1528,1534,B-non_event,O,O,O
metamorphosis,CURATION_USER_Kafka_Franz_Die_Verwandlung,8,"Gregors Blick richtete sich dann zum Fenster, und das trübe Wetter - man hörte Regentropfen auf das Fensterblech aufschlagen - machte ihn ganz melancholisch. »Wie wäre es, wenn ich noch ein wenig weiterschliefe und alle Narrheiten vergäße,« dachte er, aber das war gänzlich undurchführbar, denn er war gewöhnt, auf der rechten Seite zu schlafen, konnte sich aber in seinem gegenwärtigen Zustand nicht in diese Lage bringen.",sich,1535,1539,I-non_event,O,O,O
metamorphosis,CURATION_USER_Kafka_Franz_Die_Verwandlung,8,"Gregors Blick richtete sich dann zum Fenster, und das trübe Wetter - man hörte Regentropfen auf das Fensterblech aufschlagen - machte ihn ganz melancholisch. »Wie wäre es, wenn ich noch ein wenig weiterschliefe und alle Narrheiten vergäße,« dachte er, aber das war gänzlich undurchführbar, denn er war gewöhnt, auf der rechten Seite zu schlafen, konnte sich aber in seinem gegenwärtigen Zustand nicht in diese Lage bringen.",aber,1540,1544,I-non_event,O,O,O
metamorphosis,CURATION_USER_Kafka_Franz_Die_Verwandlung,8,"Gregors Blick richtete sich dann zum Fenster, und das trübe Wetter - man hörte Regentropfen auf das Fensterblech aufschlagen - machte ihn ganz melancholisch. »Wie wäre es, wenn ich noch ein wenig weiterschliefe und alle Narrheiten vergäße,« dachte er, aber das war gänzlich undurchführbar, denn er war gewöhnt, auf der rechten Seite zu schlafen, konnte sich aber in seinem gegenwärtigen Zustand nicht in diese Lage bringen.",in,1545,1547,I-non_event,O,O,O
metamorphosis,CURATION_USER_Kafka_Franz_Die_Verwandlung,8,"Gregors Blick richtete sich dann zum Fenster, und das trübe Wetter - man hörte Regentropfen auf das Fensterblech aufschlagen - machte ihn ganz melancholisch. »Wie wäre es, wenn ich noch ein wenig weiterschliefe und alle Narrheiten vergäße,« dachte er, aber das war gänzlich undurchführbar, denn er war gewöhnt, auf der rechten Seite zu schlafen, konnte sich aber in seinem gegenwärtigen Zustand nicht in diese Lage bringen.",seinem,1548,1554,I-non_event,O,O,O
metamorphosis,CURATION_USER_Kafka_Franz_Die_Verwandlung,8,"Gregors Blick richtete sich dann zum Fenster, und das trübe Wetter - man hörte Regentropfen auf das Fensterblech aufschlagen - machte ihn ganz melancholisch. »Wie wäre es, wenn ich noch ein wenig weiterschliefe und alle Narrheiten vergäße,« dachte er, aber das war gänzlich undurchführbar, denn er war gewöhnt, auf der rechten Seite zu schlafen, konnte sich aber in seinem gegenwärtigen Zustand nicht in diese Lage bringen.",gegenwärtigen,1555,1568,I-non_event,O,O,O
metamorphosis,CURATION_USER_Kafka_Franz_Die_Verwandlung,8,"Gregors Blick richtete sich dann zum Fenster, und das trübe Wetter - man hörte Regentropfen auf das Fensterblech aufschlagen - machte ihn ganz melancholisch. »Wie wäre es, wenn ich noch ein wenig weiterschliefe und alle Narrheiten vergäße,« dachte er, aber das war gänzlich undurchführbar, denn er war gewöhnt, auf der rechten Seite zu schlafen, konnte sich aber in seinem gegenwärtigen Zustand nicht in diese Lage bringen.",Zustand,1569,1576,I-non_event,O,O,O
metamorphosis,CURATION_USER_Kafka_Franz_Die_Verwandlung,8,"Gregors Blick richtete sich dann zum Fenster, und das trübe Wetter - man hörte Regentropfen auf das Fensterblech aufschlagen - machte ihn ganz melancholisch. »Wie wäre es, wenn ich noch ein wenig weiterschliefe und alle Narrheiten vergäße,« dachte er, aber das war gänzlich undurchführbar, denn er war gewöhnt, auf der rechten Seite zu schlafen, konnte sich aber in seinem gegenwärtigen Zustand nicht in diese Lage bringen.",nicht,1577,1582,I-non_event,O,O,O
metamorphosis,CURATION_USER_Kafka_Franz_Die_Verwandlung,8,"Gregors Blick richtete sich dann zum Fenster, und das trübe Wetter - man hörte Regentropfen auf das Fensterblech aufschlagen - machte ihn ganz melancholisch. »Wie wäre es, wenn ich noch ein wenig weiterschliefe und alle Narrheiten vergäße,« dachte er, aber das war gänzlich undurchführbar, denn er war gewöhnt, auf der rechten Seite zu schlafen, konnte sich aber in seinem gegenwärtigen Zustand nicht in diese Lage bringen.",in,1583,1585,I-non_event,O,O,O
metamorphosis,CURATION_USER_Kafka_Franz_Die_Verwandlung,8,"Gregors Blick richtete sich dann zum Fenster, und das trübe Wetter - man hörte Regentropfen auf das Fensterblech aufschlagen - machte ihn ganz melancholisch. »Wie wäre es, wenn ich noch ein wenig weiterschliefe und alle Narrheiten vergäße,« dachte er, aber das war gänzlich undurchführbar, denn er war gewöhnt, auf der rechten Seite zu schlafen, konnte sich aber in seinem gegenwärtigen Zustand nicht in diese Lage bringen.",diese,1586,1591,I-non_event,O,O,O
metamorphosis,CURATION_USER_Kafka_Franz_Die_Verwandlung,8,"Gregors Blick richtete sich dann zum Fenster, und das trübe Wetter - man hörte Regentropfen auf das Fensterblech aufschlagen - machte ihn ganz melancholisch. »Wie wäre es, wenn ich noch ein wenig weiterschliefe und alle Narrheiten vergäße,« dachte er, aber das war gänzlich undurchführbar, denn er war gewöhnt, auf der rechten Seite zu schlafen, konnte sich aber in seinem gegenwärtigen Zustand nicht in diese Lage bringen.",Lage,1592,1596,I-non_event,O,O,O
metamorphosis,CURATION_USER_Kafka_Franz_Die_Verwandlung,8,"Gregors Blick richtete sich dann zum Fenster, und das trübe Wetter - man hörte Regentropfen auf das Fensterblech aufschlagen - machte ihn ganz melancholisch. »Wie wäre es, wenn ich noch ein wenig weiterschliefe und alle Narrheiten vergäße,« dachte er, aber das war gänzlich undurchführbar, denn er war gewöhnt, auf der rechten Seite zu schlafen, konnte sich aber in seinem gegenwärtigen Zustand nicht in diese Lage bringen.",bringen,1597,1604,I-non_event,O,O,O
metamorphosis,CURATION_USER_Kafka_Franz_Die_Verwandlung,8,"Gregors Blick richtete sich dann zum Fenster, und das trübe Wetter - man hörte Regentropfen auf das Fensterblech aufschlagen - machte ihn ganz melancholisch. »Wie wäre es, wenn ich noch ein wenig weiterschliefe und alle Narrheiten vergäße,« dachte er, aber das war gänzlich undurchführbar, denn er war gewöhnt, auf der rechten Seite zu schlafen, konnte sich aber in seinem gegenwärtigen Zustand nicht in diese Lage bringen.",.,1604,1605,O,O,O,O
metamorphosis,CURATION_USER_Kafka_Franz_Die_Verwandlung,9,"Mit welcher Kraft er sich auch auf die rechte Seite warf, immer wieder schaukelte er in die Rückenlage zurück.",Mit,1606,1609,B-process,O,O,O
metamorphosis,CURATION_USER_Kafka_Franz_Die_Verwandlung,9,"Mit welcher Kraft er sich auch auf die rechte Seite warf, immer wieder schaukelte er in die Rückenlage zurück.",welcher,1610,1617,I-process,O,O,O
metamorphosis,CURATION_USER_Kafka_Franz_Die_Verwandlung,9,"Mit welcher Kraft er sich auch auf die rechte Seite warf, immer wieder schaukelte er in die Rückenlage zurück.",Kraft,1618,1623,I-process,O,O,O
metamorphosis,CURATION_USER_Kafka_Franz_Die_Verwandlung,9,"Mit welcher Kraft er sich auch auf die rechte Seite warf, immer wieder schaukelte er in die Rückenlage zurück.",er,1624,1626,I-process,O,O,O
metamorphosis,CURATION_USER_Kafka_Franz_Die_Verwandlung,9,"Mit welcher Kraft er sich auch auf die rechte Seite warf, immer wieder schaukelte er in die Rückenlage zurück.",sich,1627,1631,I-process,O,O,O
metamorphosis,CURATION_USER_Kafka_Franz_Die_Verwandlung,9,"Mit welcher Kraft er sich auch auf die rechte Seite warf, immer wieder schaukelte er in die Rückenlage zurück.",auch,1632,1636,I-process,O,O,O
metamorphosis,CURATION_USER_Kafka_Franz_Die_Verwandlung,9,"Mit welcher Kraft er sich auch auf die rechte Seite warf, immer wieder schaukelte er in die Rückenlage zurück.",auf,1637,1640,I-process,O,O,O
metamorphosis,CURATION_USER_Kafka_Franz_Die_Verwandlung,9,"Mit welcher Kraft er sich auch auf die rechte Seite warf, immer wieder schaukelte er in die Rückenlage zurück.",die,1641,1644,I-process,O,O,O
metamorphosis,CURATION_USER_Kafka_Franz_Die_Verwandlung,9,"Mit welcher Kraft er sich auch auf die rechte Seite warf, immer wieder schaukelte er in die Rückenlage zurück.",rechte,1645,1651,I-process,O,O,O
metamorphosis,CURATION_USER_Kafka_Franz_Die_Verwandlung,9,"Mit welcher Kraft er sich auch auf die rechte Seite warf, immer wieder schaukelte er in die Rückenlage zurück.",Seite,1652,1657,I-process,O,O,O
metamorphosis,CURATION_USER_Kafka_Franz_Die_Verwandlung,9,"Mit welcher Kraft er sich auch auf die rechte Seite warf, immer wieder schaukelte er in die Rückenlage zurück.",warf,1658,1662,I-process,O,O,O
metamorphosis,CURATION_USER_Kafka_Franz_Die_Verwandlung,9,"Mit welcher Kraft er sich auch auf die rechte Seite warf, immer wieder schaukelte er in die Rückenlage zurück.",",",1662,1663,O,O,O,O
metamorphosis,CURATION_USER_Kafka_Franz_Die_Verwandlung,9,"Mit welcher Kraft er sich auch auf die rechte Seite warf, immer wieder schaukelte er in die Rückenlage zurück.",immer,1664,1669,B-process,O,O,O
metamorphosis,CURATION_USER_Kafka_Franz_Die_Verwandlung,9,"Mit welcher Kraft er sich auch auf die rechte Seite warf, immer wieder schaukelte er in die Rückenlage zurück.",wieder,1670,1676,I-process,O,O,O
metamorphosis,CURATION_USER_Kafka_Franz_Die_Verwandlung,9,"Mit welcher Kraft er sich auch auf die rechte Seite warf, immer wieder schaukelte er in die Rückenlage zurück.",schaukelte,1677,1687,I-process,O,O,O
metamorphosis,CURATION_USER_Kafka_Franz_Die_Verwandlung,9,"Mit welcher Kraft er sich auch auf die rechte Seite warf, immer wieder schaukelte er in die Rückenlage zurück.",er,1688,1690,I-process,O,O,O
metamorphosis,CURATION_USER_Kafka_Franz_Die_Verwandlung,9,"Mit welcher Kraft er sich auch auf die rechte Seite warf, immer wieder schaukelte er in die Rückenlage zurück.",in,1691,1693,I-process,O,O,O
metamorphosis,CURATION_USER_Kafka_Franz_Die_Verwandlung,9,"Mit welcher Kraft er sich auch auf die rechte Seite warf, immer wieder schaukelte er in die Rückenlage zurück.",die,1694,1697,I-process,O,O,O
metamorphosis,CURATION_USER_Kafka_Franz_Die_Verwandlung,9,"Mit welcher Kraft er sich auch auf die rechte Seite warf, immer wieder schaukelte er in die Rückenlage zurück.",Rückenlage,1698,1708,I-process,O,O,O
metamorphosis,CURATION_USER_Kafka_Franz_Die_Verwandlung,9,"Mit welcher Kraft er sich auch auf die rechte Seite warf, immer wieder schaukelte er in die Rückenlage zurück.",zurück,1709,1715,I-process,O,O,O
metamorphosis,CURATION_USER_Kafka_Franz_Die_Verwandlung,9,"Mit welcher Kraft er sich auch auf die rechte Seite warf, immer wieder schaukelte er in die Rückenlage zurück.",.,1715,1716,O,O,O,O
metamorphosis,CURATION_USER_Kafka_Franz_Die_Verwandlung,10,"Er versuchte es wohl hundertmal, schloß die Augen, um die zappelnden Beine nicht sehen zu müssen und ließ erst ab, als er in der Seite einen noch nie gefühlten, leichten, dumpfen Schmerz zu fühlen begann.  »Ach Gott,« dachte er, »was für einen anstrengenden Beruf habe ich gewählt!",Er,1717,1719,B-process,O,O,O
metamorphosis,CURATION_USER_Kafka_Franz_Die_Verwandlung,10,"Er versuchte es wohl hundertmal, schloß die Augen, um die zappelnden Beine nicht sehen zu müssen und ließ erst ab, als er in der Seite einen noch nie gefühlten, leichten, dumpfen Schmerz zu fühlen begann.  »Ach Gott,« dachte er, »was für einen anstrengenden Beruf habe ich gewählt!",versuchte,1720,1729,I-process,O,O,O
metamorphosis,CURATION_USER_Kafka_Franz_Die_Verwandlung,10,"Er versuchte es wohl hundertmal, schloß die Augen, um die zappelnden Beine nicht sehen zu müssen und ließ erst ab, als er in der Seite einen noch nie gefühlten, leichten, dumpfen Schmerz zu fühlen begann.  »Ach Gott,« dachte er, »was für einen anstrengenden Beruf habe ich gewählt!",es,1730,1732,I-process,O,O,O
metamorphosis,CURATION_USER_Kafka_Franz_Die_Verwandlung,10,"Er versuchte es wohl hundertmal, schloß die Augen, um die zappelnden Beine nicht sehen zu müssen und ließ erst ab, als er in der Seite einen noch nie gefühlten, leichten, dumpfen Schmerz zu fühlen begann.  »Ach Gott,« dachte er, »was für einen anstrengenden Beruf habe ich gewählt!",wohl,1733,1737,I-process,O,O,O
metamorphosis,CURATION_USER_Kafka_Franz_Die_Verwandlung,10,"Er versuchte es wohl hundertmal, schloß die Augen, um die zappelnden Beine nicht sehen zu müssen und ließ erst ab, als er in der Seite einen noch nie gefühlten, leichten, dumpfen Schmerz zu fühlen begann.  »Ach Gott,« dachte er, »was für einen anstrengenden Beruf habe ich gewählt!",hundertmal,1738,1748,I-process,O,O,O
metamorphosis,CURATION_USER_Kafka_Franz_Die_Verwandlung,10,"Er versuchte es wohl hundertmal, schloß die Augen, um die zappelnden Beine nicht sehen zu müssen und ließ erst ab, als er in der Seite einen noch nie gefühlten, leichten, dumpfen Schmerz zu fühlen begann.  »Ach Gott,« dachte er, »was für einen anstrengenden Beruf habe ich gewählt!",",",1748,1749,O,O,O,O
metamorphosis,CURATION_USER_Kafka_Franz_Die_Verwandlung,10,"Er versuchte es wohl hundertmal, schloß die Augen, um die zappelnden Beine nicht sehen zu müssen und ließ erst ab, als er in der Seite einen noch nie gefühlten, leichten, dumpfen Schmerz zu fühlen begann.  »Ach Gott,« dachte er, »was für einen anstrengenden Beruf habe ich gewählt!",schloß,1750,1756,B-process,O,O,O
metamorphosis,CURATION_USER_Kafka_Franz_Die_Verwandlung,10,"Er versuchte es wohl hundertmal, schloß die Augen, um die zappelnden Beine nicht sehen zu müssen und ließ erst ab, als er in der Seite einen noch nie gefühlten, leichten, dumpfen Schmerz zu fühlen begann.  »Ach Gott,« dachte er, »was für einen anstrengenden Beruf habe ich gewählt!",die,1757,1760,I-process,O,O,O
metamorphosis,CURATION_USER_Kafka_Franz_Die_Verwandlung,10,"Er versuchte es wohl hundertmal, schloß die Augen, um die zappelnden Beine nicht sehen zu müssen und ließ erst ab, als er in der Seite einen noch nie gefühlten, leichten, dumpfen Schmerz zu fühlen begann.  »Ach Gott,« dachte er, »was für einen anstrengenden Beruf habe ich gewählt!",Augen,1761,1766,I-process,O,O,O
metamorphosis,CURATION_USER_Kafka_Franz_Die_Verwandlung,10,"Er versuchte es wohl hundertmal, schloß die Augen, um die zappelnden Beine nicht sehen zu müssen und ließ erst ab, als er in der Seite einen noch nie gefühlten, leichten, dumpfen Schmerz zu fühlen begann.  »Ach Gott,« dachte er, »was für einen anstrengenden Beruf habe ich gewählt!",",",1766,1767,I-process,O,O,O
metamorphosis,CURATION_USER_Kafka_Franz_Die_Verwandlung,10,"Er versuchte es wohl hundertmal, schloß die Augen, um die zappelnden Beine nicht sehen zu müssen und ließ erst ab, als er in der Seite einen noch nie gefühlten, leichten, dumpfen Schmerz zu fühlen begann.  »Ach Gott,« dachte er, »was für einen anstrengenden Beruf habe ich gewählt!",um,1768,1770,I-process,O,O,O
metamorphosis,CURATION_USER_Kafka_Franz_Die_Verwandlung,10,"Er versuchte es wohl hundertmal, schloß die Augen, um die zappelnden Beine nicht sehen zu müssen und ließ erst ab, als er in der Seite einen noch nie gefühlten, leichten, dumpfen Schmerz zu fühlen begann.  »Ach Gott,« dachte er, »was für einen anstrengenden Beruf habe ich gewählt!",die,1771,1774,I-process,O,O,O
metamorphosis,CURATION_USER_Kafka_Franz_Die_Verwandlung,10,"Er versuchte es wohl hundertmal, schloß die Augen, um die zappelnden Beine nicht sehen zu müssen und ließ erst ab, als er in der Seite einen noch nie gefühlten, leichten, dumpfen Schmerz zu fühlen begann.  »Ach Gott,« dachte er, »was für einen anstrengenden Beruf habe ich gewählt!",zappelnden,1775,1785,I-process,O,O,O
metamorphosis,CURATION_USER_Kafka_Franz_Die_Verwandlung,10,"Er versuchte es wohl hundertmal, schloß die Augen, um die zappelnden Beine nicht sehen zu müssen und ließ erst ab, als er in der Seite einen noch nie gefühlten, leichten, dumpfen Schmerz zu fühlen begann.  »Ach Gott,« dachte er, »was für einen anstrengenden Beruf habe ich gewählt!",Beine,1786,1791,I-process,O,O,O
metamorphosis,CURATION_USER_Kafka_Franz_Die_Verwandlung,10,"Er versuchte es wohl hundertmal, schloß die Augen, um die zappelnden Beine nicht sehen zu müssen und ließ erst ab, als er in der Seite einen noch nie gefühlten, leichten, dumpfen Schmerz zu fühlen begann.  »Ach Gott,« dachte er, »was für einen anstrengenden Beruf habe ich gewählt!",nicht,1792,1797,I-process,O,O,O
metamorphosis,CURATION_USER_Kafka_Franz_Die_Verwandlung,10,"Er versuchte es wohl hundertmal, schloß die Augen, um die zappelnden Beine nicht sehen zu müssen und ließ erst ab, als er in der Seite einen noch nie gefühlten, leichten, dumpfen Schmerz zu fühlen begann.  »Ach Gott,« dachte er, »was für einen anstrengenden Beruf habe ich gewählt!",sehen,1798,1803,I-process,O,O,O
metamorphosis,CURATION_USER_Kafka_Franz_Die_Verwandlung,10,"Er versuchte es wohl hundertmal, schloß die Augen, um die zappelnden Beine nicht sehen zu müssen und ließ erst ab, als er in der Seite einen noch nie gefühlten, leichten, dumpfen Schmerz zu fühlen begann.  »Ach Gott,« dachte er, »was für einen anstrengenden Beruf habe ich gewählt!",zu,1804,1806,I-process,O,O,O
metamorphosis,CURATION_USER_Kafka_Franz_Die_Verwandlung,10,"Er versuchte es wohl hundertmal, schloß die Augen, um die zappelnden Beine nicht sehen zu müssen und ließ erst ab, als er in der Seite einen noch nie gefühlten, leichten, dumpfen Schmerz zu fühlen begann.  »Ach Gott,« dachte er, »was für einen anstrengenden Beruf habe ich gewählt!",müssen,1807,1813,I-process,O,O,O
metamorphosis,CURATION_USER_Kafka_Franz_Die_Verwandlung,10,"Er versuchte es wohl hundertmal, schloß die Augen, um die zappelnden Beine nicht sehen zu müssen und ließ erst ab, als er in der Seite einen noch nie gefühlten, leichten, dumpfen Schmerz zu fühlen begann.  »Ach Gott,« dachte er, »was für einen anstrengenden Beruf habe ich gewählt!",und,1814,1817,B-process,O,O,O
metamorphosis,CURATION_USER_Kafka_Franz_Die_Verwandlung,10,"Er versuchte es wohl hundertmal, schloß die Augen, um die zappelnden Beine nicht sehen zu müssen und ließ erst ab, als er in der Seite einen noch nie gefühlten, leichten, dumpfen Schmerz zu fühlen begann.  »Ach Gott,« dachte er, »was für einen anstrengenden Beruf habe ich gewählt!",ließ,1818,1822,I-process,O,O,O
metamorphosis,CURATION_USER_Kafka_Franz_Die_Verwandlung,10,"Er versuchte es wohl hundertmal, schloß die Augen, um die zappelnden Beine nicht sehen zu müssen und ließ erst ab, als er in der Seite einen noch nie gefühlten, leichten, dumpfen Schmerz zu fühlen begann.  »Ach Gott,« dachte er, »was für einen anstrengenden Beruf habe ich gewählt!",erst,1823,1827,I-process,O,O,O
metamorphosis,CURATION_USER_Kafka_Franz_Die_Verwandlung,10,"Er versuchte es wohl hundertmal, schloß die Augen, um die zappelnden Beine nicht sehen zu müssen und ließ erst ab, als er in der Seite einen noch nie gefühlten, leichten, dumpfen Schmerz zu fühlen begann.  »Ach Gott,« dachte er, »was für einen anstrengenden Beruf habe ich gewählt!",ab,1828,1830,I-process,O,O,O
metamorphosis,CURATION_USER_Kafka_Franz_Die_Verwandlung,10,"Er versuchte es wohl hundertmal, schloß die Augen, um die zappelnden Beine nicht sehen zu müssen und ließ erst ab, als er in der Seite einen noch nie gefühlten, leichten, dumpfen Schmerz zu fühlen begann.  »Ach Gott,« dachte er, »was für einen anstrengenden Beruf habe ich gewählt!",",",1830,1831,O,O,O,O
metamorphosis,CURATION_USER_Kafka_Franz_Die_Verwandlung,10,"Er versuchte es wohl hundertmal, schloß die Augen, um die zappelnden Beine nicht sehen zu müssen und ließ erst ab, als er in der Seite einen noch nie gefühlten, leichten, dumpfen Schmerz zu fühlen begann.  »Ach Gott,« dachte er, »was für einen anstrengenden Beruf habe ich gewählt!",als,1832,1835,B-process,O,O,O
metamorphosis,CURATION_USER_Kafka_Franz_Die_Verwandlung,10,"Er versuchte es wohl hundertmal, schloß die Augen, um die zappelnden Beine nicht sehen zu müssen und ließ erst ab, als er in der Seite einen noch nie gefühlten, leichten, dumpfen Schmerz zu fühlen begann.  »Ach Gott,« dachte er, »was für einen anstrengenden Beruf habe ich gewählt!",er,1836,1838,I-process,O,O,O
metamorphosis,CURATION_USER_Kafka_Franz_Die_Verwandlung,10,"Er versuchte es wohl hundertmal, schloß die Augen, um die zappelnden Beine nicht sehen zu müssen und ließ erst ab, als er in der Seite einen noch nie gefühlten, leichten, dumpfen Schmerz zu fühlen begann.  »Ach Gott,« dachte er, »was für einen anstrengenden Beruf habe ich gewählt!",in,1839,1841,I-process,O,O,O
metamorphosis,CURATION_USER_Kafka_Franz_Die_Verwandlung,10,"Er versuchte es wohl hundertmal, schloß die Augen, um die zappelnden Beine nicht sehen zu müssen und ließ erst ab, als er in der Seite einen noch nie gefühlten, leichten, dumpfen Schmerz zu fühlen begann.  »Ach Gott,« dachte er, »was für einen anstrengenden Beruf habe ich gewählt!",der,1842,1845,I-process,O,O,O
metamorphosis,CURATION_USER_Kafka_Franz_Die_Verwandlung,10,"Er versuchte es wohl hundertmal, schloß die Augen, um die zappelnden Beine nicht sehen zu müssen und ließ erst ab, als er in der Seite einen noch nie gefühlten, leichten, dumpfen Schmerz zu fühlen begann.  »Ach Gott,« dachte er, »was für einen anstrengenden Beruf habe ich gewählt!",Seite,1846,1851,I-process,O,O,O
metamorphosis,CURATION_USER_Kafka_Franz_Die_Verwandlung,10,"Er versuchte es wohl hundertmal, schloß die Augen, um die zappelnden Beine nicht sehen zu müssen und ließ erst ab, als er in der Seite einen noch nie gefühlten, leichten, dumpfen Schmerz zu fühlen begann.  »Ach Gott,« dachte er, »was für einen anstrengenden Beruf habe ich gewählt!",einen,1852,1857,I-process,O,O,O
metamorphosis,CURATION_USER_Kafka_Franz_Die_Verwandlung,10,"Er versuchte es wohl hundertmal, schloß die Augen, um die zappelnden Beine nicht sehen zu müssen und ließ erst ab, als er in der Seite einen noch nie gefühlten, leichten, dumpfen Schmerz zu fühlen begann.  »Ach Gott,« dachte er, »was für einen anstrengenden Beruf habe ich gewählt!",noch,1858,1862,I-process,O,O,O
metamorphosis,CURATION_USER_Kafka_Franz_Die_Verwandlung,10,"Er versuchte es wohl hundertmal, schloß die Augen, um die zappelnden Beine nicht sehen zu müssen und ließ erst ab, als er in der Seite einen noch nie gefühlten, leichten, dumpfen Schmerz zu fühlen begann.  »Ach Gott,« dachte er, »was für einen anstrengenden Beruf habe ich gewählt!",nie,1863,1866,I-process,O,O,O
metamorphosis,CURATION_USER_Kafka_Franz_Die_Verwandlung,10,"Er versuchte es wohl hundertmal, schloß die Augen, um die zappelnden Beine nicht sehen zu müssen und ließ erst ab, als er in der Seite einen noch nie gefühlten, leichten, dumpfen Schmerz zu fühlen begann.  »Ach Gott,« dachte er, »was für einen anstrengenden Beruf habe ich gewählt!",gefühlten,1867,1876,I-process,O,O,O
metamorphosis,CURATION_USER_Kafka_Franz_Die_Verwandlung,10,"Er versuchte es wohl hundertmal, schloß die Augen, um die zappelnden Beine nicht sehen zu müssen und ließ erst ab, als er in der Seite einen noch nie gefühlten, leichten, dumpfen Schmerz zu fühlen begann.  »Ach Gott,« dachte er, »was für einen anstrengenden Beruf habe ich gewählt!",",",1876,1877,I-process,O,O,O
metamorphosis,CURATION_USER_Kafka_Franz_Die_Verwandlung,10,"Er versuchte es wohl hundertmal, schloß die Augen, um die zappelnden Beine nicht sehen zu müssen und ließ erst ab, als er in der Seite einen noch nie gefühlten, leichten, dumpfen Schmerz zu fühlen begann.  »Ach Gott,« dachte er, »was für einen anstrengenden Beruf habe ich gewählt!",leichten,1878,1886,I-process,O,O,O
metamorphosis,CURATION_USER_Kafka_Franz_Die_Verwandlung,10,"Er versuchte es wohl hundertmal, schloß die Augen, um die zappelnden Beine nicht sehen zu müssen und ließ erst ab, als er in der Seite einen noch nie gefühlten, leichten, dumpfen Schmerz zu fühlen begann.  »Ach Gott,« dachte er, »was für einen anstrengenden Beruf habe ich gewählt!",",",1886,1887,I-process,O,O,O
metamorphosis,CURATION_USER_Kafka_Franz_Die_Verwandlung,10,"Er versuchte es wohl hundertmal, schloß die Augen, um die zappelnden Beine nicht sehen zu müssen und ließ erst ab, als er in der Seite einen noch nie gefühlten, leichten, dumpfen Schmerz zu fühlen begann.  »Ach Gott,« dachte er, »was für einen anstrengenden Beruf habe ich gewählt!",dumpfen,1888,1895,I-process,O,O,O
metamorphosis,CURATION_USER_Kafka_Franz_Die_Verwandlung,10,"Er versuchte es wohl hundertmal, schloß die Augen, um die zappelnden Beine nicht sehen zu müssen und ließ erst ab, als er in der Seite einen noch nie gefühlten, leichten, dumpfen Schmerz zu fühlen begann.  »Ach Gott,« dachte er, »was für einen anstrengenden Beruf habe ich gewählt!",Schmerz,1896,1903,I-process,O,O,O
metamorphosis,CURATION_USER_Kafka_Franz_Die_Verwandlung,10,"Er versuchte es wohl hundertmal, schloß die Augen, um die zappelnden Beine nicht sehen zu müssen und ließ erst ab, als er in der Seite einen noch nie gefühlten, leichten, dumpfen Schmerz zu fühlen begann.  »Ach Gott,« dachte er, »was für einen anstrengenden Beruf habe ich gewählt!",zu,1904,1906,I-process,O,O,O
metamorphosis,CURATION_USER_Kafka_Franz_Die_Verwandlung,10,"Er versuchte es wohl hundertmal, schloß die Augen, um die zappelnden Beine nicht sehen zu müssen und ließ erst ab, als er in der Seite einen noch nie gefühlten, leichten, dumpfen Schmerz zu fühlen begann.  »Ach Gott,« dachte er, »was für einen anstrengenden Beruf habe ich gewählt!",fühlen,1907,1913,I-process,O,O,O
metamorphosis,CURATION_USER_Kafka_Franz_Die_Verwandlung,10,"Er versuchte es wohl hundertmal, schloß die Augen, um die zappelnden Beine nicht sehen zu müssen und ließ erst ab, als er in der Seite einen noch nie gefühlten, leichten, dumpfen Schmerz zu fühlen begann.  »Ach Gott,« dachte er, »was für einen anstrengenden Beruf habe ich gewählt!",begann,1914,1920,I-process,O,O,O
metamorphosis,CURATION_USER_Kafka_Franz_Die_Verwandlung,10,"Er versuchte es wohl hundertmal, schloß die Augen, um die zappelnden Beine nicht sehen zu müssen und ließ erst ab, als er in der Seite einen noch nie gefühlten, leichten, dumpfen Schmerz zu fühlen begann.  »Ach Gott,« dachte er, »was für einen anstrengenden Beruf habe ich gewählt!",.,1920,1921,O,O,O,O
metamorphosis,CURATION_USER_Kafka_Franz_Die_Verwandlung,10,"Er versuchte es wohl hundertmal, schloß die Augen, um die zappelnden Beine nicht sehen zu müssen und ließ erst ab, als er in der Seite einen noch nie gefühlten, leichten, dumpfen Schmerz zu fühlen begann.  »Ach Gott,« dachte er, »was für einen anstrengenden Beruf habe ich gewählt!",»,1923,1924,O,O,O,O
metamorphosis,CURATION_USER_Kafka_Franz_Die_Verwandlung,10,"Er versuchte es wohl hundertmal, schloß die Augen, um die zappelnden Beine nicht sehen zu müssen und ließ erst ab, als er in der Seite einen noch nie gefühlten, leichten, dumpfen Schmerz zu fühlen begann.  »Ach Gott,« dachte er, »was für einen anstrengenden Beruf habe ich gewählt!",Ach,1924,1927,B-non_event,O,B-Direct thought,O
metamorphosis,CURATION_USER_Kafka_Franz_Die_Verwandlung,10,"Er versuchte es wohl hundertmal, schloß die Augen, um die zappelnden Beine nicht sehen zu müssen und ließ erst ab, als er in der Seite einen noch nie gefühlten, leichten, dumpfen Schmerz zu fühlen begann.  »Ach Gott,« dachte er, »was für einen anstrengenden Beruf habe ich gewählt!",Gott,1928,1932,I-non_event,O,I-Direct thought,O
metamorphosis,CURATION_USER_Kafka_Franz_Die_Verwandlung,10,"Er versuchte es wohl hundertmal, schloß die Augen, um die zappelnden Beine nicht sehen zu müssen und ließ erst ab, als er in der Seite einen noch nie gefühlten, leichten, dumpfen Schmerz zu fühlen begann.  »Ach Gott,« dachte er, »was für einen anstrengenden Beruf habe ich gewählt!",",",1932,1933,O,O,O,O
metamorphosis,CURATION_USER_Kafka_Franz_Die_Verwandlung,10,"Er versuchte es wohl hundertmal, schloß die Augen, um die zappelnden Beine nicht sehen zu müssen und ließ erst ab, als er in der Seite einen noch nie gefühlten, leichten, dumpfen Schmerz zu fühlen begann.  »Ach Gott,« dachte er, »was für einen anstrengenden Beruf habe ich gewählt!",«,1933,1934,O,O,O,O
metamorphosis,CURATION_USER_Kafka_Franz_Die_Verwandlung,10,"Er versuchte es wohl hundertmal, schloß die Augen, um die zappelnden Beine nicht sehen zu müssen und ließ erst ab, als er in der Seite einen noch nie gefühlten, leichten, dumpfen Schmerz zu fühlen begann.  »Ach Gott,« dachte er, »was für einen anstrengenden Beruf habe ich gewählt!",dachte,1935,1941,B-process,O,O,O
metamorphosis,CURATION_USER_Kafka_Franz_Die_Verwandlung,10,"Er versuchte es wohl hundertmal, schloß die Augen, um die zappelnden Beine nicht sehen zu müssen und ließ erst ab, als er in der Seite einen noch nie gefühlten, leichten, dumpfen Schmerz zu fühlen begann.  »Ach Gott,« dachte er, »was für einen anstrengenden Beruf habe ich gewählt!",er,1942,1944,I-process,O,O,O
metamorphosis,CURATION_USER_Kafka_Franz_Die_Verwandlung,10,"Er versuchte es wohl hundertmal, schloß die Augen, um die zappelnden Beine nicht sehen zu müssen und ließ erst ab, als er in der Seite einen noch nie gefühlten, leichten, dumpfen Schmerz zu fühlen begann.  »Ach Gott,« dachte er, »was für einen anstrengenden Beruf habe ich gewählt!",",",1944,1945,O,O,O,O
metamorphosis,CURATION_USER_Kafka_Franz_Die_Verwandlung,10,"Er versuchte es wohl hundertmal, schloß die Augen, um die zappelnden Beine nicht sehen zu müssen und ließ erst ab, als er in der Seite einen noch nie gefühlten, leichten, dumpfen Schmerz zu fühlen begann.  »Ach Gott,« dachte er, »was für einen anstrengenden Beruf habe ich gewählt!",»,1946,1947,O,O,O,O
metamorphosis,CURATION_USER_Kafka_Franz_Die_Verwandlung,10,"Er versuchte es wohl hundertmal, schloß die Augen, um die zappelnden Beine nicht sehen zu müssen und ließ erst ab, als er in der Seite einen noch nie gefühlten, leichten, dumpfen Schmerz zu fühlen begann.  »Ach Gott,« dachte er, »was für einen anstrengenden Beruf habe ich gewählt!",was,1947,1950,B-process,O,B-Direct thought,O
metamorphosis,CURATION_USER_Kafka_Franz_Die_Verwandlung,10,"Er versuchte es wohl hundertmal, schloß die Augen, um die zappelnden Beine nicht sehen zu müssen und ließ erst ab, als er in der Seite einen noch nie gefühlten, leichten, dumpfen Schmerz zu fühlen begann.  »Ach Gott,« dachte er, »was für einen anstrengenden Beruf habe ich gewählt!",für,1951,1954,I-process,O,I-Direct thought,O
metamorphosis,CURATION_USER_Kafka_Franz_Die_Verwandlung,10,"Er versuchte es wohl hundertmal, schloß die Augen, um die zappelnden Beine nicht sehen zu müssen und ließ erst ab, als er in der Seite einen noch nie gefühlten, leichten, dumpfen Schmerz zu fühlen begann.  »Ach Gott,« dachte er, »was für einen anstrengenden Beruf habe ich gewählt!",einen,1955,1960,I-process,O,I-Direct thought,O
metamorphosis,CURATION_USER_Kafka_Franz_Die_Verwandlung,10,"Er versuchte es wohl hundertmal, schloß die Augen, um die zappelnden Beine nicht sehen zu müssen und ließ erst ab, als er in der Seite einen noch nie gefühlten, leichten, dumpfen Schmerz zu fühlen begann.  »Ach Gott,« dachte er, »was für einen anstrengenden Beruf habe ich gewählt!",anstrengenden,1961,1974,I-process,O,I-Direct thought,O
metamorphosis,CURATION_USER_Kafka_Franz_Die_Verwandlung,10,"Er versuchte es wohl hundertmal, schloß die Augen, um die zappelnden Beine nicht sehen zu müssen und ließ erst ab, als er in der Seite einen noch nie gefühlten, leichten, dumpfen Schmerz zu fühlen begann.  »Ach Gott,« dachte er, »was für einen anstrengenden Beruf habe ich gewählt!",Beruf,1975,1980,I-process,O,I-Direct thought,O
metamorphosis,CURATION_USER_Kafka_Franz_Die_Verwandlung,10,"Er versuchte es wohl hundertmal, schloß die Augen, um die zappelnden Beine nicht sehen zu müssen und ließ erst ab, als er in der Seite einen noch nie gefühlten, leichten, dumpfen Schmerz zu fühlen begann.  »Ach Gott,« dachte er, »was für einen anstrengenden Beruf habe ich gewählt!",habe,1981,1985,I-process,O,I-Direct thought,O
metamorphosis,CURATION_USER_Kafka_Franz_Die_Verwandlung,10,"Er versuchte es wohl hundertmal, schloß die Augen, um die zappelnden Beine nicht sehen zu müssen und ließ erst ab, als er in der Seite einen noch nie gefühlten, leichten, dumpfen Schmerz zu fühlen begann.  »Ach Gott,« dachte er, »was für einen anstrengenden Beruf habe ich gewählt!",ich,1986,1989,I-process,O,I-Direct thought,O
metamorphosis,CURATION_USER_Kafka_Franz_Die_Verwandlung,10,"Er versuchte es wohl hundertmal, schloß die Augen, um die zappelnden Beine nicht sehen zu müssen und ließ erst ab, als er in der Seite einen noch nie gefühlten, leichten, dumpfen Schmerz zu fühlen begann.  »Ach Gott,« dachte er, »was für einen anstrengenden Beruf habe ich gewählt!",gewählt,1990,1997,I-process,O,I-Direct thought,O
metamorphosis,CURATION_USER_Kafka_Franz_Die_Verwandlung,10,"Er versuchte es wohl hundertmal, schloß die Augen, um die zappelnden Beine nicht sehen zu müssen und ließ erst ab, als er in der Seite einen noch nie gefühlten, leichten, dumpfen Schmerz zu fühlen begann.  »Ach Gott,« dachte er, »was für einen anstrengenden Beruf habe ich gewählt!",!,1997,1998,O,O,O,O
metamorphosis,CURATION_USER_Kafka_Franz_Die_Verwandlung,11,"Tag aus, Tag ein auf der Reise.",Tag,1999,2002,B-non_event,O,B-Direct thought,O
metamorphosis,CURATION_USER_Kafka_Franz_Die_Verwandlung,11,"Tag aus, Tag ein auf der Reise.",aus,2003,2006,I-non_event,O,I-Direct thought,O
metamorphosis,CURATION_USER_Kafka_Franz_Die_Verwandlung,11,"Tag aus, Tag ein auf der Reise.",",",2006,2007,I-non_event,O,I-Direct thought,O
metamorphosis,CURATION_USER_Kafka_Franz_Die_Verwandlung,11,"Tag aus, Tag ein auf der Reise.",Tag,2008,2011,I-non_event,O,I-Direct thought,O
metamorphosis,CURATION_USER_Kafka_Franz_Die_Verwandlung,11,"Tag aus, Tag ein auf der Reise.",ein,2012,2015,I-non_event,O,I-Direct thought,O
metamorphosis,CURATION_USER_Kafka_Franz_Die_Verwandlung,11,"Tag aus, Tag ein auf der Reise.",auf,2016,2019,I-non_event,O,I-Direct thought,O
metamorphosis,CURATION_USER_Kafka_Franz_Die_Verwandlung,11,"Tag aus, Tag ein auf der Reise.",der,2020,2023,I-non_event,O,I-Direct thought,O
metamorphosis,CURATION_USER_Kafka_Franz_Die_Verwandlung,11,"Tag aus, Tag ein auf der Reise.",Reise,2024,2029,I-non_event,O,I-Direct thought,O
metamorphosis,CURATION_USER_Kafka_Franz_Die_Verwandlung,11,"Tag aus, Tag ein auf der Reise.",.,2029,2030,O,O,O,O
metamorphosis,CURATION_USER_Kafka_Franz_Die_Verwandlung,12,"Die geschäftlichen Aufregungen sind viel größer, als im eigentlichen Geschäft zuhause, und außerdem ist mir noch diese Plage des Reisens auferlegt, die Sorgen um die Zuganschlüsse, das unregelmäßige, schlechte Essen, ein immer wechselnder, nie andauernder, nie herzlich werdender menschlicher Verkehr.",Die,2031,2034,B-stative_event,O,B-Direct thought,O
metamorphosis,CURATION_USER_Kafka_Franz_Die_Verwandlung,12,"Die geschäftlichen Aufregungen sind viel größer, als im eigentlichen Geschäft zuhause, und außerdem ist mir noch diese Plage des Reisens auferlegt, die Sorgen um die Zuganschlüsse, das unregelmäßige, schlechte Essen, ein immer wechselnder, nie andauernder, nie herzlich werdender menschlicher Verkehr.",geschäftlichen,2035,2049,I-stative_event,O,I-Direct thought,O
metamorphosis,CURATION_USER_Kafka_Franz_Die_Verwandlung,12,"Die geschäftlichen Aufregungen sind viel größer, als im eigentlichen Geschäft zuhause, und außerdem ist mir noch diese Plage des Reisens auferlegt, die Sorgen um die Zuganschlüsse, das unregelmäßige, schlechte Essen, ein immer wechselnder, nie andauernder, nie herzlich werdender menschlicher Verkehr.",Aufregungen,2050,2061,I-stative_event,O,I-Direct thought,O
metamorphosis,CURATION_USER_Kafka_Franz_Die_Verwandlung,12,"Die geschäftlichen Aufregungen sind viel größer, als im eigentlichen Geschäft zuhause, und außerdem ist mir noch diese Plage des Reisens auferlegt, die Sorgen um die Zuganschlüsse, das unregelmäßige, schlechte Essen, ein immer wechselnder, nie andauernder, nie herzlich werdender menschlicher Verkehr.",sind,2062,2066,I-stative_event,O,I-Direct thought,O
metamorphosis,CURATION_USER_Kafka_Franz_Die_Verwandlung,12,"Die geschäftlichen Aufregungen sind viel größer, als im eigentlichen Geschäft zuhause, und außerdem ist mir noch diese Plage des Reisens auferlegt, die Sorgen um die Zuganschlüsse, das unregelmäßige, schlechte Essen, ein immer wechselnder, nie andauernder, nie herzlich werdender menschlicher Verkehr.",viel,2067,2071,I-stative_event,O,I-Direct thought,O
metamorphosis,CURATION_USER_Kafka_Franz_Die_Verwandlung,12,"Die geschäftlichen Aufregungen sind viel größer, als im eigentlichen Geschäft zuhause, und außerdem ist mir noch diese Plage des Reisens auferlegt, die Sorgen um die Zuganschlüsse, das unregelmäßige, schlechte Essen, ein immer wechselnder, nie andauernder, nie herzlich werdender menschlicher Verkehr.",größer,2072,2078,I-stative_event,O,I-Direct thought,O
metamorphosis,CURATION_USER_Kafka_Franz_Die_Verwandlung,12,"Die geschäftlichen Aufregungen sind viel größer, als im eigentlichen Geschäft zuhause, und außerdem ist mir noch diese Plage des Reisens auferlegt, die Sorgen um die Zuganschlüsse, das unregelmäßige, schlechte Essen, ein immer wechselnder, nie andauernder, nie herzlich werdender menschlicher Verkehr.",",",2078,2079,I-stative_event,O,I-Direct thought,O
metamorphosis,CURATION_USER_Kafka_Franz_Die_Verwandlung,12,"Die geschäftlichen Aufregungen sind viel größer, als im eigentlichen Geschäft zuhause, und außerdem ist mir noch diese Plage des Reisens auferlegt, die Sorgen um die Zuganschlüsse, das unregelmäßige, schlechte Essen, ein immer wechselnder, nie andauernder, nie herzlich werdender menschlicher Verkehr.",als,2080,2083,I-stative_event,O,I-Direct thought,O
metamorphosis,CURATION_USER_Kafka_Franz_Die_Verwandlung,12,"Die geschäftlichen Aufregungen sind viel größer, als im eigentlichen Geschäft zuhause, und außerdem ist mir noch diese Plage des Reisens auferlegt, die Sorgen um die Zuganschlüsse, das unregelmäßige, schlechte Essen, ein immer wechselnder, nie andauernder, nie herzlich werdender menschlicher Verkehr.",im,2084,2086,I-stative_event,O,I-Direct thought,O
metamorphosis,CURATION_USER_Kafka_Franz_Die_Verwandlung,12,"Die geschäftlichen Aufregungen sind viel größer, als im eigentlichen Geschäft zuhause, und außerdem ist mir noch diese Plage des Reisens auferlegt, die Sorgen um die Zuganschlüsse, das unregelmäßige, schlechte Essen, ein immer wechselnder, nie andauernder, nie herzlich werdender menschlicher Verkehr.",eigentlichen,2087,2099,I-stative_event,O,I-Direct thought,O
metamorphosis,CURATION_USER_Kafka_Franz_Die_Verwandlung,12,"Die geschäftlichen Aufregungen sind viel größer, als im eigentlichen Geschäft zuhause, und außerdem ist mir noch diese Plage des Reisens auferlegt, die Sorgen um die Zuganschlüsse, das unregelmäßige, schlechte Essen, ein immer wechselnder, nie andauernder, nie herzlich werdender menschlicher Verkehr.",Geschäft,2100,2108,I-stative_event,O,I-Direct thought,O
metamorphosis,CURATION_USER_Kafka_Franz_Die_Verwandlung,12,"Die geschäftlichen Aufregungen sind viel größer, als im eigentlichen Geschäft zuhause, und außerdem ist mir noch diese Plage des Reisens auferlegt, die Sorgen um die Zuganschlüsse, das unregelmäßige, schlechte Essen, ein immer wechselnder, nie andauernder, nie herzlich werdender menschlicher Verkehr.",zuhause,2109,2116,I-stative_event,O,I-Direct thought,O
metamorphosis,CURATION_USER_Kafka_Franz_Die_Verwandlung,12,"Die geschäftlichen Aufregungen sind viel größer, als im eigentlichen Geschäft zuhause, und außerdem ist mir noch diese Plage des Reisens auferlegt, die Sorgen um die Zuganschlüsse, das unregelmäßige, schlechte Essen, ein immer wechselnder, nie andauernder, nie herzlich werdender menschlicher Verkehr.",",",2116,2117,O,O,O,O
metamorphosis,CURATION_USER_Kafka_Franz_Die_Verwandlung,12,"Die geschäftlichen Aufregungen sind viel größer, als im eigentlichen Geschäft zuhause, und außerdem ist mir noch diese Plage des Reisens auferlegt, die Sorgen um die Zuganschlüsse, das unregelmäßige, schlechte Essen, ein immer wechselnder, nie andauernder, nie herzlich werdender menschlicher Verkehr.",und,2118,2121,B-stative_event,O,B-Direct thought,O
metamorphosis,CURATION_USER_Kafka_Franz_Die_Verwandlung,12,"Die geschäftlichen Aufregungen sind viel größer, als im eigentlichen Geschäft zuhause, und außerdem ist mir noch diese Plage des Reisens auferlegt, die Sorgen um die Zuganschlüsse, das unregelmäßige, schlechte Essen, ein immer wechselnder, nie andauernder, nie herzlich werdender menschlicher Verkehr.",außerdem,2122,2130,I-stative_event,O,I-Direct thought,O
metamorphosis,CURATION_USER_Kafka_Franz_Die_Verwandlung,12,"Die geschäftlichen Aufregungen sind viel größer, als im eigentlichen Geschäft zuhause, und außerdem ist mir noch diese Plage des Reisens auferlegt, die Sorgen um die Zuganschlüsse, das unregelmäßige, schlechte Essen, ein immer wechselnder, nie andauernder, nie herzlich werdender menschlicher Verkehr.",ist,2131,2134,I-stative_event,O,I-Direct thought,O
metamorphosis,CURATION_USER_Kafka_Franz_Die_Verwandlung,12,"Die geschäftlichen Aufregungen sind viel größer, als im eigentlichen Geschäft zuhause, und außerdem ist mir noch diese Plage des Reisens auferlegt, die Sorgen um die Zuganschlüsse, das unregelmäßige, schlechte Essen, ein immer wechselnder, nie andauernder, nie herzlich werdender menschlicher Verkehr.",mir,2135,2138,I-stative_event,O,I-Direct thought,O
metamorphosis,CURATION_USER_Kafka_Franz_Die_Verwandlung,12,"Die geschäftlichen Aufregungen sind viel größer, als im eigentlichen Geschäft zuhause, und außerdem ist mir noch diese Plage des Reisens auferlegt, die Sorgen um die Zuganschlüsse, das unregelmäßige, schlechte Essen, ein immer wechselnder, nie andauernder, nie herzlich werdender menschlicher Verkehr.",noch,2139,2143,I-stative_event,O,I-Direct thought,O
metamorphosis,CURATION_USER_Kafka_Franz_Die_Verwandlung,12,"Die geschäftlichen Aufregungen sind viel größer, als im eigentlichen Geschäft zuhause, und außerdem ist mir noch diese Plage des Reisens auferlegt, die Sorgen um die Zuganschlüsse, das unregelmäßige, schlechte Essen, ein immer wechselnder, nie andauernder, nie herzlich werdender menschlicher Verkehr.",diese,2144,2149,I-stative_event,O,I-Direct thought,O
metamorphosis,CURATION_USER_Kafka_Franz_Die_Verwandlung,12,"Die geschäftlichen Aufregungen sind viel größer, als im eigentlichen Geschäft zuhause, und außerdem ist mir noch diese Plage des Reisens auferlegt, die Sorgen um die Zuganschlüsse, das unregelmäßige, schlechte Essen, ein immer wechselnder, nie andauernder, nie herzlich werdender menschlicher Verkehr.",Plage,2150,2155,I-stative_event,O,I-Direct thought,O
metamorphosis,CURATION_USER_Kafka_Franz_Die_Verwandlung,12,"Die geschäftlichen Aufregungen sind viel größer, als im eigentlichen Geschäft zuhause, und außerdem ist mir noch diese Plage des Reisens auferlegt, die Sorgen um die Zuganschlüsse, das unregelmäßige, schlechte Essen, ein immer wechselnder, nie andauernder, nie herzlich werdender menschlicher Verkehr.",des,2156,2159,I-stative_event,O,I-Direct thought,O
metamorphosis,CURATION_USER_Kafka_Franz_Die_Verwandlung,12,"Die geschäftlichen Aufregungen sind viel größer, als im eigentlichen Geschäft zuhause, und außerdem ist mir noch diese Plage des Reisens auferlegt, die Sorgen um die Zuganschlüsse, das unregelmäßige, schlechte Essen, ein immer wechselnder, nie andauernder, nie herzlich werdender menschlicher Verkehr.",Reisens,2160,2167,I-stative_event,O,I-Direct thought,O
metamorphosis,CURATION_USER_Kafka_Franz_Die_Verwandlung,12,"Die geschäftlichen Aufregungen sind viel größer, als im eigentlichen Geschäft zuhause, und außerdem ist mir noch diese Plage des Reisens auferlegt, die Sorgen um die Zuganschlüsse, das unregelmäßige, schlechte Essen, ein immer wechselnder, nie andauernder, nie herzlich werdender menschlicher Verkehr.",auferlegt,2168,2177,I-stative_event,O,I-Direct thought,O
metamorphosis,CURATION_USER_Kafka_Franz_Die_Verwandlung,12,"Die geschäftlichen Aufregungen sind viel größer, als im eigentlichen Geschäft zuhause, und außerdem ist mir noch diese Plage des Reisens auferlegt, die Sorgen um die Zuganschlüsse, das unregelmäßige, schlechte Essen, ein immer wechselnder, nie andauernder, nie herzlich werdender menschlicher Verkehr.",",",2177,2178,I-stative_event,O,I-Direct thought,O
metamorphosis,CURATION_USER_Kafka_Franz_Die_Verwandlung,12,"Die geschäftlichen Aufregungen sind viel größer, als im eigentlichen Geschäft zuhause, und außerdem ist mir noch diese Plage des Reisens auferlegt, die Sorgen um die Zuganschlüsse, das unregelmäßige, schlechte Essen, ein immer wechselnder, nie andauernder, nie herzlich werdender menschlicher Verkehr.",die,2179,2182,I-stative_event,O,I-Direct thought,O
metamorphosis,CURATION_USER_Kafka_Franz_Die_Verwandlung,12,"Die geschäftlichen Aufregungen sind viel größer, als im eigentlichen Geschäft zuhause, und außerdem ist mir noch diese Plage des Reisens auferlegt, die Sorgen um die Zuganschlüsse, das unregelmäßige, schlechte Essen, ein immer wechselnder, nie andauernder, nie herzlich werdender menschlicher Verkehr.",Sorgen,2183,2189,I-stative_event,O,I-Direct thought,O
metamorphosis,CURATION_USER_Kafka_Franz_Die_Verwandlung,12,"Die geschäftlichen Aufregungen sind viel größer, als im eigentlichen Geschäft zuhause, und außerdem ist mir noch diese Plage des Reisens auferlegt, die Sorgen um die Zuganschlüsse, das unregelmäßige, schlechte Essen, ein immer wechselnder, nie andauernder, nie herzlich werdender menschlicher Verkehr.",um,2190,2192,I-stative_event,O,I-Direct thought,O
metamorphosis,CURATION_USER_Kafka_Franz_Die_Verwandlung,12,"Die geschäftlichen Aufregungen sind viel größer, als im eigentlichen Geschäft zuhause, und außerdem ist mir noch diese Plage des Reisens auferlegt, die Sorgen um die Zuganschlüsse, das unregelmäßige, schlechte Essen, ein immer wechselnder, nie andauernder, nie herzlich werdender menschlicher Verkehr.",die,2193,2196,I-stative_event,O,I-Direct thought,O
metamorphosis,CURATION_USER_Kafka_Franz_Die_Verwandlung,12,"Die geschäftlichen Aufregungen sind viel größer, als im eigentlichen Geschäft zuhause, und außerdem ist mir noch diese Plage des Reisens auferlegt, die Sorgen um die Zuganschlüsse, das unregelmäßige, schlechte Essen, ein immer wechselnder, nie andauernder, nie herzlich werdender menschlicher Verkehr.",Zuganschlüsse,2197,2210,I-stative_event,O,I-Direct thought,O
metamorphosis,CURATION_USER_Kafka_Franz_Die_Verwandlung,12,"Die geschäftlichen Aufregungen sind viel größer, als im eigentlichen Geschäft zuhause, und außerdem ist mir noch diese Plage des Reisens auferlegt, die Sorgen um die Zuganschlüsse, das unregelmäßige, schlechte Essen, ein immer wechselnder, nie andauernder, nie herzlich werdender menschlicher Verkehr.",",",2210,2211,I-stative_event,O,I-Direct thought,O
metamorphosis,CURATION_USER_Kafka_Franz_Die_Verwandlung,12,"Die geschäftlichen Aufregungen sind viel größer, als im eigentlichen Geschäft zuhause, und außerdem ist mir noch diese Plage des Reisens auferlegt, die Sorgen um die Zuganschlüsse, das unregelmäßige, schlechte Essen, ein immer wechselnder, nie andauernder, nie herzlich werdender menschlicher Verkehr.",das,2212,2215,I-stative_event,O,I-Direct thought,O
metamorphosis,CURATION_USER_Kafka_Franz_Die_Verwandlung,12,"Die geschäftlichen Aufregungen sind viel größer, als im eigentlichen Geschäft zuhause, und außerdem ist mir noch diese Plage des Reisens auferlegt, die Sorgen um die Zuganschlüsse, das unregelmäßige, schlechte Essen, ein immer wechselnder, nie andauernder, nie herzlich werdender menschlicher Verkehr.",unregelmäßige,2216,2229,I-stative_event,O,I-Direct thought,O
metamorphosis,CURATION_USER_Kafka_Franz_Die_Verwandlung,12,"Die geschäftlichen Aufregungen sind viel größer, als im eigentlichen Geschäft zuhause, und außerdem ist mir noch diese Plage des Reisens auferlegt, die Sorgen um die Zuganschlüsse, das unregelmäßige, schlechte Essen, ein immer wechselnder, nie andauernder, nie herzlich werdender menschlicher Verkehr.",",",2229,2230,I-stative_event,O,I-Direct thought,O
metamorphosis,CURATION_USER_Kafka_Franz_Die_Verwandlung,12,"Die geschäftlichen Aufregungen sind viel größer, als im eigentlichen Geschäft zuhause, und außerdem ist mir noch diese Plage des Reisens auferlegt, die Sorgen um die Zuganschlüsse, das unregelmäßige, schlechte Essen, ein immer wechselnder, nie andauernder, nie herzlich werdender menschlicher Verkehr.",schlechte,2231,2240,I-stative_event,O,I-Direct thought,O
metamorphosis,CURATION_USER_Kafka_Franz_Die_Verwandlung,12,"Die geschäftlichen Aufregungen sind viel größer, als im eigentlichen Geschäft zuhause, und außerdem ist mir noch diese Plage des Reisens auferlegt, die Sorgen um die Zuganschlüsse, das unregelmäßige, schlechte Essen, ein immer wechselnder, nie andauernder, nie herzlich werdender menschlicher Verkehr.",Essen,2241,2246,I-stative_event,O,I-Direct thought,O
metamorphosis,CURATION_USER_Kafka_Franz_Die_Verwandlung,12,"Die geschäftlichen Aufregungen sind viel größer, als im eigentlichen Geschäft zuhause, und außerdem ist mir noch diese Plage des Reisens auferlegt, die Sorgen um die Zuganschlüsse, das unregelmäßige, schlechte Essen, ein immer wechselnder, nie andauernder, nie herzlich werdender menschlicher Verkehr.",",",2246,2247,I-stative_event,O,I-Direct thought,O
metamorphosis,CURATION_USER_Kafka_Franz_Die_Verwandlung,12,"Die geschäftlichen Aufregungen sind viel größer, als im eigentlichen Geschäft zuhause, und außerdem ist mir noch diese Plage des Reisens auferlegt, die Sorgen um die Zuganschlüsse, das unregelmäßige, schlechte Essen, ein immer wechselnder, nie andauernder, nie herzlich werdender menschlicher Verkehr.",ein,2248,2251,I-stative_event,O,I-Direct thought,O
metamorphosis,CURATION_USER_Kafka_Franz_Die_Verwandlung,12,"Die geschäftlichen Aufregungen sind viel größer, als im eigentlichen Geschäft zuhause, und außerdem ist mir noch diese Plage des Reisens auferlegt, die Sorgen um die Zuganschlüsse, das unregelmäßige, schlechte Essen, ein immer wechselnder, nie andauernder, nie herzlich werdender menschlicher Verkehr.",immer,2252,2257,I-stative_event,O,I-Direct thought,O
metamorphosis,CURATION_USER_Kafka_Franz_Die_Verwandlung,12,"Die geschäftlichen Aufregungen sind viel größer, als im eigentlichen Geschäft zuhause, und außerdem ist mir noch diese Plage des Reisens auferlegt, die Sorgen um die Zuganschlüsse, das unregelmäßige, schlechte Essen, ein immer wechselnder, nie andauernder, nie herzlich werdender menschlicher Verkehr.",wechselnder,2258,2269,I-stative_event,O,I-Direct thought,O
metamorphosis,CURATION_USER_Kafka_Franz_Die_Verwandlung,12,"Die geschäftlichen Aufregungen sind viel größer, als im eigentlichen Geschäft zuhause, und außerdem ist mir noch diese Plage des Reisens auferlegt, die Sorgen um die Zuganschlüsse, das unregelmäßige, schlechte Essen, ein immer wechselnder, nie andauernder, nie herzlich werdender menschlicher Verkehr.",",",2269,2270,I-stative_event,O,I-Direct thought,O
metamorphosis,CURATION_USER_Kafka_Franz_Die_Verwandlung,12,"Die geschäftlichen Aufregungen sind viel größer, als im eigentlichen Geschäft zuhause, und außerdem ist mir noch diese Plage des Reisens auferlegt, die Sorgen um die Zuganschlüsse, das unregelmäßige, schlechte Essen, ein immer wechselnder, nie andauernder, nie herzlich werdender menschlicher Verkehr.",nie,2271,2274,I-stative_event,O,I-Direct thought,O
metamorphosis,CURATION_USER_Kafka_Franz_Die_Verwandlung,12,"Die geschäftlichen Aufregungen sind viel größer, als im eigentlichen Geschäft zuhause, und außerdem ist mir noch diese Plage des Reisens auferlegt, die Sorgen um die Zuganschlüsse, das unregelmäßige, schlechte Essen, ein immer wechselnder, nie andauernder, nie herzlich werdender menschlicher Verkehr.",andauernder,2275,2286,I-stative_event,O,I-Direct thought,O
metamorphosis,CURATION_USER_Kafka_Franz_Die_Verwandlung,12,"Die geschäftlichen Aufregungen sind viel größer, als im eigentlichen Geschäft zuhause, und außerdem ist mir noch diese Plage des Reisens auferlegt, die Sorgen um die Zuganschlüsse, das unregelmäßige, schlechte Essen, ein immer wechselnder, nie andauernder, nie herzlich werdender menschlicher Verkehr.",",",2286,2287,I-stative_event,O,I-Direct thought,O
metamorphosis,CURATION_USER_Kafka_Franz_Die_Verwandlung,12,"Die geschäftlichen Aufregungen sind viel größer, als im eigentlichen Geschäft zuhause, und außerdem ist mir noch diese Plage des Reisens auferlegt, die Sorgen um die Zuganschlüsse, das unregelmäßige, schlechte Essen, ein immer wechselnder, nie andauernder, nie herzlich werdender menschlicher Verkehr.",nie,2288,2291,I-stative_event,O,I-Direct thought,O
metamorphosis,CURATION_USER_Kafka_Franz_Die_Verwandlung,12,"Die geschäftlichen Aufregungen sind viel größer, als im eigentlichen Geschäft zuhause, und außerdem ist mir noch diese Plage des Reisens auferlegt, die Sorgen um die Zuganschlüsse, das unregelmäßige, schlechte Essen, ein immer wechselnder, nie andauernder, nie herzlich werdender menschlicher Verkehr.",herzlich,2292,2300,I-stative_event,O,I-Direct thought,O
metamorphosis,CURATION_USER_Kafka_Franz_Die_Verwandlung,12,"Die geschäftlichen Aufregungen sind viel größer, als im eigentlichen Geschäft zuhause, und außerdem ist mir noch diese Plage des Reisens auferlegt, die Sorgen um die Zuganschlüsse, das unregelmäßige, schlechte Essen, ein immer wechselnder, nie andauernder, nie herzlich werdender menschlicher Verkehr.",werdender,2301,2310,I-stative_event,O,I-Direct thought,O
metamorphosis,CURATION_USER_Kafka_Franz_Die_Verwandlung,12,"Die geschäftlichen Aufregungen sind viel größer, als im eigentlichen Geschäft zuhause, und außerdem ist mir noch diese Plage des Reisens auferlegt, die Sorgen um die Zuganschlüsse, das unregelmäßige, schlechte Essen, ein immer wechselnder, nie andauernder, nie herzlich werdender menschlicher Verkehr.",menschlicher,2311,2323,I-stative_event,O,I-Direct thought,O
metamorphosis,CURATION_USER_Kafka_Franz_Die_Verwandlung,12,"Die geschäftlichen Aufregungen sind viel größer, als im eigentlichen Geschäft zuhause, und außerdem ist mir noch diese Plage des Reisens auferlegt, die Sorgen um die Zuganschlüsse, das unregelmäßige, schlechte Essen, ein immer wechselnder, nie andauernder, nie herzlich werdender menschlicher Verkehr.",Verkehr,2324,2331,I-stative_event,O,I-Direct thought,O
metamorphosis,CURATION_USER_Kafka_Franz_Die_Verwandlung,12,"Die geschäftlichen Aufregungen sind viel größer, als im eigentlichen Geschäft zuhause, und außerdem ist mir noch diese Plage des Reisens auferlegt, die Sorgen um die Zuganschlüsse, das unregelmäßige, schlechte Essen, ein immer wechselnder, nie andauernder, nie herzlich werdender menschlicher Verkehr.",.,2331,2332,O,O,O,O
metamorphosis,CURATION_USER_Kafka_Franz_Die_Verwandlung,13,Der Teufel soll das alles holen!,Der,2333,2336,B-non_event,O,B-Direct thought,O
metamorphosis,CURATION_USER_Kafka_Franz_Die_Verwandlung,13,Der Teufel soll das alles holen!,Teufel,2337,2343,I-non_event,O,I-Direct thought,O
metamorphosis,CURATION_USER_Kafka_Franz_Die_Verwandlung,13,Der Teufel soll das alles holen!,soll,2344,2348,I-non_event,O,I-Direct thought,O
metamorphosis,CURATION_USER_Kafka_Franz_Die_Verwandlung,13,Der Teufel soll das alles holen!,das,2349,2352,I-non_event,O,I-Direct thought,O
metamorphosis,CURATION_USER_Kafka_Franz_Die_Verwandlung,13,Der Teufel soll das alles holen!,alles,2353,2358,I-non_event,O,I-Direct thought,O
metamorphosis,CURATION_USER_Kafka_Franz_Die_Verwandlung,13,Der Teufel soll das alles holen!,holen,2359,2364,I-non_event,O,I-Direct thought,O
metamorphosis,CURATION_USER_Kafka_Franz_Die_Verwandlung,13,Der Teufel soll das alles holen!,!,2364,2365,O,O,O,O
metamorphosis,CURATION_USER_Kafka_Franz_Die_Verwandlung,14,"« Er fühlte ein leichtes Jucken oben auf dem Bauch; schob sich auf dem Rücken langsam näher zum Bettpfosten, um den Kopf besser heben zu können; fand die juckende Stelle, die mit lauter kleinen weißen Pünktchen besetzt war, die er nicht zu beurteilen verstand; und wollte mit einem Bein die Stelle betasten, zog es aber gleich zurück, denn bei der Berührung umwehten ihn Kälteschauer.",«,2365,2366,O,O,O,O
metamorphosis,CURATION_USER_Kafka_Franz_Die_Verwandlung,14,"« Er fühlte ein leichtes Jucken oben auf dem Bauch; schob sich auf dem Rücken langsam näher zum Bettpfosten, um den Kopf besser heben zu können; fand die juckende Stelle, die mit lauter kleinen weißen Pünktchen besetzt war, die er nicht zu beurteilen verstand; und wollte mit einem Bein die Stelle betasten, zog es aber gleich zurück, denn bei der Berührung umwehten ihn Kälteschauer.",Er,2367,2369,B-process,O,O,O
metamorphosis,CURATION_USER_Kafka_Franz_Die_Verwandlung,14,"« Er fühlte ein leichtes Jucken oben auf dem Bauch; schob sich auf dem Rücken langsam näher zum Bettpfosten, um den Kopf besser heben zu können; fand die juckende Stelle, die mit lauter kleinen weißen Pünktchen besetzt war, die er nicht zu beurteilen verstand; und wollte mit einem Bein die Stelle betasten, zog es aber gleich zurück, denn bei der Berührung umwehten ihn Kälteschauer.",fühlte,2370,2376,I-process,O,O,O
metamorphosis,CURATION_USER_Kafka_Franz_Die_Verwandlung,14,"« Er fühlte ein leichtes Jucken oben auf dem Bauch; schob sich auf dem Rücken langsam näher zum Bettpfosten, um den Kopf besser heben zu können; fand die juckende Stelle, die mit lauter kleinen weißen Pünktchen besetzt war, die er nicht zu beurteilen verstand; und wollte mit einem Bein die Stelle betasten, zog es aber gleich zurück, denn bei der Berührung umwehten ihn Kälteschauer.",ein,2377,2380,I-process,O,O,O
metamorphosis,CURATION_USER_Kafka_Franz_Die_Verwandlung,14,"« Er fühlte ein leichtes Jucken oben auf dem Bauch; schob sich auf dem Rücken langsam näher zum Bettpfosten, um den Kopf besser heben zu können; fand die juckende Stelle, die mit lauter kleinen weißen Pünktchen besetzt war, die er nicht zu beurteilen verstand; und wollte mit einem Bein die Stelle betasten, zog es aber gleich zurück, denn bei der Berührung umwehten ihn Kälteschauer.",leichtes,2381,2389,I-process,O,O,O
metamorphosis,CURATION_USER_Kafka_Franz_Die_Verwandlung,14,"« Er fühlte ein leichtes Jucken oben auf dem Bauch; schob sich auf dem Rücken langsam näher zum Bettpfosten, um den Kopf besser heben zu können; fand die juckende Stelle, die mit lauter kleinen weißen Pünktchen besetzt war, die er nicht zu beurteilen verstand; und wollte mit einem Bein die Stelle betasten, zog es aber gleich zurück, denn bei der Berührung umwehten ihn Kälteschauer.",Jucken,2390,2396,I-process,O,O,O
metamorphosis,CURATION_USER_Kafka_Franz_Die_Verwandlung,14,"« Er fühlte ein leichtes Jucken oben auf dem Bauch; schob sich auf dem Rücken langsam näher zum Bettpfosten, um den Kopf besser heben zu können; fand die juckende Stelle, die mit lauter kleinen weißen Pünktchen besetzt war, die er nicht zu beurteilen verstand; und wollte mit einem Bein die Stelle betasten, zog es aber gleich zurück, denn bei der Berührung umwehten ihn Kälteschauer.",oben,2397,2401,I-process,O,O,O
metamorphosis,CURATION_USER_Kafka_Franz_Die_Verwandlung,14,"« Er fühlte ein leichtes Jucken oben auf dem Bauch; schob sich auf dem Rücken langsam näher zum Bettpfosten, um den Kopf besser heben zu können; fand die juckende Stelle, die mit lauter kleinen weißen Pünktchen besetzt war, die er nicht zu beurteilen verstand; und wollte mit einem Bein die Stelle betasten, zog es aber gleich zurück, denn bei der Berührung umwehten ihn Kälteschauer.",auf,2402,2405,I-process,O,O,O
metamorphosis,CURATION_USER_Kafka_Franz_Die_Verwandlung,14,"« Er fühlte ein leichtes Jucken oben auf dem Bauch; schob sich auf dem Rücken langsam näher zum Bettpfosten, um den Kopf besser heben zu können; fand die juckende Stelle, die mit lauter kleinen weißen Pünktchen besetzt war, die er nicht zu beurteilen verstand; und wollte mit einem Bein die Stelle betasten, zog es aber gleich zurück, denn bei der Berührung umwehten ihn Kälteschauer.",dem,2406,2409,I-process,O,O,O
metamorphosis,CURATION_USER_Kafka_Franz_Die_Verwandlung,14,"« Er fühlte ein leichtes Jucken oben auf dem Bauch; schob sich auf dem Rücken langsam näher zum Bettpfosten, um den Kopf besser heben zu können; fand die juckende Stelle, die mit lauter kleinen weißen Pünktchen besetzt war, die er nicht zu beurteilen verstand; und wollte mit einem Bein die Stelle betasten, zog es aber gleich zurück, denn bei der Berührung umwehten ihn Kälteschauer.",Bauch,2410,2415,I-process,O,O,O
metamorphosis,CURATION_USER_Kafka_Franz_Die_Verwandlung,14,"« Er fühlte ein leichtes Jucken oben auf dem Bauch; schob sich auf dem Rücken langsam näher zum Bettpfosten, um den Kopf besser heben zu können; fand die juckende Stelle, die mit lauter kleinen weißen Pünktchen besetzt war, die er nicht zu beurteilen verstand; und wollte mit einem Bein die Stelle betasten, zog es aber gleich zurück, denn bei der Berührung umwehten ihn Kälteschauer.",;,2415,2416,O,O,O,O
metamorphosis,CURATION_USER_Kafka_Franz_Die_Verwandlung,14,"« Er fühlte ein leichtes Jucken oben auf dem Bauch; schob sich auf dem Rücken langsam näher zum Bettpfosten, um den Kopf besser heben zu können; fand die juckende Stelle, die mit lauter kleinen weißen Pünktchen besetzt war, die er nicht zu beurteilen verstand; und wollte mit einem Bein die Stelle betasten, zog es aber gleich zurück, denn bei der Berührung umwehten ihn Kälteschauer.",schob,2417,2422,B-process,O,O,O
metamorphosis,CURATION_USER_Kafka_Franz_Die_Verwandlung,14,"« Er fühlte ein leichtes Jucken oben auf dem Bauch; schob sich auf dem Rücken langsam näher zum Bettpfosten, um den Kopf besser heben zu können; fand die juckende Stelle, die mit lauter kleinen weißen Pünktchen besetzt war, die er nicht zu beurteilen verstand; und wollte mit einem Bein die Stelle betasten, zog es aber gleich zurück, denn bei der Berührung umwehten ihn Kälteschauer.",sich,2423,2427,I-process,O,O,O
metamorphosis,CURATION_USER_Kafka_Franz_Die_Verwandlung,14,"« Er fühlte ein leichtes Jucken oben auf dem Bauch; schob sich auf dem Rücken langsam näher zum Bettpfosten, um den Kopf besser heben zu können; fand die juckende Stelle, die mit lauter kleinen weißen Pünktchen besetzt war, die er nicht zu beurteilen verstand; und wollte mit einem Bein die Stelle betasten, zog es aber gleich zurück, denn bei der Berührung umwehten ihn Kälteschauer.",auf,2428,2431,I-process,O,O,O
metamorphosis,CURATION_USER_Kafka_Franz_Die_Verwandlung,14,"« Er fühlte ein leichtes Jucken oben auf dem Bauch; schob sich auf dem Rücken langsam näher zum Bettpfosten, um den Kopf besser heben zu können; fand die juckende Stelle, die mit lauter kleinen weißen Pünktchen besetzt war, die er nicht zu beurteilen verstand; und wollte mit einem Bein die Stelle betasten, zog es aber gleich zurück, denn bei der Berührung umwehten ihn Kälteschauer.",dem,2432,2435,I-process,O,O,O
metamorphosis,CURATION_USER_Kafka_Franz_Die_Verwandlung,14,"« Er fühlte ein leichtes Jucken oben auf dem Bauch; schob sich auf dem Rücken langsam näher zum Bettpfosten, um den Kopf besser heben zu können; fand die juckende Stelle, die mit lauter kleinen weißen Pünktchen besetzt war, die er nicht zu beurteilen verstand; und wollte mit einem Bein die Stelle betasten, zog es aber gleich zurück, denn bei der Berührung umwehten ihn Kälteschauer.",Rücken,2436,2442,I-process,O,O,O
metamorphosis,CURATION_USER_Kafka_Franz_Die_Verwandlung,14,"« Er fühlte ein leichtes Jucken oben auf dem Bauch; schob sich auf dem Rücken langsam näher zum Bettpfosten, um den Kopf besser heben zu können; fand die juckende Stelle, die mit lauter kleinen weißen Pünktchen besetzt war, die er nicht zu beurteilen verstand; und wollte mit einem Bein die Stelle betasten, zog es aber gleich zurück, denn bei der Berührung umwehten ihn Kälteschauer.",langsam,2443,2450,I-process,O,O,O
metamorphosis,CURATION_USER_Kafka_Franz_Die_Verwandlung,14,"« Er fühlte ein leichtes Jucken oben auf dem Bauch; schob sich auf dem Rücken langsam näher zum Bettpfosten, um den Kopf besser heben zu können; fand die juckende Stelle, die mit lauter kleinen weißen Pünktchen besetzt war, die er nicht zu beurteilen verstand; und wollte mit einem Bein die Stelle betasten, zog es aber gleich zurück, denn bei der Berührung umwehten ihn Kälteschauer.",näher,2451,2456,I-process,O,O,O
metamorphosis,CURATION_USER_Kafka_Franz_Die_Verwandlung,14,"« Er fühlte ein leichtes Jucken oben auf dem Bauch; schob sich auf dem Rücken langsam näher zum Bettpfosten, um den Kopf besser heben zu können; fand die juckende Stelle, die mit lauter kleinen weißen Pünktchen besetzt war, die er nicht zu beurteilen verstand; und wollte mit einem Bein die Stelle betasten, zog es aber gleich zurück, denn bei der Berührung umwehten ihn Kälteschauer.",zum,2457,2460,I-process,O,O,O
metamorphosis,CURATION_USER_Kafka_Franz_Die_Verwandlung,14,"« Er fühlte ein leichtes Jucken oben auf dem Bauch; schob sich auf dem Rücken langsam näher zum Bettpfosten, um den Kopf besser heben zu können; fand die juckende Stelle, die mit lauter kleinen weißen Pünktchen besetzt war, die er nicht zu beurteilen verstand; und wollte mit einem Bein die Stelle betasten, zog es aber gleich zurück, denn bei der Berührung umwehten ihn Kälteschauer.",Bettpfosten,2461,2472,I-process,O,O,O
metamorphosis,CURATION_USER_Kafka_Franz_Die_Verwandlung,14,"« Er fühlte ein leichtes Jucken oben auf dem Bauch; schob sich auf dem Rücken langsam näher zum Bettpfosten, um den Kopf besser heben zu können; fand die juckende Stelle, die mit lauter kleinen weißen Pünktchen besetzt war, die er nicht zu beurteilen verstand; und wollte mit einem Bein die Stelle betasten, zog es aber gleich zurück, denn bei der Berührung umwehten ihn Kälteschauer.",",",2472,2473,I-process,O,O,O
metamorphosis,CURATION_USER_Kafka_Franz_Die_Verwandlung,14,"« Er fühlte ein leichtes Jucken oben auf dem Bauch; schob sich auf dem Rücken langsam näher zum Bettpfosten, um den Kopf besser heben zu können; fand die juckende Stelle, die mit lauter kleinen weißen Pünktchen besetzt war, die er nicht zu beurteilen verstand; und wollte mit einem Bein die Stelle betasten, zog es aber gleich zurück, denn bei der Berührung umwehten ihn Kälteschauer.",um,2474,2476,I-process,O,O,O
metamorphosis,CURATION_USER_Kafka_Franz_Die_Verwandlung,14,"« Er fühlte ein leichtes Jucken oben auf dem Bauch; schob sich auf dem Rücken langsam näher zum Bettpfosten, um den Kopf besser heben zu können; fand die juckende Stelle, die mit lauter kleinen weißen Pünktchen besetzt war, die er nicht zu beurteilen verstand; und wollte mit einem Bein die Stelle betasten, zog es aber gleich zurück, denn bei der Berührung umwehten ihn Kälteschauer.",den,2477,2480,I-process,O,O,O
metamorphosis,CURATION_USER_Kafka_Franz_Die_Verwandlung,14,"« Er fühlte ein leichtes Jucken oben auf dem Bauch; schob sich auf dem Rücken langsam näher zum Bettpfosten, um den Kopf besser heben zu können; fand die juckende Stelle, die mit lauter kleinen weißen Pünktchen besetzt war, die er nicht zu beurteilen verstand; und wollte mit einem Bein die Stelle betasten, zog es aber gleich zurück, denn bei der Berührung umwehten ihn Kälteschauer.",Kopf,2481,2485,I-process,O,O,O
metamorphosis,CURATION_USER_Kafka_Franz_Die_Verwandlung,14,"« Er fühlte ein leichtes Jucken oben auf dem Bauch; schob sich auf dem Rücken langsam näher zum Bettpfosten, um den Kopf besser heben zu können; fand die juckende Stelle, die mit lauter kleinen weißen Pünktchen besetzt war, die er nicht zu beurteilen verstand; und wollte mit einem Bein die Stelle betasten, zog es aber gleich zurück, denn bei der Berührung umwehten ihn Kälteschauer.",besser,2486,2492,I-process,O,O,O
metamorphosis,CURATION_USER_Kafka_Franz_Die_Verwandlung,14,"« Er fühlte ein leichtes Jucken oben auf dem Bauch; schob sich auf dem Rücken langsam näher zum Bettpfosten, um den Kopf besser heben zu können; fand die juckende Stelle, die mit lauter kleinen weißen Pünktchen besetzt war, die er nicht zu beurteilen verstand; und wollte mit einem Bein die Stelle betasten, zog es aber gleich zurück, denn bei der Berührung umwehten ihn Kälteschauer.",heben,2493,2498,I-process,O,O,O
metamorphosis,CURATION_USER_Kafka_Franz_Die_Verwandlung,14,"« Er fühlte ein leichtes Jucken oben auf dem Bauch; schob sich auf dem Rücken langsam näher zum Bettpfosten, um den Kopf besser heben zu können; fand die juckende Stelle, die mit lauter kleinen weißen Pünktchen besetzt war, die er nicht zu beurteilen verstand; und wollte mit einem Bein die Stelle betasten, zog es aber gleich zurück, denn bei der Berührung umwehten ihn Kälteschauer.",zu,2499,2501,I-process,O,O,O
metamorphosis,CURATION_USER_Kafka_Franz_Die_Verwandlung,14,"« Er fühlte ein leichtes Jucken oben auf dem Bauch; schob sich auf dem Rücken langsam näher zum Bettpfosten, um den Kopf besser heben zu können; fand die juckende Stelle, die mit lauter kleinen weißen Pünktchen besetzt war, die er nicht zu beurteilen verstand; und wollte mit einem Bein die Stelle betasten, zog es aber gleich zurück, denn bei der Berührung umwehten ihn Kälteschauer.",können,2502,2508,I-process,O,O,O
metamorphosis,CURATION_USER_Kafka_Franz_Die_Verwandlung,14,"« Er fühlte ein leichtes Jucken oben auf dem Bauch; schob sich auf dem Rücken langsam näher zum Bettpfosten, um den Kopf besser heben zu können; fand die juckende Stelle, die mit lauter kleinen weißen Pünktchen besetzt war, die er nicht zu beurteilen verstand; und wollte mit einem Bein die Stelle betasten, zog es aber gleich zurück, denn bei der Berührung umwehten ihn Kälteschauer.",;,2508,2509,O,O,O,O
metamorphosis,CURATION_USER_Kafka_Franz_Die_Verwandlung,14,"« Er fühlte ein leichtes Jucken oben auf dem Bauch; schob sich auf dem Rücken langsam näher zum Bettpfosten, um den Kopf besser heben zu können; fand die juckende Stelle, die mit lauter kleinen weißen Pünktchen besetzt war, die er nicht zu beurteilen verstand; und wollte mit einem Bein die Stelle betasten, zog es aber gleich zurück, denn bei der Berührung umwehten ihn Kälteschauer.",fand,2510,2514,B-process,O,O,O
metamorphosis,CURATION_USER_Kafka_Franz_Die_Verwandlung,14,"« Er fühlte ein leichtes Jucken oben auf dem Bauch; schob sich auf dem Rücken langsam näher zum Bettpfosten, um den Kopf besser heben zu können; fand die juckende Stelle, die mit lauter kleinen weißen Pünktchen besetzt war, die er nicht zu beurteilen verstand; und wollte mit einem Bein die Stelle betasten, zog es aber gleich zurück, denn bei der Berührung umwehten ihn Kälteschauer.",die,2515,2518,I-process,O,O,O
metamorphosis,CURATION_USER_Kafka_Franz_Die_Verwandlung,14,"« Er fühlte ein leichtes Jucken oben auf dem Bauch; schob sich auf dem Rücken langsam näher zum Bettpfosten, um den Kopf besser heben zu können; fand die juckende Stelle, die mit lauter kleinen weißen Pünktchen besetzt war, die er nicht zu beurteilen verstand; und wollte mit einem Bein die Stelle betasten, zog es aber gleich zurück, denn bei der Berührung umwehten ihn Kälteschauer.",juckende,2519,2527,I-process,O,O,O
metamorphosis,CURATION_USER_Kafka_Franz_Die_Verwandlung,14,"« Er fühlte ein leichtes Jucken oben auf dem Bauch; schob sich auf dem Rücken langsam näher zum Bettpfosten, um den Kopf besser heben zu können; fand die juckende Stelle, die mit lauter kleinen weißen Pünktchen besetzt war, die er nicht zu beurteilen verstand; und wollte mit einem Bein die Stelle betasten, zog es aber gleich zurück, denn bei der Berührung umwehten ihn Kälteschauer.",Stelle,2528,2534,I-process,O,O,O
metamorphosis,CURATION_USER_Kafka_Franz_Die_Verwandlung,14,"« Er fühlte ein leichtes Jucken oben auf dem Bauch; schob sich auf dem Rücken langsam näher zum Bettpfosten, um den Kopf besser heben zu können; fand die juckende Stelle, die mit lauter kleinen weißen Pünktchen besetzt war, die er nicht zu beurteilen verstand; und wollte mit einem Bein die Stelle betasten, zog es aber gleich zurück, denn bei der Berührung umwehten ihn Kälteschauer.",",",2534,2535,O,O,O,O
metamorphosis,CURATION_USER_Kafka_Franz_Die_Verwandlung,14,"« Er fühlte ein leichtes Jucken oben auf dem Bauch; schob sich auf dem Rücken langsam näher zum Bettpfosten, um den Kopf besser heben zu können; fand die juckende Stelle, die mit lauter kleinen weißen Pünktchen besetzt war, die er nicht zu beurteilen verstand; und wollte mit einem Bein die Stelle betasten, zog es aber gleich zurück, denn bei der Berührung umwehten ihn Kälteschauer.",die,2536,2539,B-stative_event,O,O,O
metamorphosis,CURATION_USER_Kafka_Franz_Die_Verwandlung,14,"« Er fühlte ein leichtes Jucken oben auf dem Bauch; schob sich auf dem Rücken langsam näher zum Bettpfosten, um den Kopf besser heben zu können; fand die juckende Stelle, die mit lauter kleinen weißen Pünktchen besetzt war, die er nicht zu beurteilen verstand; und wollte mit einem Bein die Stelle betasten, zog es aber gleich zurück, denn bei der Berührung umwehten ihn Kälteschauer.",mit,2540,2543,I-stative_event,O,O,O
metamorphosis,CURATION_USER_Kafka_Franz_Die_Verwandlung,14,"« Er fühlte ein leichtes Jucken oben auf dem Bauch; schob sich auf dem Rücken langsam näher zum Bettpfosten, um den Kopf besser heben zu können; fand die juckende Stelle, die mit lauter kleinen weißen Pünktchen besetzt war, die er nicht zu beurteilen verstand; und wollte mit einem Bein die Stelle betasten, zog es aber gleich zurück, denn bei der Berührung umwehten ihn Kälteschauer.",lauter,2544,2550,I-stative_event,O,O,O
metamorphosis,CURATION_USER_Kafka_Franz_Die_Verwandlung,14,"« Er fühlte ein leichtes Jucken oben auf dem Bauch; schob sich auf dem Rücken langsam näher zum Bettpfosten, um den Kopf besser heben zu können; fand die juckende Stelle, die mit lauter kleinen weißen Pünktchen besetzt war, die er nicht zu beurteilen verstand; und wollte mit einem Bein die Stelle betasten, zog es aber gleich zurück, denn bei der Berührung umwehten ihn Kälteschauer.",kleinen,2551,2558,I-stative_event,O,O,O
metamorphosis,CURATION_USER_Kafka_Franz_Die_Verwandlung,14,"« Er fühlte ein leichtes Jucken oben auf dem Bauch; schob sich auf dem Rücken langsam näher zum Bettpfosten, um den Kopf besser heben zu können; fand die juckende Stelle, die mit lauter kleinen weißen Pünktchen besetzt war, die er nicht zu beurteilen verstand; und wollte mit einem Bein die Stelle betasten, zog es aber gleich zurück, denn bei der Berührung umwehten ihn Kälteschauer.",weißen,2559,2565,I-stative_event,O,O,O
metamorphosis,CURATION_USER_Kafka_Franz_Die_Verwandlung,14,"« Er fühlte ein leichtes Jucken oben auf dem Bauch; schob sich auf dem Rücken langsam näher zum Bettpfosten, um den Kopf besser heben zu können; fand die juckende Stelle, die mit lauter kleinen weißen Pünktchen besetzt war, die er nicht zu beurteilen verstand; und wollte mit einem Bein die Stelle betasten, zog es aber gleich zurück, denn bei der Berührung umwehten ihn Kälteschauer.",Pünktchen,2566,2575,I-stative_event,O,O,O
metamorphosis,CURATION_USER_Kafka_Franz_Die_Verwandlung,14,"« Er fühlte ein leichtes Jucken oben auf dem Bauch; schob sich auf dem Rücken langsam näher zum Bettpfosten, um den Kopf besser heben zu können; fand die juckende Stelle, die mit lauter kleinen weißen Pünktchen besetzt war, die er nicht zu beurteilen verstand; und wollte mit einem Bein die Stelle betasten, zog es aber gleich zurück, denn bei der Berührung umwehten ihn Kälteschauer.",besetzt,2576,2583,I-stative_event,O,O,O
metamorphosis,CURATION_USER_Kafka_Franz_Die_Verwandlung,14,"« Er fühlte ein leichtes Jucken oben auf dem Bauch; schob sich auf dem Rücken langsam näher zum Bettpfosten, um den Kopf besser heben zu können; fand die juckende Stelle, die mit lauter kleinen weißen Pünktchen besetzt war, die er nicht zu beurteilen verstand; und wollte mit einem Bein die Stelle betasten, zog es aber gleich zurück, denn bei der Berührung umwehten ihn Kälteschauer.",war,2584,2587,I-stative_event,O,O,O
metamorphosis,CURATION_USER_Kafka_Franz_Die_Verwandlung,14,"« Er fühlte ein leichtes Jucken oben auf dem Bauch; schob sich auf dem Rücken langsam näher zum Bettpfosten, um den Kopf besser heben zu können; fand die juckende Stelle, die mit lauter kleinen weißen Pünktchen besetzt war, die er nicht zu beurteilen verstand; und wollte mit einem Bein die Stelle betasten, zog es aber gleich zurück, denn bei der Berührung umwehten ihn Kälteschauer.",",",2587,2588,O,O,O,O
metamorphosis,CURATION_USER_Kafka_Franz_Die_Verwandlung,14,"« Er fühlte ein leichtes Jucken oben auf dem Bauch; schob sich auf dem Rücken langsam näher zum Bettpfosten, um den Kopf besser heben zu können; fand die juckende Stelle, die mit lauter kleinen weißen Pünktchen besetzt war, die er nicht zu beurteilen verstand; und wollte mit einem Bein die Stelle betasten, zog es aber gleich zurück, denn bei der Berührung umwehten ihn Kälteschauer.",die,2589,2592,B-non_event,O,O,O
metamorphosis,CURATION_USER_Kafka_Franz_Die_Verwandlung,14,"« Er fühlte ein leichtes Jucken oben auf dem Bauch; schob sich auf dem Rücken langsam näher zum Bettpfosten, um den Kopf besser heben zu können; fand die juckende Stelle, die mit lauter kleinen weißen Pünktchen besetzt war, die er nicht zu beurteilen verstand; und wollte mit einem Bein die Stelle betasten, zog es aber gleich zurück, denn bei der Berührung umwehten ihn Kälteschauer.",er,2593,2595,I-non_event,O,O,O
metamorphosis,CURATION_USER_Kafka_Franz_Die_Verwandlung,14,"« Er fühlte ein leichtes Jucken oben auf dem Bauch; schob sich auf dem Rücken langsam näher zum Bettpfosten, um den Kopf besser heben zu können; fand die juckende Stelle, die mit lauter kleinen weißen Pünktchen besetzt war, die er nicht zu beurteilen verstand; und wollte mit einem Bein die Stelle betasten, zog es aber gleich zurück, denn bei der Berührung umwehten ihn Kälteschauer.",nicht,2596,2601,I-non_event,O,O,O
metamorphosis,CURATION_USER_Kafka_Franz_Die_Verwandlung,14,"« Er fühlte ein leichtes Jucken oben auf dem Bauch; schob sich auf dem Rücken langsam näher zum Bettpfosten, um den Kopf besser heben zu können; fand die juckende Stelle, die mit lauter kleinen weißen Pünktchen besetzt war, die er nicht zu beurteilen verstand; und wollte mit einem Bein die Stelle betasten, zog es aber gleich zurück, denn bei der Berührung umwehten ihn Kälteschauer.",zu,2602,2604,I-non_event,O,O,O
metamorphosis,CURATION_USER_Kafka_Franz_Die_Verwandlung,14,"« Er fühlte ein leichtes Jucken oben auf dem Bauch; schob sich auf dem Rücken langsam näher zum Bettpfosten, um den Kopf besser heben zu können; fand die juckende Stelle, die mit lauter kleinen weißen Pünktchen besetzt war, die er nicht zu beurteilen verstand; und wollte mit einem Bein die Stelle betasten, zog es aber gleich zurück, denn bei der Berührung umwehten ihn Kälteschauer.",beurteilen,2605,2615,I-non_event,O,O,O
metamorphosis,CURATION_USER_Kafka_Franz_Die_Verwandlung,14,"« Er fühlte ein leichtes Jucken oben auf dem Bauch; schob sich auf dem Rücken langsam näher zum Bettpfosten, um den Kopf besser heben zu können; fand die juckende Stelle, die mit lauter kleinen weißen Pünktchen besetzt war, die er nicht zu beurteilen verstand; und wollte mit einem Bein die Stelle betasten, zog es aber gleich zurück, denn bei der Berührung umwehten ihn Kälteschauer.",verstand,2616,2624,I-non_event,O,O,O
metamorphosis,CURATION_USER_Kafka_Franz_Die_Verwandlung,14,"« Er fühlte ein leichtes Jucken oben auf dem Bauch; schob sich auf dem Rücken langsam näher zum Bettpfosten, um den Kopf besser heben zu können; fand die juckende Stelle, die mit lauter kleinen weißen Pünktchen besetzt war, die er nicht zu beurteilen verstand; und wollte mit einem Bein die Stelle betasten, zog es aber gleich zurück, denn bei der Berührung umwehten ihn Kälteschauer.",;,2624,2625,O,O,O,O
metamorphosis,CURATION_USER_Kafka_Franz_Die_Verwandlung,14,"« Er fühlte ein leichtes Jucken oben auf dem Bauch; schob sich auf dem Rücken langsam näher zum Bettpfosten, um den Kopf besser heben zu können; fand die juckende Stelle, die mit lauter kleinen weißen Pünktchen besetzt war, die er nicht zu beurteilen verstand; und wollte mit einem Bein die Stelle betasten, zog es aber gleich zurück, denn bei der Berührung umwehten ihn Kälteschauer.",und,2626,2629,B-stative_event,O,O,O
metamorphosis,CURATION_USER_Kafka_Franz_Die_Verwandlung,14,"« Er fühlte ein leichtes Jucken oben auf dem Bauch; schob sich auf dem Rücken langsam näher zum Bettpfosten, um den Kopf besser heben zu können; fand die juckende Stelle, die mit lauter kleinen weißen Pünktchen besetzt war, die er nicht zu beurteilen verstand; und wollte mit einem Bein die Stelle betasten, zog es aber gleich zurück, denn bei der Berührung umwehten ihn Kälteschauer.",wollte,2630,2636,I-stative_event,O,O,O
metamorphosis,CURATION_USER_Kafka_Franz_Die_Verwandlung,14,"« Er fühlte ein leichtes Jucken oben auf dem Bauch; schob sich auf dem Rücken langsam näher zum Bettpfosten, um den Kopf besser heben zu können; fand die juckende Stelle, die mit lauter kleinen weißen Pünktchen besetzt war, die er nicht zu beurteilen verstand; und wollte mit einem Bein die Stelle betasten, zog es aber gleich zurück, denn bei der Berührung umwehten ihn Kälteschauer.",mit,2637,2640,I-stative_event,O,O,O
metamorphosis,CURATION_USER_Kafka_Franz_Die_Verwandlung,14,"« Er fühlte ein leichtes Jucken oben auf dem Bauch; schob sich auf dem Rücken langsam näher zum Bettpfosten, um den Kopf besser heben zu können; fand die juckende Stelle, die mit lauter kleinen weißen Pünktchen besetzt war, die er nicht zu beurteilen verstand; und wollte mit einem Bein die Stelle betasten, zog es aber gleich zurück, denn bei der Berührung umwehten ihn Kälteschauer.",einem,2641,2646,I-stative_event,O,O,O
metamorphosis,CURATION_USER_Kafka_Franz_Die_Verwandlung,14,"« Er fühlte ein leichtes Jucken oben auf dem Bauch; schob sich auf dem Rücken langsam näher zum Bettpfosten, um den Kopf besser heben zu können; fand die juckende Stelle, die mit lauter kleinen weißen Pünktchen besetzt war, die er nicht zu beurteilen verstand; und wollte mit einem Bein die Stelle betasten, zog es aber gleich zurück, denn bei der Berührung umwehten ihn Kälteschauer.",Bein,2647,2651,I-stative_event,O,O,O
metamorphosis,CURATION_USER_Kafka_Franz_Die_Verwandlung,14,"« Er fühlte ein leichtes Jucken oben auf dem Bauch; schob sich auf dem Rücken langsam näher zum Bettpfosten, um den Kopf besser heben zu können; fand die juckende Stelle, die mit lauter kleinen weißen Pünktchen besetzt war, die er nicht zu beurteilen verstand; und wollte mit einem Bein die Stelle betasten, zog es aber gleich zurück, denn bei der Berührung umwehten ihn Kälteschauer.",die,2652,2655,I-stative_event,O,O,O
metamorphosis,CURATION_USER_Kafka_Franz_Die_Verwandlung,14,"« Er fühlte ein leichtes Jucken oben auf dem Bauch; schob sich auf dem Rücken langsam näher zum Bettpfosten, um den Kopf besser heben zu können; fand die juckende Stelle, die mit lauter kleinen weißen Pünktchen besetzt war, die er nicht zu beurteilen verstand; und wollte mit einem Bein die Stelle betasten, zog es aber gleich zurück, denn bei der Berührung umwehten ihn Kälteschauer.",Stelle,2656,2662,I-stative_event,O,O,O
metamorphosis,CURATION_USER_Kafka_Franz_Die_Verwandlung,14,"« Er fühlte ein leichtes Jucken oben auf dem Bauch; schob sich auf dem Rücken langsam näher zum Bettpfosten, um den Kopf besser heben zu können; fand die juckende Stelle, die mit lauter kleinen weißen Pünktchen besetzt war, die er nicht zu beurteilen verstand; und wollte mit einem Bein die Stelle betasten, zog es aber gleich zurück, denn bei der Berührung umwehten ihn Kälteschauer.",betasten,2663,2671,I-stative_event,O,O,O
metamorphosis,CURATION_USER_Kafka_Franz_Die_Verwandlung,14,"« Er fühlte ein leichtes Jucken oben auf dem Bauch; schob sich auf dem Rücken langsam näher zum Bettpfosten, um den Kopf besser heben zu können; fand die juckende Stelle, die mit lauter kleinen weißen Pünktchen besetzt war, die er nicht zu beurteilen verstand; und wollte mit einem Bein die Stelle betasten, zog es aber gleich zurück, denn bei der Berührung umwehten ihn Kälteschauer.",",",2671,2672,O,O,O,O
metamorphosis,CURATION_USER_Kafka_Franz_Die_Verwandlung,14,"« Er fühlte ein leichtes Jucken oben auf dem Bauch; schob sich auf dem Rücken langsam näher zum Bettpfosten, um den Kopf besser heben zu können; fand die juckende Stelle, die mit lauter kleinen weißen Pünktchen besetzt war, die er nicht zu beurteilen verstand; und wollte mit einem Bein die Stelle betasten, zog es aber gleich zurück, denn bei der Berührung umwehten ihn Kälteschauer.",zog,2673,2676,B-process,O,O,O
metamorphosis,CURATION_USER_Kafka_Franz_Die_Verwandlung,14,"« Er fühlte ein leichtes Jucken oben auf dem Bauch; schob sich auf dem Rücken langsam näher zum Bettpfosten, um den Kopf besser heben zu können; fand die juckende Stelle, die mit lauter kleinen weißen Pünktchen besetzt war, die er nicht zu beurteilen verstand; und wollte mit einem Bein die Stelle betasten, zog es aber gleich zurück, denn bei der Berührung umwehten ihn Kälteschauer.",es,2677,2679,I-process,O,O,O
metamorphosis,CURATION_USER_Kafka_Franz_Die_Verwandlung,14,"« Er fühlte ein leichtes Jucken oben auf dem Bauch; schob sich auf dem Rücken langsam näher zum Bettpfosten, um den Kopf besser heben zu können; fand die juckende Stelle, die mit lauter kleinen weißen Pünktchen besetzt war, die er nicht zu beurteilen verstand; und wollte mit einem Bein die Stelle betasten, zog es aber gleich zurück, denn bei der Berührung umwehten ihn Kälteschauer.",aber,2680,2684,I-process,O,O,O
metamorphosis,CURATION_USER_Kafka_Franz_Die_Verwandlung,14,"« Er fühlte ein leichtes Jucken oben auf dem Bauch; schob sich auf dem Rücken langsam näher zum Bettpfosten, um den Kopf besser heben zu können; fand die juckende Stelle, die mit lauter kleinen weißen Pünktchen besetzt war, die er nicht zu beurteilen verstand; und wollte mit einem Bein die Stelle betasten, zog es aber gleich zurück, denn bei der Berührung umwehten ihn Kälteschauer.",gleich,2685,2691,I-process,O,O,O
metamorphosis,CURATION_USER_Kafka_Franz_Die_Verwandlung,14,"« Er fühlte ein leichtes Jucken oben auf dem Bauch; schob sich auf dem Rücken langsam näher zum Bettpfosten, um den Kopf besser heben zu können; fand die juckende Stelle, die mit lauter kleinen weißen Pünktchen besetzt war, die er nicht zu beurteilen verstand; und wollte mit einem Bein die Stelle betasten, zog es aber gleich zurück, denn bei der Berührung umwehten ihn Kälteschauer.",zurück,2692,2698,I-process,O,O,O
metamorphosis,CURATION_USER_Kafka_Franz_Die_Verwandlung,14,"« Er fühlte ein leichtes Jucken oben auf dem Bauch; schob sich auf dem Rücken langsam näher zum Bettpfosten, um den Kopf besser heben zu können; fand die juckende Stelle, die mit lauter kleinen weißen Pünktchen besetzt war, die er nicht zu beurteilen verstand; und wollte mit einem Bein die Stelle betasten, zog es aber gleich zurück, denn bei der Berührung umwehten ihn Kälteschauer.",",",2698,2699,O,O,O,O
metamorphosis,CURATION_USER_Kafka_Franz_Die_Verwandlung,14,"« Er fühlte ein leichtes Jucken oben auf dem Bauch; schob sich auf dem Rücken langsam näher zum Bettpfosten, um den Kopf besser heben zu können; fand die juckende Stelle, die mit lauter kleinen weißen Pünktchen besetzt war, die er nicht zu beurteilen verstand; und wollte mit einem Bein die Stelle betasten, zog es aber gleich zurück, denn bei der Berührung umwehten ihn Kälteschauer.",denn,2700,2704,B-process,O,O,O
metamorphosis,CURATION_USER_Kafka_Franz_Die_Verwandlung,14,"« Er fühlte ein leichtes Jucken oben auf dem Bauch; schob sich auf dem Rücken langsam näher zum Bettpfosten, um den Kopf besser heben zu können; fand die juckende Stelle, die mit lauter kleinen weißen Pünktchen besetzt war, die er nicht zu beurteilen verstand; und wollte mit einem Bein die Stelle betasten, zog es aber gleich zurück, denn bei der Berührung umwehten ihn Kälteschauer.",bei,2705,2708,I-process,O,O,O
metamorphosis,CURATION_USER_Kafka_Franz_Die_Verwandlung,14,"« Er fühlte ein leichtes Jucken oben auf dem Bauch; schob sich auf dem Rücken langsam näher zum Bettpfosten, um den Kopf besser heben zu können; fand die juckende Stelle, die mit lauter kleinen weißen Pünktchen besetzt war, die er nicht zu beurteilen verstand; und wollte mit einem Bein die Stelle betasten, zog es aber gleich zurück, denn bei der Berührung umwehten ihn Kälteschauer.",der,2709,2712,I-process,O,O,O
metamorphosis,CURATION_USER_Kafka_Franz_Die_Verwandlung,14,"« Er fühlte ein leichtes Jucken oben auf dem Bauch; schob sich auf dem Rücken langsam näher zum Bettpfosten, um den Kopf besser heben zu können; fand die juckende Stelle, die mit lauter kleinen weißen Pünktchen besetzt war, die er nicht zu beurteilen verstand; und wollte mit einem Bein die Stelle betasten, zog es aber gleich zurück, denn bei der Berührung umwehten ihn Kälteschauer.",Berührung,2713,2722,I-process,O,O,O
metamorphosis,CURATION_USER_Kafka_Franz_Die_Verwandlung,14,"« Er fühlte ein leichtes Jucken oben auf dem Bauch; schob sich auf dem Rücken langsam näher zum Bettpfosten, um den Kopf besser heben zu können; fand die juckende Stelle, die mit lauter kleinen weißen Pünktchen besetzt war, die er nicht zu beurteilen verstand; und wollte mit einem Bein die Stelle betasten, zog es aber gleich zurück, denn bei der Berührung umwehten ihn Kälteschauer.",umwehten,2723,2731,I-process,O,O,O
metamorphosis,CURATION_USER_Kafka_Franz_Die_Verwandlung,14,"« Er fühlte ein leichtes Jucken oben auf dem Bauch; schob sich auf dem Rücken langsam näher zum Bettpfosten, um den Kopf besser heben zu können; fand die juckende Stelle, die mit lauter kleinen weißen Pünktchen besetzt war, die er nicht zu beurteilen verstand; und wollte mit einem Bein die Stelle betasten, zog es aber gleich zurück, denn bei der Berührung umwehten ihn Kälteschauer.",ihn,2732,2735,I-process,O,O,O
metamorphosis,CURATION_USER_Kafka_Franz_Die_Verwandlung,14,"« Er fühlte ein leichtes Jucken oben auf dem Bauch; schob sich auf dem Rücken langsam näher zum Bettpfosten, um den Kopf besser heben zu können; fand die juckende Stelle, die mit lauter kleinen weißen Pünktchen besetzt war, die er nicht zu beurteilen verstand; und wollte mit einem Bein die Stelle betasten, zog es aber gleich zurück, denn bei der Berührung umwehten ihn Kälteschauer.",Kälteschauer,2736,2748,I-process,O,O,O
metamorphosis,CURATION_USER_Kafka_Franz_Die_Verwandlung,14,"« Er fühlte ein leichtes Jucken oben auf dem Bauch; schob sich auf dem Rücken langsam näher zum Bettpfosten, um den Kopf besser heben zu können; fand die juckende Stelle, die mit lauter kleinen weißen Pünktchen besetzt war, die er nicht zu beurteilen verstand; und wollte mit einem Bein die Stelle betasten, zog es aber gleich zurück, denn bei der Berührung umwehten ihn Kälteschauer.",.,2748,2749,O,O,O,O
metamorphosis,CURATION_USER_Kafka_Franz_Die_Verwandlung,15,"Er glitt wieder in seine frühere Lage zurück. »Dies frühzeitige Aufstehen«, dachte er, »macht einen ganz blödsinnig.",Er,2751,2753,B-process,O,O,O
metamorphosis,CURATION_USER_Kafka_Franz_Die_Verwandlung,15,"Er glitt wieder in seine frühere Lage zurück. »Dies frühzeitige Aufstehen«, dachte er, »macht einen ganz blödsinnig.",glitt,2754,2759,I-process,O,O,O
metamorphosis,CURATION_USER_Kafka_Franz_Die_Verwandlung,15,"Er glitt wieder in seine frühere Lage zurück. »Dies frühzeitige Aufstehen«, dachte er, »macht einen ganz blödsinnig.",wieder,2760,2766,I-process,O,O,O
metamorphosis,CURATION_USER_Kafka_Franz_Die_Verwandlung,15,"Er glitt wieder in seine frühere Lage zurück. »Dies frühzeitige Aufstehen«, dachte er, »macht einen ganz blödsinnig.",in,2767,2769,I-process,O,O,O
metamorphosis,CURATION_USER_Kafka_Franz_Die_Verwandlung,15,"Er glitt wieder in seine frühere Lage zurück. »Dies frühzeitige Aufstehen«, dachte er, »macht einen ganz blödsinnig.",seine,2770,2775,I-process,O,O,O
metamorphosis,CURATION_USER_Kafka_Franz_Die_Verwandlung,15,"Er glitt wieder in seine frühere Lage zurück. »Dies frühzeitige Aufstehen«, dachte er, »macht einen ganz blödsinnig.",frühere,2776,2783,I-process,O,O,O
metamorphosis,CURATION_USER_Kafka_Franz_Die_Verwandlung,15,"Er glitt wieder in seine frühere Lage zurück. »Dies frühzeitige Aufstehen«, dachte er, »macht einen ganz blödsinnig.",Lage,2784,2788,I-process,O,O,O
metamorphosis,CURATION_USER_Kafka_Franz_Die_Verwandlung,15,"Er glitt wieder in seine frühere Lage zurück. »Dies frühzeitige Aufstehen«, dachte er, »macht einen ganz blödsinnig.",zurück,2789,2795,I-process,O,O,O
metamorphosis,CURATION_USER_Kafka_Franz_Die_Verwandlung,15,"Er glitt wieder in seine frühere Lage zurück. »Dies frühzeitige Aufstehen«, dachte er, »macht einen ganz blödsinnig.",.,2795,2796,O,O,O,O
metamorphosis,CURATION_USER_Kafka_Franz_Die_Verwandlung,15,"Er glitt wieder in seine frühere Lage zurück. »Dies frühzeitige Aufstehen«, dachte er, »macht einen ganz blödsinnig.",»,2797,2798,O,O,O,O
metamorphosis,CURATION_USER_Kafka_Franz_Die_Verwandlung,15,"Er glitt wieder in seine frühere Lage zurück. »Dies frühzeitige Aufstehen«, dachte er, »macht einen ganz blödsinnig.",Dies,2798,2802,B-non_event,O,B-Direct thought,O
metamorphosis,CURATION_USER_Kafka_Franz_Die_Verwandlung,15,"Er glitt wieder in seine frühere Lage zurück. »Dies frühzeitige Aufstehen«, dachte er, »macht einen ganz blödsinnig.",frühzeitige,2803,2814,I-non_event,O,I-Direct thought,O
metamorphosis,CURATION_USER_Kafka_Franz_Die_Verwandlung,15,"Er glitt wieder in seine frühere Lage zurück. »Dies frühzeitige Aufstehen«, dachte er, »macht einen ganz blödsinnig.",Aufstehen,2815,2824,I-non_event,O,I-Direct thought,O
metamorphosis,CURATION_USER_Kafka_Franz_Die_Verwandlung,15,"Er glitt wieder in seine frühere Lage zurück. »Dies frühzeitige Aufstehen«, dachte er, »macht einen ganz blödsinnig.",«,2824,2825,I-non_event,O,I-Direct thought,O
metamorphosis,CURATION_USER_Kafka_Franz_Die_Verwandlung,15,"Er glitt wieder in seine frühere Lage zurück. »Dies frühzeitige Aufstehen«, dachte er, »macht einen ganz blödsinnig.",",",2825,2826,I-non_event,O,I-Direct thought,O
metamorphosis,CURATION_USER_Kafka_Franz_Die_Verwandlung,15,"Er glitt wieder in seine frühere Lage zurück. »Dies frühzeitige Aufstehen«, dachte er, »macht einen ganz blödsinnig.",dachte,2827,2833,I-non_event,B-process,I-Direct thought,O
metamorphosis,CURATION_USER_Kafka_Franz_Die_Verwandlung,15,"Er glitt wieder in seine frühere Lage zurück. »Dies frühzeitige Aufstehen«, dachte er, »macht einen ganz blödsinnig.",er,2834,2836,I-non_event,I-process,I-Direct thought,O
metamorphosis,CURATION_USER_Kafka_Franz_Die_Verwandlung,15,"Er glitt wieder in seine frühere Lage zurück. »Dies frühzeitige Aufstehen«, dachte er, »macht einen ganz blödsinnig.",",",2836,2837,I-non_event,O,I-Direct thought,O
metamorphosis,CURATION_USER_Kafka_Franz_Die_Verwandlung,15,"Er glitt wieder in seine frühere Lage zurück. »Dies frühzeitige Aufstehen«, dachte er, »macht einen ganz blödsinnig.",»,2838,2839,I-non_event,O,I-Direct thought,O
metamorphosis,CURATION_USER_Kafka_Franz_Die_Verwandlung,15,"Er glitt wieder in seine frühere Lage zurück. »Dies frühzeitige Aufstehen«, dachte er, »macht einen ganz blödsinnig.",macht,2839,2844,I-non_event,O,I-Direct thought,O
metamorphosis,CURATION_USER_Kafka_Franz_Die_Verwandlung,15,"Er glitt wieder in seine frühere Lage zurück. »Dies frühzeitige Aufstehen«, dachte er, »macht einen ganz blödsinnig.",einen,2845,2850,I-non_event,O,I-Direct thought,O
metamorphosis,CURATION_USER_Kafka_Franz_Die_Verwandlung,15,"Er glitt wieder in seine frühere Lage zurück. »Dies frühzeitige Aufstehen«, dachte er, »macht einen ganz blödsinnig.",ganz,2851,2855,I-non_event,O,I-Direct thought,O
metamorphosis,CURATION_USER_Kafka_Franz_Die_Verwandlung,15,"Er glitt wieder in seine frühere Lage zurück. »Dies frühzeitige Aufstehen«, dachte er, »macht einen ganz blödsinnig.",blödsinnig,2856,2866,I-non_event,O,I-Direct thought,O
metamorphosis,CURATION_USER_Kafka_Franz_Die_Verwandlung,15,"Er glitt wieder in seine frühere Lage zurück. »Dies frühzeitige Aufstehen«, dachte er, »macht einen ganz blödsinnig.",.,2866,2867,O,O,O,O
metamorphosis,CURATION_USER_Kafka_Franz_Die_Verwandlung,16,Der Mensch muß seinen Schlaf haben.,Der,2868,2871,B-non_event,O,B-Direct thought,O
metamorphosis,CURATION_USER_Kafka_Franz_Die_Verwandlung,16,Der Mensch muß seinen Schlaf haben.,Mensch,2872,2878,I-non_event,O,I-Direct thought,O
metamorphosis,CURATION_USER_Kafka_Franz_Die_Verwandlung,16,Der Mensch muß seinen Schlaf haben.,muß,2879,2882,I-non_event,O,I-Direct thought,O
metamorphosis,CURATION_USER_Kafka_Franz_Die_Verwandlung,16,Der Mensch muß seinen Schlaf haben.,seinen,2883,2889,I-non_event,O,I-Direct thought,O
metamorphosis,CURATION_USER_Kafka_Franz_Die_Verwandlung,16,Der Mensch muß seinen Schlaf haben.,Schlaf,2890,2896,I-non_event,O,I-Direct thought,O
metamorphosis,CURATION_USER_Kafka_Franz_Die_Verwandlung,16,Der Mensch muß seinen Schlaf haben.,haben,2897,2902,I-non_event,O,I-Direct thought,O
metamorphosis,CURATION_USER_Kafka_Franz_Die_Verwandlung,16,Der Mensch muß seinen Schlaf haben.,.,2902,2903,O,O,O,O
metamorphosis,CURATION_USER_Kafka_Franz_Die_Verwandlung,17,Andere Reisende leben wie Haremsfrauen.,Andere,2904,2910,B-process,O,B-Direct thought,O
metamorphosis,CURATION_USER_Kafka_Franz_Die_Verwandlung,17,Andere Reisende leben wie Haremsfrauen.,Reisende,2911,2919,I-process,O,I-Direct thought,O
metamorphosis,CURATION_USER_Kafka_Franz_Die_Verwandlung,17,Andere Reisende leben wie Haremsfrauen.,leben,2920,2925,I-process,O,I-Direct thought,O
metamorphosis,CURATION_USER_Kafka_Franz_Die_Verwandlung,17,Andere Reisende leben wie Haremsfrauen.,wie,2926,2929,I-process,O,I-Direct thought,O
metamorphosis,CURATION_USER_Kafka_Franz_Die_Verwandlung,17,Andere Reisende leben wie Haremsfrauen.,Haremsfrauen,2930,2942,I-process,O,I-Direct thought,O
metamorphosis,CURATION_USER_Kafka_Franz_Die_Verwandlung,17,Andere Reisende leben wie Haremsfrauen.,.,2942,2943,O,O,O,O
metamorphosis,CURATION_USER_Kafka_Franz_Die_Verwandlung,18,"Wenn ich zum Beispiel im Laufe des Vormittags ins Gasthaus zurückgehe, um die erlangten Aufträge zu überschreiben, sitzen diese Herren erst beim Frühstück.",Wenn,2944,2948,B-process,O,B-Direct thought,O
metamorphosis,CURATION_USER_Kafka_Franz_Die_Verwandlung,18,"Wenn ich zum Beispiel im Laufe des Vormittags ins Gasthaus zurückgehe, um die erlangten Aufträge zu überschreiben, sitzen diese Herren erst beim Frühstück.",ich,2949,2952,I-process,O,I-Direct thought,O
metamorphosis,CURATION_USER_Kafka_Franz_Die_Verwandlung,18,"Wenn ich zum Beispiel im Laufe des Vormittags ins Gasthaus zurückgehe, um die erlangten Aufträge zu überschreiben, sitzen diese Herren erst beim Frühstück.",zum,2953,2956,I-process,O,I-Direct thought,O
metamorphosis,CURATION_USER_Kafka_Franz_Die_Verwandlung,18,"Wenn ich zum Beispiel im Laufe des Vormittags ins Gasthaus zurückgehe, um die erlangten Aufträge zu überschreiben, sitzen diese Herren erst beim Frühstück.",Beispiel,2957,2965,I-process,O,I-Direct thought,O
metamorphosis,CURATION_USER_Kafka_Franz_Die_Verwandlung,18,"Wenn ich zum Beispiel im Laufe des Vormittags ins Gasthaus zurückgehe, um die erlangten Aufträge zu überschreiben, sitzen diese Herren erst beim Frühstück.",im,2966,2968,I-process,O,I-Direct thought,O
metamorphosis,CURATION_USER_Kafka_Franz_Die_Verwandlung,18,"Wenn ich zum Beispiel im Laufe des Vormittags ins Gasthaus zurückgehe, um die erlangten Aufträge zu überschreiben, sitzen diese Herren erst beim Frühstück.",Laufe,2969,2974,I-process,O,I-Direct thought,O
metamorphosis,CURATION_USER_Kafka_Franz_Die_Verwandlung,18,"Wenn ich zum Beispiel im Laufe des Vormittags ins Gasthaus zurückgehe, um die erlangten Aufträge zu überschreiben, sitzen diese Herren erst beim Frühstück.",des,2975,2978,I-process,O,I-Direct thought,O
metamorphosis,CURATION_USER_Kafka_Franz_Die_Verwandlung,18,"Wenn ich zum Beispiel im Laufe des Vormittags ins Gasthaus zurückgehe, um die erlangten Aufträge zu überschreiben, sitzen diese Herren erst beim Frühstück.",Vormittags,2979,2989,I-process,O,I-Direct thought,O
metamorphosis,CURATION_USER_Kafka_Franz_Die_Verwandlung,18,"Wenn ich zum Beispiel im Laufe des Vormittags ins Gasthaus zurückgehe, um die erlangten Aufträge zu überschreiben, sitzen diese Herren erst beim Frühstück.",ins,2990,2993,I-process,O,I-Direct thought,O
metamorphosis,CURATION_USER_Kafka_Franz_Die_Verwandlung,18,"Wenn ich zum Beispiel im Laufe des Vormittags ins Gasthaus zurückgehe, um die erlangten Aufträge zu überschreiben, sitzen diese Herren erst beim Frühstück.",Gasthaus,2994,3002,I-process,O,I-Direct thought,O
metamorphosis,CURATION_USER_Kafka_Franz_Die_Verwandlung,18,"Wenn ich zum Beispiel im Laufe des Vormittags ins Gasthaus zurückgehe, um die erlangten Aufträge zu überschreiben, sitzen diese Herren erst beim Frühstück.",zurückgehe,3003,3013,I-process,O,I-Direct thought,O
metamorphosis,CURATION_USER_Kafka_Franz_Die_Verwandlung,18,"Wenn ich zum Beispiel im Laufe des Vormittags ins Gasthaus zurückgehe, um die erlangten Aufträge zu überschreiben, sitzen diese Herren erst beim Frühstück.",",",3013,3014,I-process,O,I-Direct thought,O
metamorphosis,CURATION_USER_Kafka_Franz_Die_Verwandlung,18,"Wenn ich zum Beispiel im Laufe des Vormittags ins Gasthaus zurückgehe, um die erlangten Aufträge zu überschreiben, sitzen diese Herren erst beim Frühstück.",um,3015,3017,I-process,O,I-Direct thought,O
metamorphosis,CURATION_USER_Kafka_Franz_Die_Verwandlung,18,"Wenn ich zum Beispiel im Laufe des Vormittags ins Gasthaus zurückgehe, um die erlangten Aufträge zu überschreiben, sitzen diese Herren erst beim Frühstück.",die,3018,3021,I-process,O,I-Direct thought,O
metamorphosis,CURATION_USER_Kafka_Franz_Die_Verwandlung,18,"Wenn ich zum Beispiel im Laufe des Vormittags ins Gasthaus zurückgehe, um die erlangten Aufträge zu überschreiben, sitzen diese Herren erst beim Frühstück.",erlangten,3022,3031,I-process,O,I-Direct thought,O
metamorphosis,CURATION_USER_Kafka_Franz_Die_Verwandlung,18,"Wenn ich zum Beispiel im Laufe des Vormittags ins Gasthaus zurückgehe, um die erlangten Aufträge zu überschreiben, sitzen diese Herren erst beim Frühstück.",Aufträge,3032,3040,I-process,O,I-Direct thought,O
metamorphosis,CURATION_USER_Kafka_Franz_Die_Verwandlung,18,"Wenn ich zum Beispiel im Laufe des Vormittags ins Gasthaus zurückgehe, um die erlangten Aufträge zu überschreiben, sitzen diese Herren erst beim Frühstück.",zu,3041,3043,I-process,O,I-Direct thought,O
metamorphosis,CURATION_USER_Kafka_Franz_Die_Verwandlung,18,"Wenn ich zum Beispiel im Laufe des Vormittags ins Gasthaus zurückgehe, um die erlangten Aufträge zu überschreiben, sitzen diese Herren erst beim Frühstück.",überschreiben,3044,3057,I-process,O,I-Direct thought,O
metamorphosis,CURATION_USER_Kafka_Franz_Die_Verwandlung,18,"Wenn ich zum Beispiel im Laufe des Vormittags ins Gasthaus zurückgehe, um die erlangten Aufträge zu überschreiben, sitzen diese Herren erst beim Frühstück.",",",3057,3058,O,O,O,O
metamorphosis,CURATION_USER_Kafka_Franz_Die_Verwandlung,18,"Wenn ich zum Beispiel im Laufe des Vormittags ins Gasthaus zurückgehe, um die erlangten Aufträge zu überschreiben, sitzen diese Herren erst beim Frühstück.",sitzen,3059,3065,B-process,O,B-Direct thought,O
metamorphosis,CURATION_USER_Kafka_Franz_Die_Verwandlung,18,"Wenn ich zum Beispiel im Laufe des Vormittags ins Gasthaus zurückgehe, um die erlangten Aufträge zu überschreiben, sitzen diese Herren erst beim Frühstück.",diese,3066,3071,I-process,O,I-Direct thought,O
metamorphosis,CURATION_USER_Kafka_Franz_Die_Verwandlung,18,"Wenn ich zum Beispiel im Laufe des Vormittags ins Gasthaus zurückgehe, um die erlangten Aufträge zu überschreiben, sitzen diese Herren erst beim Frühstück.",Herren,3072,3078,I-process,O,I-Direct thought,O
metamorphosis,CURATION_USER_Kafka_Franz_Die_Verwandlung,18,"Wenn ich zum Beispiel im Laufe des Vormittags ins Gasthaus zurückgehe, um die erlangten Aufträge zu überschreiben, sitzen diese Herren erst beim Frühstück.",erst,3079,3083,I-process,O,I-Direct thought,O
metamorphosis,CURATION_USER_Kafka_Franz_Die_Verwandlung,18,"Wenn ich zum Beispiel im Laufe des Vormittags ins Gasthaus zurückgehe, um die erlangten Aufträge zu überschreiben, sitzen diese Herren erst beim Frühstück.",beim,3084,3088,I-process,O,I-Direct thought,O
metamorphosis,CURATION_USER_Kafka_Franz_Die_Verwandlung,18,"Wenn ich zum Beispiel im Laufe des Vormittags ins Gasthaus zurückgehe, um die erlangten Aufträge zu überschreiben, sitzen diese Herren erst beim Frühstück.",Frühstück,3089,3098,I-process,O,I-Direct thought,O
metamorphosis,CURATION_USER_Kafka_Franz_Die_Verwandlung,18,"Wenn ich zum Beispiel im Laufe des Vormittags ins Gasthaus zurückgehe, um die erlangten Aufträge zu überschreiben, sitzen diese Herren erst beim Frühstück.",.,3098,3099,O,O,O,O
metamorphosis,CURATION_USER_Kafka_Franz_Die_Verwandlung,19,Das sollte ich bei meinem Chef versuchen; ich würde auf der Stelle hinausfliegen.,Das,3100,3103,B-non_event,O,B-Direct thought,O
metamorphosis,CURATION_USER_Kafka_Franz_Die_Verwandlung,19,Das sollte ich bei meinem Chef versuchen; ich würde auf der Stelle hinausfliegen.,sollte,3104,3110,I-non_event,O,I-Direct thought,O
metamorphosis,CURATION_USER_Kafka_Franz_Die_Verwandlung,19,Das sollte ich bei meinem Chef versuchen; ich würde auf der Stelle hinausfliegen.,ich,3111,3114,I-non_event,O,I-Direct thought,O
metamorphosis,CURATION_USER_Kafka_Franz_Die_Verwandlung,19,Das sollte ich bei meinem Chef versuchen; ich würde auf der Stelle hinausfliegen.,bei,3115,3118,I-non_event,O,I-Direct thought,O
metamorphosis,CURATION_USER_Kafka_Franz_Die_Verwandlung,19,Das sollte ich bei meinem Chef versuchen; ich würde auf der Stelle hinausfliegen.,meinem,3119,3125,I-non_event,O,I-Direct thought,O
metamorphosis,CURATION_USER_Kafka_Franz_Die_Verwandlung,19,Das sollte ich bei meinem Chef versuchen; ich würde auf der Stelle hinausfliegen.,Chef,3126,3130,I-non_event,O,I-Direct thought,O
metamorphosis,CURATION_USER_Kafka_Franz_Die_Verwandlung,19,Das sollte ich bei meinem Chef versuchen; ich würde auf der Stelle hinausfliegen.,versuchen,3131,3140,I-non_event,O,I-Direct thought,O
metamorphosis,CURATION_USER_Kafka_Franz_Die_Verwandlung,19,Das sollte ich bei meinem Chef versuchen; ich würde auf der Stelle hinausfliegen.,;,3140,3141,O,O,O,O
metamorphosis,CURATION_USER_Kafka_Franz_Die_Verwandlung,19,Das sollte ich bei meinem Chef versuchen; ich würde auf der Stelle hinausfliegen.,ich,3142,3145,B-non_event,O,B-Direct thought,O
metamorphosis,CURATION_USER_Kafka_Franz_Die_Verwandlung,19,Das sollte ich bei meinem Chef versuchen; ich würde auf der Stelle hinausfliegen.,würde,3146,3151,I-non_event,O,I-Direct thought,O
metamorphosis,CURATION_USER_Kafka_Franz_Die_Verwandlung,19,Das sollte ich bei meinem Chef versuchen; ich würde auf der Stelle hinausfliegen.,auf,3152,3155,I-non_event,O,I-Direct thought,O
metamorphosis,CURATION_USER_Kafka_Franz_Die_Verwandlung,19,Das sollte ich bei meinem Chef versuchen; ich würde auf der Stelle hinausfliegen.,der,3156,3159,I-non_event,O,I-Direct thought,O
metamorphosis,CURATION_USER_Kafka_Franz_Die_Verwandlung,19,Das sollte ich bei meinem Chef versuchen; ich würde auf der Stelle hinausfliegen.,Stelle,3160,3166,I-non_event,O,I-Direct thought,O
metamorphosis,CURATION_USER_Kafka_Franz_Die_Verwandlung,19,Das sollte ich bei meinem Chef versuchen; ich würde auf der Stelle hinausfliegen.,hinausfliegen,3167,3180,I-non_event,O,I-Direct thought,O
metamorphosis,CURATION_USER_Kafka_Franz_Die_Verwandlung,19,Das sollte ich bei meinem Chef versuchen; ich würde auf der Stelle hinausfliegen.,.,3180,3181,O,O,O,O
metamorphosis,CURATION_USER_Kafka_Franz_Die_Verwandlung,20,"Wer weiß übrigens, ob das nicht sehr gut für mich wäre.",Wer,3182,3185,B-non_event,O,B-Direct thought,O
metamorphosis,CURATION_USER_Kafka_Franz_Die_Verwandlung,20,"Wer weiß übrigens, ob das nicht sehr gut für mich wäre.",weiß,3186,3190,I-non_event,O,I-Direct thought,O
metamorphosis,CURATION_USER_Kafka_Franz_Die_Verwandlung,20,"Wer weiß übrigens, ob das nicht sehr gut für mich wäre.",übrigens,3191,3199,I-non_event,O,I-Direct thought,O
metamorphosis,CURATION_USER_Kafka_Franz_Die_Verwandlung,20,"Wer weiß übrigens, ob das nicht sehr gut für mich wäre.",",",3199,3200,O,O,O,O
metamorphosis,CURATION_USER_Kafka_Franz_Die_Verwandlung,20,"Wer weiß übrigens, ob das nicht sehr gut für mich wäre.",ob,3201,3203,B-non_event,O,B-Direct thought,O
metamorphosis,CURATION_USER_Kafka_Franz_Die_Verwandlung,20,"Wer weiß übrigens, ob das nicht sehr gut für mich wäre.",das,3204,3207,I-non_event,O,I-Direct thought,O
metamorphosis,CURATION_USER_Kafka_Franz_Die_Verwandlung,20,"Wer weiß übrigens, ob das nicht sehr gut für mich wäre.",nicht,3208,3213,I-non_event,O,I-Direct thought,O
metamorphosis,CURATION_USER_Kafka_Franz_Die_Verwandlung,20,"Wer weiß übrigens, ob das nicht sehr gut für mich wäre.",sehr,3214,3218,I-non_event,O,I-Direct thought,O
metamorphosis,CURATION_USER_Kafka_Franz_Die_Verwandlung,20,"Wer weiß übrigens, ob das nicht sehr gut für mich wäre.",gut,3219,3222,I-non_event,O,I-Direct thought,O
metamorphosis,CURATION_USER_Kafka_Franz_Die_Verwandlung,20,"Wer weiß übrigens, ob das nicht sehr gut für mich wäre.",für,3223,3226,I-non_event,O,I-Direct thought,O
metamorphosis,CURATION_USER_Kafka_Franz_Die_Verwandlung,20,"Wer weiß übrigens, ob das nicht sehr gut für mich wäre.",mich,3227,3231,I-non_event,O,I-Direct thought,O
metamorphosis,CURATION_USER_Kafka_Franz_Die_Verwandlung,20,"Wer weiß übrigens, ob das nicht sehr gut für mich wäre.",wäre,3232,3236,I-non_event,O,I-Direct thought,O
metamorphosis,CURATION_USER_Kafka_Franz_Die_Verwandlung,20,"Wer weiß übrigens, ob das nicht sehr gut für mich wäre.",.,3236,3237,O,O,O,O
metamorphosis,CURATION_USER_Kafka_Franz_Die_Verwandlung,21,"Wenn ich mich nicht wegen meiner Eltern zurückhielte, ich hätte längst gekündigt, ich wäre vor den Chef hin getreten und hätte ihm meine Meinung von Grund des Herzens aus gesagt.",Wenn,3238,3242,B-non_event,O,B-Direct thought,O
metamorphosis,CURATION_USER_Kafka_Franz_Die_Verwandlung,21,"Wenn ich mich nicht wegen meiner Eltern zurückhielte, ich hätte längst gekündigt, ich wäre vor den Chef hin getreten und hätte ihm meine Meinung von Grund des Herzens aus gesagt.",ich,3243,3246,I-non_event,O,I-Direct thought,O
metamorphosis,CURATION_USER_Kafka_Franz_Die_Verwandlung,21,"Wenn ich mich nicht wegen meiner Eltern zurückhielte, ich hätte längst gekündigt, ich wäre vor den Chef hin getreten und hätte ihm meine Meinung von Grund des Herzens aus gesagt.",mich,3247,3251,I-non_event,O,I-Direct thought,O
metamorphosis,CURATION_USER_Kafka_Franz_Die_Verwandlung,21,"Wenn ich mich nicht wegen meiner Eltern zurückhielte, ich hätte längst gekündigt, ich wäre vor den Chef hin getreten und hätte ihm meine Meinung von Grund des Herzens aus gesagt.",nicht,3252,3257,I-non_event,O,I-Direct thought,O
metamorphosis,CURATION_USER_Kafka_Franz_Die_Verwandlung,21,"Wenn ich mich nicht wegen meiner Eltern zurückhielte, ich hätte längst gekündigt, ich wäre vor den Chef hin getreten und hätte ihm meine Meinung von Grund des Herzens aus gesagt.",wegen,3258,3263,I-non_event,O,I-Direct thought,O
metamorphosis,CURATION_USER_Kafka_Franz_Die_Verwandlung,21,"Wenn ich mich nicht wegen meiner Eltern zurückhielte, ich hätte längst gekündigt, ich wäre vor den Chef hin getreten und hätte ihm meine Meinung von Grund des Herzens aus gesagt.",meiner,3264,3270,I-non_event,O,I-Direct thought,O
metamorphosis,CURATION_USER_Kafka_Franz_Die_Verwandlung,21,"Wenn ich mich nicht wegen meiner Eltern zurückhielte, ich hätte längst gekündigt, ich wäre vor den Chef hin getreten und hätte ihm meine Meinung von Grund des Herzens aus gesagt.",Eltern,3271,3277,I-non_event,O,I-Direct thought,O
metamorphosis,CURATION_USER_Kafka_Franz_Die_Verwandlung,21,"Wenn ich mich nicht wegen meiner Eltern zurückhielte, ich hätte längst gekündigt, ich wäre vor den Chef hin getreten und hätte ihm meine Meinung von Grund des Herzens aus gesagt.",zurückhielte,3278,3290,I-non_event,O,I-Direct thought,O
metamorphosis,CURATION_USER_Kafka_Franz_Die_Verwandlung,21,"Wenn ich mich nicht wegen meiner Eltern zurückhielte, ich hätte längst gekündigt, ich wäre vor den Chef hin getreten und hätte ihm meine Meinung von Grund des Herzens aus gesagt.",",",3290,3291,O,O,O,O
metamorphosis,CURATION_USER_Kafka_Franz_Die_Verwandlung,21,"Wenn ich mich nicht wegen meiner Eltern zurückhielte, ich hätte längst gekündigt, ich wäre vor den Chef hin getreten und hätte ihm meine Meinung von Grund des Herzens aus gesagt.",ich,3292,3295,B-non_event,O,B-Direct thought,O
metamorphosis,CURATION_USER_Kafka_Franz_Die_Verwandlung,21,"Wenn ich mich nicht wegen meiner Eltern zurückhielte, ich hätte längst gekündigt, ich wäre vor den Chef hin getreten und hätte ihm meine Meinung von Grund des Herzens aus gesagt.",hätte,3296,3301,I-non_event,O,I-Direct thought,O
metamorphosis,CURATION_USER_Kafka_Franz_Die_Verwandlung,21,"Wenn ich mich nicht wegen meiner Eltern zurückhielte, ich hätte längst gekündigt, ich wäre vor den Chef hin getreten und hätte ihm meine Meinung von Grund des Herzens aus gesagt.",längst,3302,3308,I-non_event,O,I-Direct thought,O
metamorphosis,CURATION_USER_Kafka_Franz_Die_Verwandlung,21,"Wenn ich mich nicht wegen meiner Eltern zurückhielte, ich hätte längst gekündigt, ich wäre vor den Chef hin getreten und hätte ihm meine Meinung von Grund des Herzens aus gesagt.",gekündigt,3309,3318,I-non_event,O,I-Direct thought,O
metamorphosis,CURATION_USER_Kafka_Franz_Die_Verwandlung,21,"Wenn ich mich nicht wegen meiner Eltern zurückhielte, ich hätte längst gekündigt, ich wäre vor den Chef hin getreten und hätte ihm meine Meinung von Grund des Herzens aus gesagt.",",",3318,3319,O,O,O,O
metamorphosis,CURATION_USER_Kafka_Franz_Die_Verwandlung,21,"Wenn ich mich nicht wegen meiner Eltern zurückhielte, ich hätte längst gekündigt, ich wäre vor den Chef hin getreten und hätte ihm meine Meinung von Grund des Herzens aus gesagt.",ich,3320,3323,B-non_event,O,B-Direct thought,O
metamorphosis,CURATION_USER_Kafka_Franz_Die_Verwandlung,21,"Wenn ich mich nicht wegen meiner Eltern zurückhielte, ich hätte längst gekündigt, ich wäre vor den Chef hin getreten und hätte ihm meine Meinung von Grund des Herzens aus gesagt.",wäre,3324,3328,I-non_event,O,I-Direct thought,O
metamorphosis,CURATION_USER_Kafka_Franz_Die_Verwandlung,21,"Wenn ich mich nicht wegen meiner Eltern zurückhielte, ich hätte längst gekündigt, ich wäre vor den Chef hin getreten und hätte ihm meine Meinung von Grund des Herzens aus gesagt.",vor,3329,3332,I-non_event,O,I-Direct thought,O
metamorphosis,CURATION_USER_Kafka_Franz_Die_Verwandlung,21,"Wenn ich mich nicht wegen meiner Eltern zurückhielte, ich hätte längst gekündigt, ich wäre vor den Chef hin getreten und hätte ihm meine Meinung von Grund des Herzens aus gesagt.",den,3333,3336,I-non_event,O,I-Direct thought,O
metamorphosis,CURATION_USER_Kafka_Franz_Die_Verwandlung,21,"Wenn ich mich nicht wegen meiner Eltern zurückhielte, ich hätte längst gekündigt, ich wäre vor den Chef hin getreten und hätte ihm meine Meinung von Grund des Herzens aus gesagt.",Chef,3337,3341,I-non_event,O,I-Direct thought,O
metamorphosis,CURATION_USER_Kafka_Franz_Die_Verwandlung,21,"Wenn ich mich nicht wegen meiner Eltern zurückhielte, ich hätte längst gekündigt, ich wäre vor den Chef hin getreten und hätte ihm meine Meinung von Grund des Herzens aus gesagt.",hin,3342,3345,I-non_event,O,I-Direct thought,O
metamorphosis,CURATION_USER_Kafka_Franz_Die_Verwandlung,21,"Wenn ich mich nicht wegen meiner Eltern zurückhielte, ich hätte längst gekündigt, ich wäre vor den Chef hin getreten und hätte ihm meine Meinung von Grund des Herzens aus gesagt.",getreten,3346,3354,I-non_event,O,I-Direct thought,O
metamorphosis,CURATION_USER_Kafka_Franz_Die_Verwandlung,21,"Wenn ich mich nicht wegen meiner Eltern zurückhielte, ich hätte längst gekündigt, ich wäre vor den Chef hin getreten und hätte ihm meine Meinung von Grund des Herzens aus gesagt.",und,3355,3358,B-non_event,O,B-Direct thought,O
metamorphosis,CURATION_USER_Kafka_Franz_Die_Verwandlung,21,"Wenn ich mich nicht wegen meiner Eltern zurückhielte, ich hätte längst gekündigt, ich wäre vor den Chef hin getreten und hätte ihm meine Meinung von Grund des Herzens aus gesagt.",hätte,3359,3364,I-non_event,O,I-Direct thought,O
metamorphosis,CURATION_USER_Kafka_Franz_Die_Verwandlung,21,"Wenn ich mich nicht wegen meiner Eltern zurückhielte, ich hätte längst gekündigt, ich wäre vor den Chef hin getreten und hätte ihm meine Meinung von Grund des Herzens aus gesagt.",ihm,3365,3368,I-non_event,O,I-Direct thought,O
metamorphosis,CURATION_USER_Kafka_Franz_Die_Verwandlung,21,"Wenn ich mich nicht wegen meiner Eltern zurückhielte, ich hätte längst gekündigt, ich wäre vor den Chef hin getreten und hätte ihm meine Meinung von Grund des Herzens aus gesagt.",meine,3369,3374,I-non_event,O,I-Direct thought,O
metamorphosis,CURATION_USER_Kafka_Franz_Die_Verwandlung,21,"Wenn ich mich nicht wegen meiner Eltern zurückhielte, ich hätte längst gekündigt, ich wäre vor den Chef hin getreten und hätte ihm meine Meinung von Grund des Herzens aus gesagt.",Meinung,3375,3382,I-non_event,O,I-Direct thought,O
metamorphosis,CURATION_USER_Kafka_Franz_Die_Verwandlung,21,"Wenn ich mich nicht wegen meiner Eltern zurückhielte, ich hätte längst gekündigt, ich wäre vor den Chef hin getreten und hätte ihm meine Meinung von Grund des Herzens aus gesagt.",von,3383,3386,I-non_event,O,I-Direct thought,O
metamorphosis,CURATION_USER_Kafka_Franz_Die_Verwandlung,21,"Wenn ich mich nicht wegen meiner Eltern zurückhielte, ich hätte längst gekündigt, ich wäre vor den Chef hin getreten und hätte ihm meine Meinung von Grund des Herzens aus gesagt.",Grund,3387,3392,I-non_event,O,I-Direct thought,O
metamorphosis,CURATION_USER_Kafka_Franz_Die_Verwandlung,21,"Wenn ich mich nicht wegen meiner Eltern zurückhielte, ich hätte längst gekündigt, ich wäre vor den Chef hin getreten und hätte ihm meine Meinung von Grund des Herzens aus gesagt.",des,3393,3396,I-non_event,O,I-Direct thought,O
metamorphosis,CURATION_USER_Kafka_Franz_Die_Verwandlung,21,"Wenn ich mich nicht wegen meiner Eltern zurückhielte, ich hätte längst gekündigt, ich wäre vor den Chef hin getreten und hätte ihm meine Meinung von Grund des Herzens aus gesagt.",Herzens,3397,3404,I-non_event,O,I-Direct thought,O
metamorphosis,CURATION_USER_Kafka_Franz_Die_Verwandlung,21,"Wenn ich mich nicht wegen meiner Eltern zurückhielte, ich hätte längst gekündigt, ich wäre vor den Chef hin getreten und hätte ihm meine Meinung von Grund des Herzens aus gesagt.",aus,3405,3408,I-non_event,O,I-Direct thought,O
metamorphosis,CURATION_USER_Kafka_Franz_Die_Verwandlung,21,"Wenn ich mich nicht wegen meiner Eltern zurückhielte, ich hätte längst gekündigt, ich wäre vor den Chef hin getreten und hätte ihm meine Meinung von Grund des Herzens aus gesagt.",gesagt,3409,3415,I-non_event,O,I-Direct thought,O
metamorphosis,CURATION_USER_Kafka_Franz_Die_Verwandlung,21,"Wenn ich mich nicht wegen meiner Eltern zurückhielte, ich hätte längst gekündigt, ich wäre vor den Chef hin getreten und hätte ihm meine Meinung von Grund des Herzens aus gesagt.",.,3415,3416,O,O,O,O
metamorphosis,CURATION_USER_Kafka_Franz_Die_Verwandlung,22,Vom Pult hätte er fallen müssen!,Vom,3417,3420,B-non_event,O,B-Direct thought,O
metamorphosis,CURATION_USER_Kafka_Franz_Die_Verwandlung,22,Vom Pult hätte er fallen müssen!,Pult,3421,3425,I-non_event,O,I-Direct thought,O
metamorphosis,CURATION_USER_Kafka_Franz_Die_Verwandlung,22,Vom Pult hätte er fallen müssen!,hätte,3426,3431,I-non_event,O,I-Direct thought,O
metamorphosis,CURATION_USER_Kafka_Franz_Die_Verwandlung,22,Vom Pult hätte er fallen müssen!,er,3432,3434,I-non_event,O,I-Direct thought,O
metamorphosis,CURATION_USER_Kafka_Franz_Die_Verwandlung,22,Vom Pult hätte er fallen müssen!,fallen,3435,3441,I-non_event,O,I-Direct thought,O
metamorphosis,CURATION_USER_Kafka_Franz_Die_Verwandlung,22,Vom Pult hätte er fallen müssen!,müssen,3442,3448,I-non_event,O,I-Direct thought,O
metamorphosis,CURATION_USER_Kafka_Franz_Die_Verwandlung,22,Vom Pult hätte er fallen müssen!,!,3448,3449,O,O,O,O
metamorphosis,CURATION_USER_Kafka_Franz_Die_Verwandlung,23,"Es ist auch eine sonderbare Art, sich auf das Pult zu setzen und von der Höhe herab mit dem Angestellten zu reden, der überdies wegen der Schwerhörigkeit des Chefs ganz nahe herantreten muß.",Es,3450,3452,B-stative_event,O,B-Direct thought,O
metamorphosis,CURATION_USER_Kafka_Franz_Die_Verwandlung,23,"Es ist auch eine sonderbare Art, sich auf das Pult zu setzen und von der Höhe herab mit dem Angestellten zu reden, der überdies wegen der Schwerhörigkeit des Chefs ganz nahe herantreten muß.",ist,3453,3456,I-stative_event,O,I-Direct thought,O
metamorphosis,CURATION_USER_Kafka_Franz_Die_Verwandlung,23,"Es ist auch eine sonderbare Art, sich auf das Pult zu setzen und von der Höhe herab mit dem Angestellten zu reden, der überdies wegen der Schwerhörigkeit des Chefs ganz nahe herantreten muß.",auch,3457,3461,I-stative_event,O,I-Direct thought,O
metamorphosis,CURATION_USER_Kafka_Franz_Die_Verwandlung,23,"Es ist auch eine sonderbare Art, sich auf das Pult zu setzen und von der Höhe herab mit dem Angestellten zu reden, der überdies wegen der Schwerhörigkeit des Chefs ganz nahe herantreten muß.",eine,3462,3466,I-stative_event,O,I-Direct thought,O
metamorphosis,CURATION_USER_Kafka_Franz_Die_Verwandlung,23,"Es ist auch eine sonderbare Art, sich auf das Pult zu setzen und von der Höhe herab mit dem Angestellten zu reden, der überdies wegen der Schwerhörigkeit des Chefs ganz nahe herantreten muß.",sonderbare,3467,3477,I-stative_event,O,I-Direct thought,O
metamorphosis,CURATION_USER_Kafka_Franz_Die_Verwandlung,23,"Es ist auch eine sonderbare Art, sich auf das Pult zu setzen und von der Höhe herab mit dem Angestellten zu reden, der überdies wegen der Schwerhörigkeit des Chefs ganz nahe herantreten muß.",Art,3478,3481,I-stative_event,O,I-Direct thought,O
metamorphosis,CURATION_USER_Kafka_Franz_Die_Verwandlung,23,"Es ist auch eine sonderbare Art, sich auf das Pult zu setzen und von der Höhe herab mit dem Angestellten zu reden, der überdies wegen der Schwerhörigkeit des Chefs ganz nahe herantreten muß.",",",3481,3482,I-stative_event,O,I-Direct thought,O
metamorphosis,CURATION_USER_Kafka_Franz_Die_Verwandlung,23,"Es ist auch eine sonderbare Art, sich auf das Pult zu setzen und von der Höhe herab mit dem Angestellten zu reden, der überdies wegen der Schwerhörigkeit des Chefs ganz nahe herantreten muß.",sich,3483,3487,I-stative_event,O,I-Direct thought,O
metamorphosis,CURATION_USER_Kafka_Franz_Die_Verwandlung,23,"Es ist auch eine sonderbare Art, sich auf das Pult zu setzen und von der Höhe herab mit dem Angestellten zu reden, der überdies wegen der Schwerhörigkeit des Chefs ganz nahe herantreten muß.",auf,3488,3491,I-stative_event,O,I-Direct thought,O
metamorphosis,CURATION_USER_Kafka_Franz_Die_Verwandlung,23,"Es ist auch eine sonderbare Art, sich auf das Pult zu setzen und von der Höhe herab mit dem Angestellten zu reden, der überdies wegen der Schwerhörigkeit des Chefs ganz nahe herantreten muß.",das,3492,3495,I-stative_event,O,I-Direct thought,O
metamorphosis,CURATION_USER_Kafka_Franz_Die_Verwandlung,23,"Es ist auch eine sonderbare Art, sich auf das Pult zu setzen und von der Höhe herab mit dem Angestellten zu reden, der überdies wegen der Schwerhörigkeit des Chefs ganz nahe herantreten muß.",Pult,3496,3500,I-stative_event,O,I-Direct thought,O
metamorphosis,CURATION_USER_Kafka_Franz_Die_Verwandlung,23,"Es ist auch eine sonderbare Art, sich auf das Pult zu setzen und von der Höhe herab mit dem Angestellten zu reden, der überdies wegen der Schwerhörigkeit des Chefs ganz nahe herantreten muß.",zu,3501,3503,I-stative_event,O,I-Direct thought,O
metamorphosis,CURATION_USER_Kafka_Franz_Die_Verwandlung,23,"Es ist auch eine sonderbare Art, sich auf das Pult zu setzen und von der Höhe herab mit dem Angestellten zu reden, der überdies wegen der Schwerhörigkeit des Chefs ganz nahe herantreten muß.",setzen,3504,3510,I-stative_event,O,I-Direct thought,O
metamorphosis,CURATION_USER_Kafka_Franz_Die_Verwandlung,23,"Es ist auch eine sonderbare Art, sich auf das Pult zu setzen und von der Höhe herab mit dem Angestellten zu reden, der überdies wegen der Schwerhörigkeit des Chefs ganz nahe herantreten muß.",und,3511,3514,I-stative_event,O,I-Direct thought,O
metamorphosis,CURATION_USER_Kafka_Franz_Die_Verwandlung,23,"Es ist auch eine sonderbare Art, sich auf das Pult zu setzen und von der Höhe herab mit dem Angestellten zu reden, der überdies wegen der Schwerhörigkeit des Chefs ganz nahe herantreten muß.",von,3515,3518,I-stative_event,O,I-Direct thought,O
metamorphosis,CURATION_USER_Kafka_Franz_Die_Verwandlung,23,"Es ist auch eine sonderbare Art, sich auf das Pult zu setzen und von der Höhe herab mit dem Angestellten zu reden, der überdies wegen der Schwerhörigkeit des Chefs ganz nahe herantreten muß.",der,3519,3522,I-stative_event,O,I-Direct thought,O
metamorphosis,CURATION_USER_Kafka_Franz_Die_Verwandlung,23,"Es ist auch eine sonderbare Art, sich auf das Pult zu setzen und von der Höhe herab mit dem Angestellten zu reden, der überdies wegen der Schwerhörigkeit des Chefs ganz nahe herantreten muß.",Höhe,3523,3527,I-stative_event,O,I-Direct thought,O
metamorphosis,CURATION_USER_Kafka_Franz_Die_Verwandlung,23,"Es ist auch eine sonderbare Art, sich auf das Pult zu setzen und von der Höhe herab mit dem Angestellten zu reden, der überdies wegen der Schwerhörigkeit des Chefs ganz nahe herantreten muß.",herab,3528,3533,I-stative_event,O,I-Direct thought,O
metamorphosis,CURATION_USER_Kafka_Franz_Die_Verwandlung,23,"Es ist auch eine sonderbare Art, sich auf das Pult zu setzen und von der Höhe herab mit dem Angestellten zu reden, der überdies wegen der Schwerhörigkeit des Chefs ganz nahe herantreten muß.",mit,3534,3537,I-stative_event,O,I-Direct thought,O
metamorphosis,CURATION_USER_Kafka_Franz_Die_Verwandlung,23,"Es ist auch eine sonderbare Art, sich auf das Pult zu setzen und von der Höhe herab mit dem Angestellten zu reden, der überdies wegen der Schwerhörigkeit des Chefs ganz nahe herantreten muß.",dem,3538,3541,I-stative_event,O,I-Direct thought,O
metamorphosis,CURATION_USER_Kafka_Franz_Die_Verwandlung,23,"Es ist auch eine sonderbare Art, sich auf das Pult zu setzen und von der Höhe herab mit dem Angestellten zu reden, der überdies wegen der Schwerhörigkeit des Chefs ganz nahe herantreten muß.",Angestellten,3542,3554,I-stative_event,O,I-Direct thought,O
metamorphosis,CURATION_USER_Kafka_Franz_Die_Verwandlung,23,"Es ist auch eine sonderbare Art, sich auf das Pult zu setzen und von der Höhe herab mit dem Angestellten zu reden, der überdies wegen der Schwerhörigkeit des Chefs ganz nahe herantreten muß.",zu,3555,3557,I-stative_event,O,I-Direct thought,O
metamorphosis,CURATION_USER_Kafka_Franz_Die_Verwandlung,23,"Es ist auch eine sonderbare Art, sich auf das Pult zu setzen und von der Höhe herab mit dem Angestellten zu reden, der überdies wegen der Schwerhörigkeit des Chefs ganz nahe herantreten muß.",reden,3558,3563,I-stative_event,O,I-Direct thought,O
metamorphosis,CURATION_USER_Kafka_Franz_Die_Verwandlung,23,"Es ist auch eine sonderbare Art, sich auf das Pult zu setzen und von der Höhe herab mit dem Angestellten zu reden, der überdies wegen der Schwerhörigkeit des Chefs ganz nahe herantreten muß.",",",3563,3564,O,O,O,O
metamorphosis,CURATION_USER_Kafka_Franz_Die_Verwandlung,23,"Es ist auch eine sonderbare Art, sich auf das Pult zu setzen und von der Höhe herab mit dem Angestellten zu reden, der überdies wegen der Schwerhörigkeit des Chefs ganz nahe herantreten muß.",der,3565,3568,B-non_event,O,B-Direct thought,O
metamorphosis,CURATION_USER_Kafka_Franz_Die_Verwandlung,23,"Es ist auch eine sonderbare Art, sich auf das Pult zu setzen und von der Höhe herab mit dem Angestellten zu reden, der überdies wegen der Schwerhörigkeit des Chefs ganz nahe herantreten muß.",überdies,3569,3577,I-non_event,O,I-Direct thought,O
metamorphosis,CURATION_USER_Kafka_Franz_Die_Verwandlung,23,"Es ist auch eine sonderbare Art, sich auf das Pult zu setzen und von der Höhe herab mit dem Angestellten zu reden, der überdies wegen der Schwerhörigkeit des Chefs ganz nahe herantreten muß.",wegen,3578,3583,I-non_event,O,I-Direct thought,O
metamorphosis,CURATION_USER_Kafka_Franz_Die_Verwandlung,23,"Es ist auch eine sonderbare Art, sich auf das Pult zu setzen und von der Höhe herab mit dem Angestellten zu reden, der überdies wegen der Schwerhörigkeit des Chefs ganz nahe herantreten muß.",der,3584,3587,I-non_event,O,I-Direct thought,O
metamorphosis,CURATION_USER_Kafka_Franz_Die_Verwandlung,23,"Es ist auch eine sonderbare Art, sich auf das Pult zu setzen und von der Höhe herab mit dem Angestellten zu reden, der überdies wegen der Schwerhörigkeit des Chefs ganz nahe herantreten muß.",Schwerhörigkeit,3588,3603,I-non_event,O,I-Direct thought,O
metamorphosis,CURATION_USER_Kafka_Franz_Die_Verwandlung,23,"Es ist auch eine sonderbare Art, sich auf das Pult zu setzen und von der Höhe herab mit dem Angestellten zu reden, der überdies wegen der Schwerhörigkeit des Chefs ganz nahe herantreten muß.",des,3604,3607,I-non_event,O,I-Direct thought,O
metamorphosis,CURATION_USER_Kafka_Franz_Die_Verwandlung,23,"Es ist auch eine sonderbare Art, sich auf das Pult zu setzen und von der Höhe herab mit dem Angestellten zu reden, der überdies wegen der Schwerhörigkeit des Chefs ganz nahe herantreten muß.",Chefs,3608,3613,I-non_event,O,I-Direct thought,O
metamorphosis,CURATION_USER_Kafka_Franz_Die_Verwandlung,23,"Es ist auch eine sonderbare Art, sich auf das Pult zu setzen und von der Höhe herab mit dem Angestellten zu reden, der überdies wegen der Schwerhörigkeit des Chefs ganz nahe herantreten muß.",ganz,3614,3618,I-non_event,O,I-Direct thought,O
metamorphosis,CURATION_USER_Kafka_Franz_Die_Verwandlung,23,"Es ist auch eine sonderbare Art, sich auf das Pult zu setzen und von der Höhe herab mit dem Angestellten zu reden, der überdies wegen der Schwerhörigkeit des Chefs ganz nahe herantreten muß.",nahe,3619,3623,I-non_event,O,I-Direct thought,O
metamorphosis,CURATION_USER_Kafka_Franz_Die_Verwandlung,23,"Es ist auch eine sonderbare Art, sich auf das Pult zu setzen und von der Höhe herab mit dem Angestellten zu reden, der überdies wegen der Schwerhörigkeit des Chefs ganz nahe herantreten muß.",herantreten,3624,3635,I-non_event,O,I-Direct thought,O
metamorphosis,CURATION_USER_Kafka_Franz_Die_Verwandlung,23,"Es ist auch eine sonderbare Art, sich auf das Pult zu setzen und von der Höhe herab mit dem Angestellten zu reden, der überdies wegen der Schwerhörigkeit des Chefs ganz nahe herantreten muß.",muß,3636,3639,I-non_event,O,I-Direct thought,O
metamorphosis,CURATION_USER_Kafka_Franz_Die_Verwandlung,23,"Es ist auch eine sonderbare Art, sich auf das Pult zu setzen und von der Höhe herab mit dem Angestellten zu reden, der überdies wegen der Schwerhörigkeit des Chefs ganz nahe herantreten muß.",.,3639,3640,O,O,O,O
metamorphosis,CURATION_USER_Kafka_Franz_Die_Verwandlung,24,"Nun, die Hoffnung ist noch nicht gänzlich aufgegeben; habe ich einmal das Geld beisammen, um die Schuld der Eltern an ihn abzuzahlen - es dürfte noch fünf bis sechs Jahre dauern -, mache ich die Sache unbedingt.",Nun,3641,3644,B-stative_event,O,B-Direct thought,O
metamorphosis,CURATION_USER_Kafka_Franz_Die_Verwandlung,24,"Nun, die Hoffnung ist noch nicht gänzlich aufgegeben; habe ich einmal das Geld beisammen, um die Schuld der Eltern an ihn abzuzahlen - es dürfte noch fünf bis sechs Jahre dauern -, mache ich die Sache unbedingt.",",",3644,3645,I-stative_event,O,I-Direct thought,O
metamorphosis,CURATION_USER_Kafka_Franz_Die_Verwandlung,24,"Nun, die Hoffnung ist noch nicht gänzlich aufgegeben; habe ich einmal das Geld beisammen, um die Schuld der Eltern an ihn abzuzahlen - es dürfte noch fünf bis sechs Jahre dauern -, mache ich die Sache unbedingt.",die,3646,3649,I-stative_event,O,I-Direct thought,O
metamorphosis,CURATION_USER_Kafka_Franz_Die_Verwandlung,24,"Nun, die Hoffnung ist noch nicht gänzlich aufgegeben; habe ich einmal das Geld beisammen, um die Schuld der Eltern an ihn abzuzahlen - es dürfte noch fünf bis sechs Jahre dauern -, mache ich die Sache unbedingt.",Hoffnung,3650,3658,I-stative_event,O,I-Direct thought,O
metamorphosis,CURATION_USER_Kafka_Franz_Die_Verwandlung,24,"Nun, die Hoffnung ist noch nicht gänzlich aufgegeben; habe ich einmal das Geld beisammen, um die Schuld der Eltern an ihn abzuzahlen - es dürfte noch fünf bis sechs Jahre dauern -, mache ich die Sache unbedingt.",ist,3659,3662,I-stative_event,O,I-Direct thought,O
metamorphosis,CURATION_USER_Kafka_Franz_Die_Verwandlung,24,"Nun, die Hoffnung ist noch nicht gänzlich aufgegeben; habe ich einmal das Geld beisammen, um die Schuld der Eltern an ihn abzuzahlen - es dürfte noch fünf bis sechs Jahre dauern -, mache ich die Sache unbedingt.",noch,3663,3667,I-stative_event,O,I-Direct thought,O
metamorphosis,CURATION_USER_Kafka_Franz_Die_Verwandlung,24,"Nun, die Hoffnung ist noch nicht gänzlich aufgegeben; habe ich einmal das Geld beisammen, um die Schuld der Eltern an ihn abzuzahlen - es dürfte noch fünf bis sechs Jahre dauern -, mache ich die Sache unbedingt.",nicht,3668,3673,I-stative_event,O,I-Direct thought,O
metamorphosis,CURATION_USER_Kafka_Franz_Die_Verwandlung,24,"Nun, die Hoffnung ist noch nicht gänzlich aufgegeben; habe ich einmal das Geld beisammen, um die Schuld der Eltern an ihn abzuzahlen - es dürfte noch fünf bis sechs Jahre dauern -, mache ich die Sache unbedingt.",gänzlich,3674,3682,I-stative_event,O,I-Direct thought,O
metamorphosis,CURATION_USER_Kafka_Franz_Die_Verwandlung,24,"Nun, die Hoffnung ist noch nicht gänzlich aufgegeben; habe ich einmal das Geld beisammen, um die Schuld der Eltern an ihn abzuzahlen - es dürfte noch fünf bis sechs Jahre dauern -, mache ich die Sache unbedingt.",aufgegeben,3683,3693,I-stative_event,O,I-Direct thought,O
metamorphosis,CURATION_USER_Kafka_Franz_Die_Verwandlung,24,"Nun, die Hoffnung ist noch nicht gänzlich aufgegeben; habe ich einmal das Geld beisammen, um die Schuld der Eltern an ihn abzuzahlen - es dürfte noch fünf bis sechs Jahre dauern -, mache ich die Sache unbedingt.",;,3693,3694,O,O,O,O
metamorphosis,CURATION_USER_Kafka_Franz_Die_Verwandlung,24,"Nun, die Hoffnung ist noch nicht gänzlich aufgegeben; habe ich einmal das Geld beisammen, um die Schuld der Eltern an ihn abzuzahlen - es dürfte noch fünf bis sechs Jahre dauern -, mache ich die Sache unbedingt.",habe,3695,3699,B-non_event,O,B-Direct thought,O
metamorphosis,CURATION_USER_Kafka_Franz_Die_Verwandlung,24,"Nun, die Hoffnung ist noch nicht gänzlich aufgegeben; habe ich einmal das Geld beisammen, um die Schuld der Eltern an ihn abzuzahlen - es dürfte noch fünf bis sechs Jahre dauern -, mache ich die Sache unbedingt.",ich,3700,3703,I-non_event,O,I-Direct thought,O
metamorphosis,CURATION_USER_Kafka_Franz_Die_Verwandlung,24,"Nun, die Hoffnung ist noch nicht gänzlich aufgegeben; habe ich einmal das Geld beisammen, um die Schuld der Eltern an ihn abzuzahlen - es dürfte noch fünf bis sechs Jahre dauern -, mache ich die Sache unbedingt.",einmal,3704,3710,I-non_event,O,I-Direct thought,O
metamorphosis,CURATION_USER_Kafka_Franz_Die_Verwandlung,24,"Nun, die Hoffnung ist noch nicht gänzlich aufgegeben; habe ich einmal das Geld beisammen, um die Schuld der Eltern an ihn abzuzahlen - es dürfte noch fünf bis sechs Jahre dauern -, mache ich die Sache unbedingt.",das,3711,3714,I-non_event,O,I-Direct thought,O
metamorphosis,CURATION_USER_Kafka_Franz_Die_Verwandlung,24,"Nun, die Hoffnung ist noch nicht gänzlich aufgegeben; habe ich einmal das Geld beisammen, um die Schuld der Eltern an ihn abzuzahlen - es dürfte noch fünf bis sechs Jahre dauern -, mache ich die Sache unbedingt.",Geld,3715,3719,I-non_event,O,I-Direct thought,O
metamorphosis,CURATION_USER_Kafka_Franz_Die_Verwandlung,24,"Nun, die Hoffnung ist noch nicht gänzlich aufgegeben; habe ich einmal das Geld beisammen, um die Schuld der Eltern an ihn abzuzahlen - es dürfte noch fünf bis sechs Jahre dauern -, mache ich die Sache unbedingt.",beisammen,3720,3729,I-non_event,O,I-Direct thought,O
metamorphosis,CURATION_USER_Kafka_Franz_Die_Verwandlung,24,"Nun, die Hoffnung ist noch nicht gänzlich aufgegeben; habe ich einmal das Geld beisammen, um die Schuld der Eltern an ihn abzuzahlen - es dürfte noch fünf bis sechs Jahre dauern -, mache ich die Sache unbedingt.",",",3729,3730,I-non_event,O,I-Direct thought,O
metamorphosis,CURATION_USER_Kafka_Franz_Die_Verwandlung,24,"Nun, die Hoffnung ist noch nicht gänzlich aufgegeben; habe ich einmal das Geld beisammen, um die Schuld der Eltern an ihn abzuzahlen - es dürfte noch fünf bis sechs Jahre dauern -, mache ich die Sache unbedingt.",um,3731,3733,I-non_event,O,I-Direct thought,O
metamorphosis,CURATION_USER_Kafka_Franz_Die_Verwandlung,24,"Nun, die Hoffnung ist noch nicht gänzlich aufgegeben; habe ich einmal das Geld beisammen, um die Schuld der Eltern an ihn abzuzahlen - es dürfte noch fünf bis sechs Jahre dauern -, mache ich die Sache unbedingt.",die,3734,3737,I-non_event,O,I-Direct thought,O
metamorphosis,CURATION_USER_Kafka_Franz_Die_Verwandlung,24,"Nun, die Hoffnung ist noch nicht gänzlich aufgegeben; habe ich einmal das Geld beisammen, um die Schuld der Eltern an ihn abzuzahlen - es dürfte noch fünf bis sechs Jahre dauern -, mache ich die Sache unbedingt.",Schuld,3738,3744,I-non_event,O,I-Direct thought,O
metamorphosis,CURATION_USER_Kafka_Franz_Die_Verwandlung,24,"Nun, die Hoffnung ist noch nicht gänzlich aufgegeben; habe ich einmal das Geld beisammen, um die Schuld der Eltern an ihn abzuzahlen - es dürfte noch fünf bis sechs Jahre dauern -, mache ich die Sache unbedingt.",der,3745,3748,I-non_event,O,I-Direct thought,O
metamorphosis,CURATION_USER_Kafka_Franz_Die_Verwandlung,24,"Nun, die Hoffnung ist noch nicht gänzlich aufgegeben; habe ich einmal das Geld beisammen, um die Schuld der Eltern an ihn abzuzahlen - es dürfte noch fünf bis sechs Jahre dauern -, mache ich die Sache unbedingt.",Eltern,3749,3755,I-non_event,O,I-Direct thought,O
metamorphosis,CURATION_USER_Kafka_Franz_Die_Verwandlung,24,"Nun, die Hoffnung ist noch nicht gänzlich aufgegeben; habe ich einmal das Geld beisammen, um die Schuld der Eltern an ihn abzuzahlen - es dürfte noch fünf bis sechs Jahre dauern -, mache ich die Sache unbedingt.",an,3756,3758,I-non_event,O,I-Direct thought,O
metamorphosis,CURATION_USER_Kafka_Franz_Die_Verwandlung,24,"Nun, die Hoffnung ist noch nicht gänzlich aufgegeben; habe ich einmal das Geld beisammen, um die Schuld der Eltern an ihn abzuzahlen - es dürfte noch fünf bis sechs Jahre dauern -, mache ich die Sache unbedingt.",ihn,3759,3762,I-non_event,O,I-Direct thought,O
metamorphosis,CURATION_USER_Kafka_Franz_Die_Verwandlung,24,"Nun, die Hoffnung ist noch nicht gänzlich aufgegeben; habe ich einmal das Geld beisammen, um die Schuld der Eltern an ihn abzuzahlen - es dürfte noch fünf bis sechs Jahre dauern -, mache ich die Sache unbedingt.",abzuzahlen,3763,3773,I-non_event,O,I-Direct thought,O
metamorphosis,CURATION_USER_Kafka_Franz_Die_Verwandlung,24,"Nun, die Hoffnung ist noch nicht gänzlich aufgegeben; habe ich einmal das Geld beisammen, um die Schuld der Eltern an ihn abzuzahlen - es dürfte noch fünf bis sechs Jahre dauern -, mache ich die Sache unbedingt.",-,3774,3775,O,O,O,O
metamorphosis,CURATION_USER_Kafka_Franz_Die_Verwandlung,24,"Nun, die Hoffnung ist noch nicht gänzlich aufgegeben; habe ich einmal das Geld beisammen, um die Schuld der Eltern an ihn abzuzahlen - es dürfte noch fünf bis sechs Jahre dauern -, mache ich die Sache unbedingt.",es,3776,3778,B-non_event,O,B-Direct thought,O
metamorphosis,CURATION_USER_Kafka_Franz_Die_Verwandlung,24,"Nun, die Hoffnung ist noch nicht gänzlich aufgegeben; habe ich einmal das Geld beisammen, um die Schuld der Eltern an ihn abzuzahlen - es dürfte noch fünf bis sechs Jahre dauern -, mache ich die Sache unbedingt.",dürfte,3779,3785,I-non_event,O,I-Direct thought,O
metamorphosis,CURATION_USER_Kafka_Franz_Die_Verwandlung,24,"Nun, die Hoffnung ist noch nicht gänzlich aufgegeben; habe ich einmal das Geld beisammen, um die Schuld der Eltern an ihn abzuzahlen - es dürfte noch fünf bis sechs Jahre dauern -, mache ich die Sache unbedingt.",noch,3786,3790,I-non_event,O,I-Direct thought,O
metamorphosis,CURATION_USER_Kafka_Franz_Die_Verwandlung,24,"Nun, die Hoffnung ist noch nicht gänzlich aufgegeben; habe ich einmal das Geld beisammen, um die Schuld der Eltern an ihn abzuzahlen - es dürfte noch fünf bis sechs Jahre dauern -, mache ich die Sache unbedingt.",fünf,3791,3795,I-non_event,O,I-Direct thought,O
metamorphosis,CURATION_USER_Kafka_Franz_Die_Verwandlung,24,"Nun, die Hoffnung ist noch nicht gänzlich aufgegeben; habe ich einmal das Geld beisammen, um die Schuld der Eltern an ihn abzuzahlen - es dürfte noch fünf bis sechs Jahre dauern -, mache ich die Sache unbedingt.",bis,3796,3799,I-non_event,O,I-Direct thought,O
metamorphosis,CURATION_USER_Kafka_Franz_Die_Verwandlung,24,"Nun, die Hoffnung ist noch nicht gänzlich aufgegeben; habe ich einmal das Geld beisammen, um die Schuld der Eltern an ihn abzuzahlen - es dürfte noch fünf bis sechs Jahre dauern -, mache ich die Sache unbedingt.",sechs,3800,3805,I-non_event,O,I-Direct thought,O
metamorphosis,CURATION_USER_Kafka_Franz_Die_Verwandlung,24,"Nun, die Hoffnung ist noch nicht gänzlich aufgegeben; habe ich einmal das Geld beisammen, um die Schuld der Eltern an ihn abzuzahlen - es dürfte noch fünf bis sechs Jahre dauern -, mache ich die Sache unbedingt.",Jahre,3806,3811,I-non_event,O,I-Direct thought,O
metamorphosis,CURATION_USER_Kafka_Franz_Die_Verwandlung,24,"Nun, die Hoffnung ist noch nicht gänzlich aufgegeben; habe ich einmal das Geld beisammen, um die Schuld der Eltern an ihn abzuzahlen - es dürfte noch fünf bis sechs Jahre dauern -, mache ich die Sache unbedingt.",dauern,3812,3818,I-non_event,O,I-Direct thought,O
metamorphosis,CURATION_USER_Kafka_Franz_Die_Verwandlung,24,"Nun, die Hoffnung ist noch nicht gänzlich aufgegeben; habe ich einmal das Geld beisammen, um die Schuld der Eltern an ihn abzuzahlen - es dürfte noch fünf bis sechs Jahre dauern -, mache ich die Sache unbedingt.",-,3819,3820,O,O,O,O
metamorphosis,CURATION_USER_Kafka_Franz_Die_Verwandlung,24,"Nun, die Hoffnung ist noch nicht gänzlich aufgegeben; habe ich einmal das Geld beisammen, um die Schuld der Eltern an ihn abzuzahlen - es dürfte noch fünf bis sechs Jahre dauern -, mache ich die Sache unbedingt.",",",3820,3821,O,O,O,O
metamorphosis,CURATION_USER_Kafka_Franz_Die_Verwandlung,24,"Nun, die Hoffnung ist noch nicht gänzlich aufgegeben; habe ich einmal das Geld beisammen, um die Schuld der Eltern an ihn abzuzahlen - es dürfte noch fünf bis sechs Jahre dauern -, mache ich die Sache unbedingt.",mache,3822,3827,B-non_event,O,B-Direct thought,O
metamorphosis,CURATION_USER_Kafka_Franz_Die_Verwandlung,24,"Nun, die Hoffnung ist noch nicht gänzlich aufgegeben; habe ich einmal das Geld beisammen, um die Schuld der Eltern an ihn abzuzahlen - es dürfte noch fünf bis sechs Jahre dauern -, mache ich die Sache unbedingt.",ich,3828,3831,I-non_event,O,I-Direct thought,O
metamorphosis,CURATION_USER_Kafka_Franz_Die_Verwandlung,24,"Nun, die Hoffnung ist noch nicht gänzlich aufgegeben; habe ich einmal das Geld beisammen, um die Schuld der Eltern an ihn abzuzahlen - es dürfte noch fünf bis sechs Jahre dauern -, mache ich die Sache unbedingt.",die,3832,3835,I-non_event,O,I-Direct thought,O
metamorphosis,CURATION_USER_Kafka_Franz_Die_Verwandlung,24,"Nun, die Hoffnung ist noch nicht gänzlich aufgegeben; habe ich einmal das Geld beisammen, um die Schuld der Eltern an ihn abzuzahlen - es dürfte noch fünf bis sechs Jahre dauern -, mache ich die Sache unbedingt.",Sache,3836,3841,I-non_event,O,I-Direct thought,O
metamorphosis,CURATION_USER_Kafka_Franz_Die_Verwandlung,24,"Nun, die Hoffnung ist noch nicht gänzlich aufgegeben; habe ich einmal das Geld beisammen, um die Schuld der Eltern an ihn abzuzahlen - es dürfte noch fünf bis sechs Jahre dauern -, mache ich die Sache unbedingt.",unbedingt,3842,3851,I-non_event,O,I-Direct thought,O
metamorphosis,CURATION_USER_Kafka_Franz_Die_Verwandlung,24,"Nun, die Hoffnung ist noch nicht gänzlich aufgegeben; habe ich einmal das Geld beisammen, um die Schuld der Eltern an ihn abzuzahlen - es dürfte noch fünf bis sechs Jahre dauern -, mache ich die Sache unbedingt.",.,3851,3852,O,O,O,O
metamorphosis,CURATION_USER_Kafka_Franz_Die_Verwandlung,25,Dann wird der große Schnitt gemacht.,Dann,3853,3857,B-non_event,O,B-Direct thought,O
metamorphosis,CURATION_USER_Kafka_Franz_Die_Verwandlung,25,Dann wird der große Schnitt gemacht.,wird,3858,3862,I-non_event,O,I-Direct thought,O
metamorphosis,CURATION_USER_Kafka_Franz_Die_Verwandlung,25,Dann wird der große Schnitt gemacht.,der,3863,3866,I-non_event,O,I-Direct thought,O
metamorphosis,CURATION_USER_Kafka_Franz_Die_Verwandlung,25,Dann wird der große Schnitt gemacht.,große,3867,3872,I-non_event,O,I-Direct thought,O
metamorphosis,CURATION_USER_Kafka_Franz_Die_Verwandlung,25,Dann wird der große Schnitt gemacht.,Schnitt,3873,3880,I-non_event,O,I-Direct thought,O
metamorphosis,CURATION_USER_Kafka_Franz_Die_Verwandlung,25,Dann wird der große Schnitt gemacht.,gemacht,3881,3888,I-non_event,O,I-Direct thought,O
metamorphosis,CURATION_USER_Kafka_Franz_Die_Verwandlung,25,Dann wird der große Schnitt gemacht.,.,3888,3889,O,O,O,O
metamorphosis,CURATION_USER_Kafka_Franz_Die_Verwandlung,26,"Vorläufig allerdings muß ich aufstehen, denn mein Zug fährt um fünf.«  Und er sah zur Weckuhr hinüber, die auf dem Kasten tickte. »Himmlischer Vater,« dachte er.",Vorläufig,3890,3899,B-non_event,O,B-Direct thought,O
metamorphosis,CURATION_USER_Kafka_Franz_Die_Verwandlung,26,"Vorläufig allerdings muß ich aufstehen, denn mein Zug fährt um fünf.«  Und er sah zur Weckuhr hinüber, die auf dem Kasten tickte. »Himmlischer Vater,« dachte er.",allerdings,3900,3910,I-non_event,O,I-Direct thought,O
metamorphosis,CURATION_USER_Kafka_Franz_Die_Verwandlung,26,"Vorläufig allerdings muß ich aufstehen, denn mein Zug fährt um fünf.«  Und er sah zur Weckuhr hinüber, die auf dem Kasten tickte. »Himmlischer Vater,« dachte er.",muß,3911,3914,I-non_event,O,I-Direct thought,O
metamorphosis,CURATION_USER_Kafka_Franz_Die_Verwandlung,26,"Vorläufig allerdings muß ich aufstehen, denn mein Zug fährt um fünf.«  Und er sah zur Weckuhr hinüber, die auf dem Kasten tickte. »Himmlischer Vater,« dachte er.",ich,3915,3918,I-non_event,O,I-Direct thought,O
metamorphosis,CURATION_USER_Kafka_Franz_Die_Verwandlung,26,"Vorläufig allerdings muß ich aufstehen, denn mein Zug fährt um fünf.«  Und er sah zur Weckuhr hinüber, die auf dem Kasten tickte. »Himmlischer Vater,« dachte er.",aufstehen,3919,3928,I-non_event,O,I-Direct thought,O
metamorphosis,CURATION_USER_Kafka_Franz_Die_Verwandlung,26,"Vorläufig allerdings muß ich aufstehen, denn mein Zug fährt um fünf.«  Und er sah zur Weckuhr hinüber, die auf dem Kasten tickte. »Himmlischer Vater,« dachte er.",",",3928,3929,O,O,O,O
metamorphosis,CURATION_USER_Kafka_Franz_Die_Verwandlung,26,"Vorläufig allerdings muß ich aufstehen, denn mein Zug fährt um fünf.«  Und er sah zur Weckuhr hinüber, die auf dem Kasten tickte. »Himmlischer Vater,« dachte er.",denn,3930,3934,B-non_event,O,B-Direct thought,O
metamorphosis,CURATION_USER_Kafka_Franz_Die_Verwandlung,26,"Vorläufig allerdings muß ich aufstehen, denn mein Zug fährt um fünf.«  Und er sah zur Weckuhr hinüber, die auf dem Kasten tickte. »Himmlischer Vater,« dachte er.",mein,3935,3939,I-non_event,O,I-Direct thought,O
metamorphosis,CURATION_USER_Kafka_Franz_Die_Verwandlung,26,"Vorläufig allerdings muß ich aufstehen, denn mein Zug fährt um fünf.«  Und er sah zur Weckuhr hinüber, die auf dem Kasten tickte. »Himmlischer Vater,« dachte er.",Zug,3940,3943,I-non_event,O,I-Direct thought,O
metamorphosis,CURATION_USER_Kafka_Franz_Die_Verwandlung,26,"Vorläufig allerdings muß ich aufstehen, denn mein Zug fährt um fünf.«  Und er sah zur Weckuhr hinüber, die auf dem Kasten tickte. »Himmlischer Vater,« dachte er.",fährt,3944,3949,I-non_event,O,I-Direct thought,O
metamorphosis,CURATION_USER_Kafka_Franz_Die_Verwandlung,26,"Vorläufig allerdings muß ich aufstehen, denn mein Zug fährt um fünf.«  Und er sah zur Weckuhr hinüber, die auf dem Kasten tickte. »Himmlischer Vater,« dachte er.",um,3950,3952,I-non_event,O,I-Direct thought,O
metamorphosis,CURATION_USER_Kafka_Franz_Die_Verwandlung,26,"Vorläufig allerdings muß ich aufstehen, denn mein Zug fährt um fünf.«  Und er sah zur Weckuhr hinüber, die auf dem Kasten tickte. »Himmlischer Vater,« dachte er.",fünf,3953,3957,I-non_event,O,I-Direct thought,O
metamorphosis,CURATION_USER_Kafka_Franz_Die_Verwandlung,26,"Vorläufig allerdings muß ich aufstehen, denn mein Zug fährt um fünf.«  Und er sah zur Weckuhr hinüber, die auf dem Kasten tickte. »Himmlischer Vater,« dachte er.",.,3957,3958,O,O,O,O
metamorphosis,CURATION_USER_Kafka_Franz_Die_Verwandlung,26,"Vorläufig allerdings muß ich aufstehen, denn mein Zug fährt um fünf.«  Und er sah zur Weckuhr hinüber, die auf dem Kasten tickte. »Himmlischer Vater,« dachte er.",«,3958,3959,O,O,O,O
metamorphosis,CURATION_USER_Kafka_Franz_Die_Verwandlung,26,"Vorläufig allerdings muß ich aufstehen, denn mein Zug fährt um fünf.«  Und er sah zur Weckuhr hinüber, die auf dem Kasten tickte. »Himmlischer Vater,« dachte er.",Und,3961,3964,B-process,O,O,O
metamorphosis,CURATION_USER_Kafka_Franz_Die_Verwandlung,26,"Vorläufig allerdings muß ich aufstehen, denn mein Zug fährt um fünf.«  Und er sah zur Weckuhr hinüber, die auf dem Kasten tickte. »Himmlischer Vater,« dachte er.",er,3965,3967,I-process,O,O,O
metamorphosis,CURATION_USER_Kafka_Franz_Die_Verwandlung,26,"Vorläufig allerdings muß ich aufstehen, denn mein Zug fährt um fünf.«  Und er sah zur Weckuhr hinüber, die auf dem Kasten tickte. »Himmlischer Vater,« dachte er.",sah,3968,3971,I-process,O,O,O
metamorphosis,CURATION_USER_Kafka_Franz_Die_Verwandlung,26,"Vorläufig allerdings muß ich aufstehen, denn mein Zug fährt um fünf.«  Und er sah zur Weckuhr hinüber, die auf dem Kasten tickte. »Himmlischer Vater,« dachte er.",zur,3972,3975,I-process,O,O,O
metamorphosis,CURATION_USER_Kafka_Franz_Die_Verwandlung,26,"Vorläufig allerdings muß ich aufstehen, denn mein Zug fährt um fünf.«  Und er sah zur Weckuhr hinüber, die auf dem Kasten tickte. »Himmlischer Vater,« dachte er.",Weckuhr,3976,3983,I-process,O,O,O
metamorphosis,CURATION_USER_Kafka_Franz_Die_Verwandlung,26,"Vorläufig allerdings muß ich aufstehen, denn mein Zug fährt um fünf.«  Und er sah zur Weckuhr hinüber, die auf dem Kasten tickte. »Himmlischer Vater,« dachte er.",hinüber,3984,3991,I-process,O,O,O
metamorphosis,CURATION_USER_Kafka_Franz_Die_Verwandlung,26,"Vorläufig allerdings muß ich aufstehen, denn mein Zug fährt um fünf.«  Und er sah zur Weckuhr hinüber, die auf dem Kasten tickte. »Himmlischer Vater,« dachte er.",",",3991,3992,O,O,O,O
metamorphosis,CURATION_USER_Kafka_Franz_Die_Verwandlung,26,"Vorläufig allerdings muß ich aufstehen, denn mein Zug fährt um fünf.«  Und er sah zur Weckuhr hinüber, die auf dem Kasten tickte. »Himmlischer Vater,« dachte er.",die,3993,3996,B-process,O,O,O
metamorphosis,CURATION_USER_Kafka_Franz_Die_Verwandlung,26,"Vorläufig allerdings muß ich aufstehen, denn mein Zug fährt um fünf.«  Und er sah zur Weckuhr hinüber, die auf dem Kasten tickte. »Himmlischer Vater,« dachte er.",auf,3997,4000,I-process,O,O,O
metamorphosis,CURATION_USER_Kafka_Franz_Die_Verwandlung,26,"Vorläufig allerdings muß ich aufstehen, denn mein Zug fährt um fünf.«  Und er sah zur Weckuhr hinüber, die auf dem Kasten tickte. »Himmlischer Vater,« dachte er.",dem,4001,4004,I-process,O,O,O
metamorphosis,CURATION_USER_Kafka_Franz_Die_Verwandlung,26,"Vorläufig allerdings muß ich aufstehen, denn mein Zug fährt um fünf.«  Und er sah zur Weckuhr hinüber, die auf dem Kasten tickte. »Himmlischer Vater,« dachte er.",Kasten,4005,4011,I-process,O,O,O
metamorphosis,CURATION_USER_Kafka_Franz_Die_Verwandlung,26,"Vorläufig allerdings muß ich aufstehen, denn mein Zug fährt um fünf.«  Und er sah zur Weckuhr hinüber, die auf dem Kasten tickte. »Himmlischer Vater,« dachte er.",tickte,4012,4018,I-process,O,O,O
metamorphosis,CURATION_USER_Kafka_Franz_Die_Verwandlung,26,"Vorläufig allerdings muß ich aufstehen, denn mein Zug fährt um fünf.«  Und er sah zur Weckuhr hinüber, die auf dem Kasten tickte. »Himmlischer Vater,« dachte er.",.,4018,4019,O,O,O,O
metamorphosis,CURATION_USER_Kafka_Franz_Die_Verwandlung,26,"Vorläufig allerdings muß ich aufstehen, denn mein Zug fährt um fünf.«  Und er sah zur Weckuhr hinüber, die auf dem Kasten tickte. »Himmlischer Vater,« dachte er.",»,4020,4021,O,O,O,O
metamorphosis,CURATION_USER_Kafka_Franz_Die_Verwandlung,26,"Vorläufig allerdings muß ich aufstehen, denn mein Zug fährt um fünf.«  Und er sah zur Weckuhr hinüber, die auf dem Kasten tickte. »Himmlischer Vater,« dachte er.",Himmlischer,4021,4032,B-non_event,O,B-Direct thought,O
metamorphosis,CURATION_USER_Kafka_Franz_Die_Verwandlung,26,"Vorläufig allerdings muß ich aufstehen, denn mein Zug fährt um fünf.«  Und er sah zur Weckuhr hinüber, die auf dem Kasten tickte. »Himmlischer Vater,« dachte er.",Vater,4033,4038,I-non_event,O,I-Direct thought,O
metamorphosis,CURATION_USER_Kafka_Franz_Die_Verwandlung,26,"Vorläufig allerdings muß ich aufstehen, denn mein Zug fährt um fünf.«  Und er sah zur Weckuhr hinüber, die auf dem Kasten tickte. »Himmlischer Vater,« dachte er.",",",4038,4039,O,O,O,O
metamorphosis,CURATION_USER_Kafka_Franz_Die_Verwandlung,26,"Vorläufig allerdings muß ich aufstehen, denn mein Zug fährt um fünf.«  Und er sah zur Weckuhr hinüber, die auf dem Kasten tickte. »Himmlischer Vater,« dachte er.",«,4039,4040,O,O,O,O
metamorphosis,CURATION_USER_Kafka_Franz_Die_Verwandlung,26,"Vorläufig allerdings muß ich aufstehen, denn mein Zug fährt um fünf.«  Und er sah zur Weckuhr hinüber, die auf dem Kasten tickte. »Himmlischer Vater,« dachte er.",dachte,4041,4047,B-process,O,O,O
metamorphosis,CURATION_USER_Kafka_Franz_Die_Verwandlung,26,"Vorläufig allerdings muß ich aufstehen, denn mein Zug fährt um fünf.«  Und er sah zur Weckuhr hinüber, die auf dem Kasten tickte. »Himmlischer Vater,« dachte er.",er,4048,4050,I-process,O,O,O
metamorphosis,CURATION_USER_Kafka_Franz_Die_Verwandlung,26,"Vorläufig allerdings muß ich aufstehen, denn mein Zug fährt um fünf.«  Und er sah zur Weckuhr hinüber, die auf dem Kasten tickte. »Himmlischer Vater,« dachte er.",.,4050,4051,O,O,O,O
metamorphosis,CURATION_USER_Kafka_Franz_Die_Verwandlung,27,"Es war halb sieben Uhr, und die Zeiger gingen ruhig vorwärts, es war sogar halb vorüber, es näherte sich schon dreiviertel.",Es,4052,4054,B-stative_event,O,O,O
metamorphosis,CURATION_USER_Kafka_Franz_Die_Verwandlung,27,"Es war halb sieben Uhr, und die Zeiger gingen ruhig vorwärts, es war sogar halb vorüber, es näherte sich schon dreiviertel.",war,4055,4058,I-stative_event,O,O,O
metamorphosis,CURATION_USER_Kafka_Franz_Die_Verwandlung,27,"Es war halb sieben Uhr, und die Zeiger gingen ruhig vorwärts, es war sogar halb vorüber, es näherte sich schon dreiviertel.",halb,4059,4063,I-stative_event,O,O,O
metamorphosis,CURATION_USER_Kafka_Franz_Die_Verwandlung,27,"Es war halb sieben Uhr, und die Zeiger gingen ruhig vorwärts, es war sogar halb vorüber, es näherte sich schon dreiviertel.",sieben,4064,4070,I-stative_event,O,O,O
metamorphosis,CURATION_USER_Kafka_Franz_Die_Verwandlung,27,"Es war halb sieben Uhr, und die Zeiger gingen ruhig vorwärts, es war sogar halb vorüber, es näherte sich schon dreiviertel.",Uhr,4071,4074,I-stative_event,O,O,O
metamorphosis,CURATION_USER_Kafka_Franz_Die_Verwandlung,27,"Es war halb sieben Uhr, und die Zeiger gingen ruhig vorwärts, es war sogar halb vorüber, es näherte sich schon dreiviertel.",",",4074,4075,O,O,O,O
metamorphosis,CURATION_USER_Kafka_Franz_Die_Verwandlung,27,"Es war halb sieben Uhr, und die Zeiger gingen ruhig vorwärts, es war sogar halb vorüber, es näherte sich schon dreiviertel.",und,4076,4079,B-process,O,O,O
metamorphosis,CURATION_USER_Kafka_Franz_Die_Verwandlung,27,"Es war halb sieben Uhr, und die Zeiger gingen ruhig vorwärts, es war sogar halb vorüber, es näherte sich schon dreiviertel.",die,4080,4083,I-process,O,O,O
metamorphosis,CURATION_USER_Kafka_Franz_Die_Verwandlung,27,"Es war halb sieben Uhr, und die Zeiger gingen ruhig vorwärts, es war sogar halb vorüber, es näherte sich schon dreiviertel.",Zeiger,4084,4090,I-process,O,O,O
metamorphosis,CURATION_USER_Kafka_Franz_Die_Verwandlung,27,"Es war halb sieben Uhr, und die Zeiger gingen ruhig vorwärts, es war sogar halb vorüber, es näherte sich schon dreiviertel.",gingen,4091,4097,I-process,O,O,O
metamorphosis,CURATION_USER_Kafka_Franz_Die_Verwandlung,27,"Es war halb sieben Uhr, und die Zeiger gingen ruhig vorwärts, es war sogar halb vorüber, es näherte sich schon dreiviertel.",ruhig,4098,4103,I-process,O,O,O
metamorphosis,CURATION_USER_Kafka_Franz_Die_Verwandlung,27,"Es war halb sieben Uhr, und die Zeiger gingen ruhig vorwärts, es war sogar halb vorüber, es näherte sich schon dreiviertel.",vorwärts,4104,4112,I-process,O,O,O
metamorphosis,CURATION_USER_Kafka_Franz_Die_Verwandlung,27,"Es war halb sieben Uhr, und die Zeiger gingen ruhig vorwärts, es war sogar halb vorüber, es näherte sich schon dreiviertel.",",",4112,4113,O,O,O,O
metamorphosis,CURATION_USER_Kafka_Franz_Die_Verwandlung,27,"Es war halb sieben Uhr, und die Zeiger gingen ruhig vorwärts, es war sogar halb vorüber, es näherte sich schon dreiviertel.",es,4114,4116,B-stative_event,O,O,O
metamorphosis,CURATION_USER_Kafka_Franz_Die_Verwandlung,27,"Es war halb sieben Uhr, und die Zeiger gingen ruhig vorwärts, es war sogar halb vorüber, es näherte sich schon dreiviertel.",war,4117,4120,I-stative_event,O,O,O
metamorphosis,CURATION_USER_Kafka_Franz_Die_Verwandlung,27,"Es war halb sieben Uhr, und die Zeiger gingen ruhig vorwärts, es war sogar halb vorüber, es näherte sich schon dreiviertel.",sogar,4121,4126,I-stative_event,O,O,O
metamorphosis,CURATION_USER_Kafka_Franz_Die_Verwandlung,27,"Es war halb sieben Uhr, und die Zeiger gingen ruhig vorwärts, es war sogar halb vorüber, es näherte sich schon dreiviertel.",halb,4127,4131,I-stative_event,O,O,O
metamorphosis,CURATION_USER_Kafka_Franz_Die_Verwandlung,27,"Es war halb sieben Uhr, und die Zeiger gingen ruhig vorwärts, es war sogar halb vorüber, es näherte sich schon dreiviertel.",vorüber,4132,4139,I-stative_event,O,O,O
metamorphosis,CURATION_USER_Kafka_Franz_Die_Verwandlung,27,"Es war halb sieben Uhr, und die Zeiger gingen ruhig vorwärts, es war sogar halb vorüber, es näherte sich schon dreiviertel.",",",4139,4140,O,O,O,O
metamorphosis,CURATION_USER_Kafka_Franz_Die_Verwandlung,27,"Es war halb sieben Uhr, und die Zeiger gingen ruhig vorwärts, es war sogar halb vorüber, es näherte sich schon dreiviertel.",es,4141,4143,B-stative_event,O,O,O
metamorphosis,CURATION_USER_Kafka_Franz_Die_Verwandlung,27,"Es war halb sieben Uhr, und die Zeiger gingen ruhig vorwärts, es war sogar halb vorüber, es näherte sich schon dreiviertel.",näherte,4144,4151,I-stative_event,O,O,O
metamorphosis,CURATION_USER_Kafka_Franz_Die_Verwandlung,27,"Es war halb sieben Uhr, und die Zeiger gingen ruhig vorwärts, es war sogar halb vorüber, es näherte sich schon dreiviertel.",sich,4152,4156,I-stative_event,O,O,O
metamorphosis,CURATION_USER_Kafka_Franz_Die_Verwandlung,27,"Es war halb sieben Uhr, und die Zeiger gingen ruhig vorwärts, es war sogar halb vorüber, es näherte sich schon dreiviertel.",schon,4157,4162,I-stative_event,O,O,O
metamorphosis,CURATION_USER_Kafka_Franz_Die_Verwandlung,27,"Es war halb sieben Uhr, und die Zeiger gingen ruhig vorwärts, es war sogar halb vorüber, es näherte sich schon dreiviertel.",dreiviertel,4163,4174,I-stative_event,O,O,O
metamorphosis,CURATION_USER_Kafka_Franz_Die_Verwandlung,27,"Es war halb sieben Uhr, und die Zeiger gingen ruhig vorwärts, es war sogar halb vorüber, es näherte sich schon dreiviertel.",.,4174,4175,O,O,O,O
metamorphosis,CURATION_USER_Kafka_Franz_Die_Verwandlung,28,Sollte der Wecker nicht geläutet haben?,Sollte,4176,4182,B-non_event,O,O,O
metamorphosis,CURATION_USER_Kafka_Franz_Die_Verwandlung,28,Sollte der Wecker nicht geläutet haben?,der,4183,4186,I-non_event,O,O,O
metamorphosis,CURATION_USER_Kafka_Franz_Die_Verwandlung,28,Sollte der Wecker nicht geläutet haben?,Wecker,4187,4193,I-non_event,O,O,O
metamorphosis,CURATION_USER_Kafka_Franz_Die_Verwandlung,28,Sollte der Wecker nicht geläutet haben?,nicht,4194,4199,I-non_event,O,O,O
metamorphosis,CURATION_USER_Kafka_Franz_Die_Verwandlung,28,Sollte der Wecker nicht geläutet haben?,geläutet,4200,4208,I-non_event,O,O,O
metamorphosis,CURATION_USER_Kafka_Franz_Die_Verwandlung,28,Sollte der Wecker nicht geläutet haben?,haben,4209,4214,I-non_event,O,O,O
metamorphosis,CURATION_USER_Kafka_Franz_Die_Verwandlung,28,Sollte der Wecker nicht geläutet haben?,?,4214,4215,O,O,O,O
metamorphosis,CURATION_USER_Kafka_Franz_Die_Verwandlung,29,"Man sah vom Bett aus, daß er auf vier Uhr richtig eingestellt war; gewiß hatte er auch geläutet.",Man,4216,4219,B-process,O,O,O
metamorphosis,CURATION_USER_Kafka_Franz_Die_Verwandlung,29,"Man sah vom Bett aus, daß er auf vier Uhr richtig eingestellt war; gewiß hatte er auch geläutet.",sah,4220,4223,I-process,O,O,O
metamorphosis,CURATION_USER_Kafka_Franz_Die_Verwandlung,29,"Man sah vom Bett aus, daß er auf vier Uhr richtig eingestellt war; gewiß hatte er auch geläutet.",vom,4224,4227,I-process,O,O,O
metamorphosis,CURATION_USER_Kafka_Franz_Die_Verwandlung,29,"Man sah vom Bett aus, daß er auf vier Uhr richtig eingestellt war; gewiß hatte er auch geläutet.",Bett,4228,4232,I-process,O,O,O
metamorphosis,CURATION_USER_Kafka_Franz_Die_Verwandlung,29,"Man sah vom Bett aus, daß er auf vier Uhr richtig eingestellt war; gewiß hatte er auch geläutet.",aus,4233,4236,I-process,O,O,O
metamorphosis,CURATION_USER_Kafka_Franz_Die_Verwandlung,29,"Man sah vom Bett aus, daß er auf vier Uhr richtig eingestellt war; gewiß hatte er auch geläutet.",",",4236,4237,O,O,O,O
metamorphosis,CURATION_USER_Kafka_Franz_Die_Verwandlung,29,"Man sah vom Bett aus, daß er auf vier Uhr richtig eingestellt war; gewiß hatte er auch geläutet.",daß,4238,4241,B-stative_event,O,O,O
metamorphosis,CURATION_USER_Kafka_Franz_Die_Verwandlung,29,"Man sah vom Bett aus, daß er auf vier Uhr richtig eingestellt war; gewiß hatte er auch geläutet.",er,4242,4244,I-stative_event,O,O,O
metamorphosis,CURATION_USER_Kafka_Franz_Die_Verwandlung,29,"Man sah vom Bett aus, daß er auf vier Uhr richtig eingestellt war; gewiß hatte er auch geläutet.",auf,4245,4248,I-stative_event,O,O,O
metamorphosis,CURATION_USER_Kafka_Franz_Die_Verwandlung,29,"Man sah vom Bett aus, daß er auf vier Uhr richtig eingestellt war; gewiß hatte er auch geläutet.",vier,4249,4253,I-stative_event,O,O,O
metamorphosis,CURATION_USER_Kafka_Franz_Die_Verwandlung,29,"Man sah vom Bett aus, daß er auf vier Uhr richtig eingestellt war; gewiß hatte er auch geläutet.",Uhr,4254,4257,I-stative_event,O,O,O
metamorphosis,CURATION_USER_Kafka_Franz_Die_Verwandlung,29,"Man sah vom Bett aus, daß er auf vier Uhr richtig eingestellt war; gewiß hatte er auch geläutet.",richtig,4258,4265,I-stative_event,O,O,O
metamorphosis,CURATION_USER_Kafka_Franz_Die_Verwandlung,29,"Man sah vom Bett aus, daß er auf vier Uhr richtig eingestellt war; gewiß hatte er auch geläutet.",eingestellt,4266,4277,I-stative_event,O,O,O
metamorphosis,CURATION_USER_Kafka_Franz_Die_Verwandlung,29,"Man sah vom Bett aus, daß er auf vier Uhr richtig eingestellt war; gewiß hatte er auch geläutet.",war,4278,4281,I-stative_event,O,O,O
metamorphosis,CURATION_USER_Kafka_Franz_Die_Verwandlung,29,"Man sah vom Bett aus, daß er auf vier Uhr richtig eingestellt war; gewiß hatte er auch geläutet.",;,4281,4282,O,O,O,O
metamorphosis,CURATION_USER_Kafka_Franz_Die_Verwandlung,29,"Man sah vom Bett aus, daß er auf vier Uhr richtig eingestellt war; gewiß hatte er auch geläutet.",gewiß,4283,4288,B-process,O,O,O
metamorphosis,CURATION_USER_Kafka_Franz_Die_Verwandlung,29,"Man sah vom Bett aus, daß er auf vier Uhr richtig eingestellt war; gewiß hatte er auch geläutet.",hatte,4289,4294,I-process,O,O,O
metamorphosis,CURATION_USER_Kafka_Franz_Die_Verwandlung,29,"Man sah vom Bett aus, daß er auf vier Uhr richtig eingestellt war; gewiß hatte er auch geläutet.",er,4295,4297,I-process,O,O,O
metamorphosis,CURATION_USER_Kafka_Franz_Die_Verwandlung,29,"Man sah vom Bett aus, daß er auf vier Uhr richtig eingestellt war; gewiß hatte er auch geläutet.",auch,4298,4302,I-process,O,O,O
metamorphosis,CURATION_USER_Kafka_Franz_Die_Verwandlung,29,"Man sah vom Bett aus, daß er auf vier Uhr richtig eingestellt war; gewiß hatte er auch geläutet.",geläutet,4303,4311,I-process,O,O,O
metamorphosis,CURATION_USER_Kafka_Franz_Die_Verwandlung,29,"Man sah vom Bett aus, daß er auf vier Uhr richtig eingestellt war; gewiß hatte er auch geläutet.",.,4311,4312,O,O,O,O
metamorphosis,CURATION_USER_Kafka_Franz_Die_Verwandlung,30,"Ja, aber war es möglich, dieses möbelerschütternde Läuten ruhig zu verschlafen?",Ja,4313,4315,B-non_event,O,O,O
metamorphosis,CURATION_USER_Kafka_Franz_Die_Verwandlung,30,"Ja, aber war es möglich, dieses möbelerschütternde Läuten ruhig zu verschlafen?",",",4315,4316,I-non_event,O,O,O
metamorphosis,CURATION_USER_Kafka_Franz_Die_Verwandlung,30,"Ja, aber war es möglich, dieses möbelerschütternde Läuten ruhig zu verschlafen?",aber,4317,4321,I-non_event,O,O,O
metamorphosis,CURATION_USER_Kafka_Franz_Die_Verwandlung,30,"Ja, aber war es möglich, dieses möbelerschütternde Läuten ruhig zu verschlafen?",war,4322,4325,I-non_event,O,O,O
metamorphosis,CURATION_USER_Kafka_Franz_Die_Verwandlung,30,"Ja, aber war es möglich, dieses möbelerschütternde Läuten ruhig zu verschlafen?",es,4326,4328,I-non_event,O,O,O
metamorphosis,CURATION_USER_Kafka_Franz_Die_Verwandlung,30,"Ja, aber war es möglich, dieses möbelerschütternde Läuten ruhig zu verschlafen?",möglich,4329,4336,I-non_event,O,O,O
metamorphosis,CURATION_USER_Kafka_Franz_Die_Verwandlung,30,"Ja, aber war es möglich, dieses möbelerschütternde Läuten ruhig zu verschlafen?",",",4336,4337,I-non_event,O,O,O
metamorphosis,CURATION_USER_Kafka_Franz_Die_Verwandlung,30,"Ja, aber war es möglich, dieses möbelerschütternde Läuten ruhig zu verschlafen?",dieses,4338,4344,I-non_event,O,O,O
metamorphosis,CURATION_USER_Kafka_Franz_Die_Verwandlung,30,"Ja, aber war es möglich, dieses möbelerschütternde Läuten ruhig zu verschlafen?",möbelerschütternde,4345,4363,I-non_event,O,O,O
metamorphosis,CURATION_USER_Kafka_Franz_Die_Verwandlung,30,"Ja, aber war es möglich, dieses möbelerschütternde Läuten ruhig zu verschlafen?",Läuten,4364,4370,I-non_event,O,O,O
metamorphosis,CURATION_USER_Kafka_Franz_Die_Verwandlung,30,"Ja, aber war es möglich, dieses möbelerschütternde Läuten ruhig zu verschlafen?",ruhig,4371,4376,I-non_event,O,O,O
metamorphosis,CURATION_USER_Kafka_Franz_Die_Verwandlung,30,"Ja, aber war es möglich, dieses möbelerschütternde Läuten ruhig zu verschlafen?",zu,4377,4379,I-non_event,O,O,O
metamorphosis,CURATION_USER_Kafka_Franz_Die_Verwandlung,30,"Ja, aber war es möglich, dieses möbelerschütternde Läuten ruhig zu verschlafen?",verschlafen,4380,4391,I-non_event,O,O,O
metamorphosis,CURATION_USER_Kafka_Franz_Die_Verwandlung,30,"Ja, aber war es möglich, dieses möbelerschütternde Läuten ruhig zu verschlafen?",?,4391,4392,O,O,O,O
metamorphosis,CURATION_USER_Kafka_Franz_Die_Verwandlung,31,"Nun, ruhig hatte er ja nicht geschlafen, aber wahrscheinlich desto fester.",Nun,4393,4396,B-non_event,O,O,O
metamorphosis,CURATION_USER_Kafka_Franz_Die_Verwandlung,31,"Nun, ruhig hatte er ja nicht geschlafen, aber wahrscheinlich desto fester.",",",4396,4397,I-non_event,O,O,O
metamorphosis,CURATION_USER_Kafka_Franz_Die_Verwandlung,31,"Nun, ruhig hatte er ja nicht geschlafen, aber wahrscheinlich desto fester.",ruhig,4398,4403,I-non_event,O,O,O
metamorphosis,CURATION_USER_Kafka_Franz_Die_Verwandlung,31,"Nun, ruhig hatte er ja nicht geschlafen, aber wahrscheinlich desto fester.",hatte,4404,4409,I-non_event,O,O,O
metamorphosis,CURATION_USER_Kafka_Franz_Die_Verwandlung,31,"Nun, ruhig hatte er ja nicht geschlafen, aber wahrscheinlich desto fester.",er,4410,4412,I-non_event,O,O,O
metamorphosis,CURATION_USER_Kafka_Franz_Die_Verwandlung,31,"Nun, ruhig hatte er ja nicht geschlafen, aber wahrscheinlich desto fester.",ja,4413,4415,I-non_event,O,O,O
metamorphosis,CURATION_USER_Kafka_Franz_Die_Verwandlung,31,"Nun, ruhig hatte er ja nicht geschlafen, aber wahrscheinlich desto fester.",nicht,4416,4421,I-non_event,O,O,O
metamorphosis,CURATION_USER_Kafka_Franz_Die_Verwandlung,31,"Nun, ruhig hatte er ja nicht geschlafen, aber wahrscheinlich desto fester.",geschlafen,4422,4432,I-non_event,O,O,O
metamorphosis,CURATION_USER_Kafka_Franz_Die_Verwandlung,31,"Nun, ruhig hatte er ja nicht geschlafen, aber wahrscheinlich desto fester.",",",4432,4433,O,O,O,O
metamorphosis,CURATION_USER_Kafka_Franz_Die_Verwandlung,31,"Nun, ruhig hatte er ja nicht geschlafen, aber wahrscheinlich desto fester.",aber,4434,4438,B-process,O,O,O
metamorphosis,CURATION_USER_Kafka_Franz_Die_Verwandlung,31,"Nun, ruhig hatte er ja nicht geschlafen, aber wahrscheinlich desto fester.",wahrscheinlich,4439,4453,I-process,O,O,O
metamorphosis,CURATION_USER_Kafka_Franz_Die_Verwandlung,31,"Nun, ruhig hatte er ja nicht geschlafen, aber wahrscheinlich desto fester.",desto,4454,4459,I-process,O,O,O
metamorphosis,CURATION_USER_Kafka_Franz_Die_Verwandlung,31,"Nun, ruhig hatte er ja nicht geschlafen, aber wahrscheinlich desto fester.",fester,4460,4466,I-process,O,O,O
metamorphosis,CURATION_USER_Kafka_Franz_Die_Verwandlung,31,"Nun, ruhig hatte er ja nicht geschlafen, aber wahrscheinlich desto fester.",.,4466,4467,O,O,O,O
metamorphosis,CURATION_USER_Kafka_Franz_Die_Verwandlung,32,Was aber sollte er jetzt tun?,Was,4468,4471,B-non_event,O,O,O
metamorphosis,CURATION_USER_Kafka_Franz_Die_Verwandlung,32,Was aber sollte er jetzt tun?,aber,4472,4476,I-non_event,O,O,O
metamorphosis,CURATION_USER_Kafka_Franz_Die_Verwandlung,32,Was aber sollte er jetzt tun?,sollte,4477,4483,I-non_event,O,O,O
metamorphosis,CURATION_USER_Kafka_Franz_Die_Verwandlung,32,Was aber sollte er jetzt tun?,er,4484,4486,I-non_event,O,O,O
metamorphosis,CURATION_USER_Kafka_Franz_Die_Verwandlung,32,Was aber sollte er jetzt tun?,jetzt,4487,4492,I-non_event,O,O,O
metamorphosis,CURATION_USER_Kafka_Franz_Die_Verwandlung,32,Was aber sollte er jetzt tun?,tun,4493,4496,I-non_event,O,O,O
metamorphosis,CURATION_USER_Kafka_Franz_Die_Verwandlung,32,Was aber sollte er jetzt tun?,?,4496,4497,O,O,O,O
metamorphosis,CURATION_USER_Kafka_Franz_Die_Verwandlung,33,"Der nächste Zug ging um sieben Uhr; um den einzuholen, hätte er sich unsinnig beeilen müssen, und die Kollektion war noch nicht eingepackt, und er selbst fühlte sich durchaus nicht besonders frisch und beweglich.",Der,4498,4501,B-stative_event,O,O,O
metamorphosis,CURATION_USER_Kafka_Franz_Die_Verwandlung,33,"Der nächste Zug ging um sieben Uhr; um den einzuholen, hätte er sich unsinnig beeilen müssen, und die Kollektion war noch nicht eingepackt, und er selbst fühlte sich durchaus nicht besonders frisch und beweglich.",nächste,4502,4509,I-stative_event,O,O,O
metamorphosis,CURATION_USER_Kafka_Franz_Die_Verwandlung,33,"Der nächste Zug ging um sieben Uhr; um den einzuholen, hätte er sich unsinnig beeilen müssen, und die Kollektion war noch nicht eingepackt, und er selbst fühlte sich durchaus nicht besonders frisch und beweglich.",Zug,4510,4513,I-stative_event,O,O,O
metamorphosis,CURATION_USER_Kafka_Franz_Die_Verwandlung,33,"Der nächste Zug ging um sieben Uhr; um den einzuholen, hätte er sich unsinnig beeilen müssen, und die Kollektion war noch nicht eingepackt, und er selbst fühlte sich durchaus nicht besonders frisch und beweglich.",ging,4514,4518,I-stative_event,O,O,O
metamorphosis,CURATION_USER_Kafka_Franz_Die_Verwandlung,33,"Der nächste Zug ging um sieben Uhr; um den einzuholen, hätte er sich unsinnig beeilen müssen, und die Kollektion war noch nicht eingepackt, und er selbst fühlte sich durchaus nicht besonders frisch und beweglich.",um,4519,4521,I-stative_event,O,O,O
metamorphosis,CURATION_USER_Kafka_Franz_Die_Verwandlung,33,"Der nächste Zug ging um sieben Uhr; um den einzuholen, hätte er sich unsinnig beeilen müssen, und die Kollektion war noch nicht eingepackt, und er selbst fühlte sich durchaus nicht besonders frisch und beweglich.",sieben,4522,4528,I-stative_event,O,O,O
metamorphosis,CURATION_USER_Kafka_Franz_Die_Verwandlung,33,"Der nächste Zug ging um sieben Uhr; um den einzuholen, hätte er sich unsinnig beeilen müssen, und die Kollektion war noch nicht eingepackt, und er selbst fühlte sich durchaus nicht besonders frisch und beweglich.",Uhr,4529,4532,I-stative_event,O,O,O
metamorphosis,CURATION_USER_Kafka_Franz_Die_Verwandlung,33,"Der nächste Zug ging um sieben Uhr; um den einzuholen, hätte er sich unsinnig beeilen müssen, und die Kollektion war noch nicht eingepackt, und er selbst fühlte sich durchaus nicht besonders frisch und beweglich.",;,4532,4533,O,O,O,O
metamorphosis,CURATION_USER_Kafka_Franz_Die_Verwandlung,33,"Der nächste Zug ging um sieben Uhr; um den einzuholen, hätte er sich unsinnig beeilen müssen, und die Kollektion war noch nicht eingepackt, und er selbst fühlte sich durchaus nicht besonders frisch und beweglich.",um,4534,4536,B-non_event,O,O,O
metamorphosis,CURATION_USER_Kafka_Franz_Die_Verwandlung,33,"Der nächste Zug ging um sieben Uhr; um den einzuholen, hätte er sich unsinnig beeilen müssen, und die Kollektion war noch nicht eingepackt, und er selbst fühlte sich durchaus nicht besonders frisch und beweglich.",den,4537,4540,I-non_event,O,O,O
metamorphosis,CURATION_USER_Kafka_Franz_Die_Verwandlung,33,"Der nächste Zug ging um sieben Uhr; um den einzuholen, hätte er sich unsinnig beeilen müssen, und die Kollektion war noch nicht eingepackt, und er selbst fühlte sich durchaus nicht besonders frisch und beweglich.",einzuholen,4541,4551,I-non_event,O,O,O
metamorphosis,CURATION_USER_Kafka_Franz_Die_Verwandlung,33,"Der nächste Zug ging um sieben Uhr; um den einzuholen, hätte er sich unsinnig beeilen müssen, und die Kollektion war noch nicht eingepackt, und er selbst fühlte sich durchaus nicht besonders frisch und beweglich.",",",4551,4552,I-non_event,O,O,O
metamorphosis,CURATION_USER_Kafka_Franz_Die_Verwandlung,33,"Der nächste Zug ging um sieben Uhr; um den einzuholen, hätte er sich unsinnig beeilen müssen, und die Kollektion war noch nicht eingepackt, und er selbst fühlte sich durchaus nicht besonders frisch und beweglich.",hätte,4553,4558,I-non_event,O,O,O
metamorphosis,CURATION_USER_Kafka_Franz_Die_Verwandlung,33,"Der nächste Zug ging um sieben Uhr; um den einzuholen, hätte er sich unsinnig beeilen müssen, und die Kollektion war noch nicht eingepackt, und er selbst fühlte sich durchaus nicht besonders frisch und beweglich.",er,4559,4561,I-non_event,O,O,O
metamorphosis,CURATION_USER_Kafka_Franz_Die_Verwandlung,33,"Der nächste Zug ging um sieben Uhr; um den einzuholen, hätte er sich unsinnig beeilen müssen, und die Kollektion war noch nicht eingepackt, und er selbst fühlte sich durchaus nicht besonders frisch und beweglich.",sich,4562,4566,I-non_event,O,O,O
metamorphosis,CURATION_USER_Kafka_Franz_Die_Verwandlung,33,"Der nächste Zug ging um sieben Uhr; um den einzuholen, hätte er sich unsinnig beeilen müssen, und die Kollektion war noch nicht eingepackt, und er selbst fühlte sich durchaus nicht besonders frisch und beweglich.",unsinnig,4567,4575,I-non_event,O,O,O
metamorphosis,CURATION_USER_Kafka_Franz_Die_Verwandlung,33,"Der nächste Zug ging um sieben Uhr; um den einzuholen, hätte er sich unsinnig beeilen müssen, und die Kollektion war noch nicht eingepackt, und er selbst fühlte sich durchaus nicht besonders frisch und beweglich.",beeilen,4576,4583,I-non_event,O,O,O
metamorphosis,CURATION_USER_Kafka_Franz_Die_Verwandlung,33,"Der nächste Zug ging um sieben Uhr; um den einzuholen, hätte er sich unsinnig beeilen müssen, und die Kollektion war noch nicht eingepackt, und er selbst fühlte sich durchaus nicht besonders frisch und beweglich.",müssen,4584,4590,I-non_event,O,O,O
metamorphosis,CURATION_USER_Kafka_Franz_Die_Verwandlung,33,"Der nächste Zug ging um sieben Uhr; um den einzuholen, hätte er sich unsinnig beeilen müssen, und die Kollektion war noch nicht eingepackt, und er selbst fühlte sich durchaus nicht besonders frisch und beweglich.",",",4590,4591,O,O,O,O
metamorphosis,CURATION_USER_Kafka_Franz_Die_Verwandlung,33,"Der nächste Zug ging um sieben Uhr; um den einzuholen, hätte er sich unsinnig beeilen müssen, und die Kollektion war noch nicht eingepackt, und er selbst fühlte sich durchaus nicht besonders frisch und beweglich.",und,4592,4595,B-non_event,O,O,O
metamorphosis,CURATION_USER_Kafka_Franz_Die_Verwandlung,33,"Der nächste Zug ging um sieben Uhr; um den einzuholen, hätte er sich unsinnig beeilen müssen, und die Kollektion war noch nicht eingepackt, und er selbst fühlte sich durchaus nicht besonders frisch und beweglich.",die,4596,4599,I-non_event,O,O,O
metamorphosis,CURATION_USER_Kafka_Franz_Die_Verwandlung,33,"Der nächste Zug ging um sieben Uhr; um den einzuholen, hätte er sich unsinnig beeilen müssen, und die Kollektion war noch nicht eingepackt, und er selbst fühlte sich durchaus nicht besonders frisch und beweglich.",Kollektion,4600,4610,I-non_event,O,O,O
metamorphosis,CURATION_USER_Kafka_Franz_Die_Verwandlung,33,"Der nächste Zug ging um sieben Uhr; um den einzuholen, hätte er sich unsinnig beeilen müssen, und die Kollektion war noch nicht eingepackt, und er selbst fühlte sich durchaus nicht besonders frisch und beweglich.",war,4611,4614,I-non_event,O,O,O
metamorphosis,CURATION_USER_Kafka_Franz_Die_Verwandlung,33,"Der nächste Zug ging um sieben Uhr; um den einzuholen, hätte er sich unsinnig beeilen müssen, und die Kollektion war noch nicht eingepackt, und er selbst fühlte sich durchaus nicht besonders frisch und beweglich.",noch,4615,4619,I-non_event,O,O,O
metamorphosis,CURATION_USER_Kafka_Franz_Die_Verwandlung,33,"Der nächste Zug ging um sieben Uhr; um den einzuholen, hätte er sich unsinnig beeilen müssen, und die Kollektion war noch nicht eingepackt, und er selbst fühlte sich durchaus nicht besonders frisch und beweglich.",nicht,4620,4625,I-non_event,O,O,O
metamorphosis,CURATION_USER_Kafka_Franz_Die_Verwandlung,33,"Der nächste Zug ging um sieben Uhr; um den einzuholen, hätte er sich unsinnig beeilen müssen, und die Kollektion war noch nicht eingepackt, und er selbst fühlte sich durchaus nicht besonders frisch und beweglich.",eingepackt,4626,4636,I-non_event,O,O,O
metamorphosis,CURATION_USER_Kafka_Franz_Die_Verwandlung,33,"Der nächste Zug ging um sieben Uhr; um den einzuholen, hätte er sich unsinnig beeilen müssen, und die Kollektion war noch nicht eingepackt, und er selbst fühlte sich durchaus nicht besonders frisch und beweglich.",",",4636,4637,O,O,O,O
metamorphosis,CURATION_USER_Kafka_Franz_Die_Verwandlung,33,"Der nächste Zug ging um sieben Uhr; um den einzuholen, hätte er sich unsinnig beeilen müssen, und die Kollektion war noch nicht eingepackt, und er selbst fühlte sich durchaus nicht besonders frisch und beweglich.",und,4638,4641,B-stative_event,O,O,O
metamorphosis,CURATION_USER_Kafka_Franz_Die_Verwandlung,33,"Der nächste Zug ging um sieben Uhr; um den einzuholen, hätte er sich unsinnig beeilen müssen, und die Kollektion war noch nicht eingepackt, und er selbst fühlte sich durchaus nicht besonders frisch und beweglich.",er,4642,4644,I-stative_event,O,O,O
metamorphosis,CURATION_USER_Kafka_Franz_Die_Verwandlung,33,"Der nächste Zug ging um sieben Uhr; um den einzuholen, hätte er sich unsinnig beeilen müssen, und die Kollektion war noch nicht eingepackt, und er selbst fühlte sich durchaus nicht besonders frisch und beweglich.",selbst,4645,4651,I-stative_event,O,O,O
metamorphosis,CURATION_USER_Kafka_Franz_Die_Verwandlung,33,"Der nächste Zug ging um sieben Uhr; um den einzuholen, hätte er sich unsinnig beeilen müssen, und die Kollektion war noch nicht eingepackt, und er selbst fühlte sich durchaus nicht besonders frisch und beweglich.",fühlte,4652,4658,I-stative_event,O,O,O
metamorphosis,CURATION_USER_Kafka_Franz_Die_Verwandlung,33,"Der nächste Zug ging um sieben Uhr; um den einzuholen, hätte er sich unsinnig beeilen müssen, und die Kollektion war noch nicht eingepackt, und er selbst fühlte sich durchaus nicht besonders frisch und beweglich.",sich,4659,4663,I-stative_event,O,O,O
metamorphosis,CURATION_USER_Kafka_Franz_Die_Verwandlung,33,"Der nächste Zug ging um sieben Uhr; um den einzuholen, hätte er sich unsinnig beeilen müssen, und die Kollektion war noch nicht eingepackt, und er selbst fühlte sich durchaus nicht besonders frisch und beweglich.",durchaus,4664,4672,I-stative_event,O,O,O
metamorphosis,CURATION_USER_Kafka_Franz_Die_Verwandlung,33,"Der nächste Zug ging um sieben Uhr; um den einzuholen, hätte er sich unsinnig beeilen müssen, und die Kollektion war noch nicht eingepackt, und er selbst fühlte sich durchaus nicht besonders frisch und beweglich.",nicht,4673,4678,I-stative_event,O,O,O
metamorphosis,CURATION_USER_Kafka_Franz_Die_Verwandlung,33,"Der nächste Zug ging um sieben Uhr; um den einzuholen, hätte er sich unsinnig beeilen müssen, und die Kollektion war noch nicht eingepackt, und er selbst fühlte sich durchaus nicht besonders frisch und beweglich.",besonders,4679,4688,I-stative_event,O,O,O
metamorphosis,CURATION_USER_Kafka_Franz_Die_Verwandlung,33,"Der nächste Zug ging um sieben Uhr; um den einzuholen, hätte er sich unsinnig beeilen müssen, und die Kollektion war noch nicht eingepackt, und er selbst fühlte sich durchaus nicht besonders frisch und beweglich.",frisch,4689,4695,I-stative_event,O,O,O
metamorphosis,CURATION_USER_Kafka_Franz_Die_Verwandlung,33,"Der nächste Zug ging um sieben Uhr; um den einzuholen, hätte er sich unsinnig beeilen müssen, und die Kollektion war noch nicht eingepackt, und er selbst fühlte sich durchaus nicht besonders frisch und beweglich.",und,4696,4699,I-stative_event,O,O,O
metamorphosis,CURATION_USER_Kafka_Franz_Die_Verwandlung,33,"Der nächste Zug ging um sieben Uhr; um den einzuholen, hätte er sich unsinnig beeilen müssen, und die Kollektion war noch nicht eingepackt, und er selbst fühlte sich durchaus nicht besonders frisch und beweglich.",beweglich,4700,4709,I-stative_event,O,O,O
metamorphosis,CURATION_USER_Kafka_Franz_Die_Verwandlung,33,"Der nächste Zug ging um sieben Uhr; um den einzuholen, hätte er sich unsinnig beeilen müssen, und die Kollektion war noch nicht eingepackt, und er selbst fühlte sich durchaus nicht besonders frisch und beweglich.",.,4709,4710,O,O,O,O
metamorphosis,CURATION_USER_Kafka_Franz_Die_Verwandlung,34,"Und selbst wenn er den Zug einholte, ein Donnerwetter des Chefs war nicht zu vermeiden, denn der Geschäftsdiener hatte beim Fünfuhrzug gewartet und die Meldung von seiner Versäumnis längst erstattet.",Und,4711,4714,B-non_event,O,O,O
metamorphosis,CURATION_USER_Kafka_Franz_Die_Verwandlung,34,"Und selbst wenn er den Zug einholte, ein Donnerwetter des Chefs war nicht zu vermeiden, denn der Geschäftsdiener hatte beim Fünfuhrzug gewartet und die Meldung von seiner Versäumnis längst erstattet.",selbst,4715,4721,I-non_event,O,O,O
metamorphosis,CURATION_USER_Kafka_Franz_Die_Verwandlung,34,"Und selbst wenn er den Zug einholte, ein Donnerwetter des Chefs war nicht zu vermeiden, denn der Geschäftsdiener hatte beim Fünfuhrzug gewartet und die Meldung von seiner Versäumnis längst erstattet.",wenn,4722,4726,I-non_event,O,O,O
metamorphosis,CURATION_USER_Kafka_Franz_Die_Verwandlung,34,"Und selbst wenn er den Zug einholte, ein Donnerwetter des Chefs war nicht zu vermeiden, denn der Geschäftsdiener hatte beim Fünfuhrzug gewartet und die Meldung von seiner Versäumnis längst erstattet.",er,4727,4729,I-non_event,O,O,O
metamorphosis,CURATION_USER_Kafka_Franz_Die_Verwandlung,34,"Und selbst wenn er den Zug einholte, ein Donnerwetter des Chefs war nicht zu vermeiden, denn der Geschäftsdiener hatte beim Fünfuhrzug gewartet und die Meldung von seiner Versäumnis längst erstattet.",den,4730,4733,I-non_event,O,O,O
metamorphosis,CURATION_USER_Kafka_Franz_Die_Verwandlung,34,"Und selbst wenn er den Zug einholte, ein Donnerwetter des Chefs war nicht zu vermeiden, denn der Geschäftsdiener hatte beim Fünfuhrzug gewartet und die Meldung von seiner Versäumnis längst erstattet.",Zug,4734,4737,I-non_event,O,O,O
metamorphosis,CURATION_USER_Kafka_Franz_Die_Verwandlung,34,"Und selbst wenn er den Zug einholte, ein Donnerwetter des Chefs war nicht zu vermeiden, denn der Geschäftsdiener hatte beim Fünfuhrzug gewartet und die Meldung von seiner Versäumnis längst erstattet.",einholte,4738,4746,I-non_event,O,O,O
metamorphosis,CURATION_USER_Kafka_Franz_Die_Verwandlung,34,"Und selbst wenn er den Zug einholte, ein Donnerwetter des Chefs war nicht zu vermeiden, denn der Geschäftsdiener hatte beim Fünfuhrzug gewartet und die Meldung von seiner Versäumnis längst erstattet.",",",4746,4747,I-non_event,O,O,O
metamorphosis,CURATION_USER_Kafka_Franz_Die_Verwandlung,34,"Und selbst wenn er den Zug einholte, ein Donnerwetter des Chefs war nicht zu vermeiden, denn der Geschäftsdiener hatte beim Fünfuhrzug gewartet und die Meldung von seiner Versäumnis längst erstattet.",ein,4748,4751,I-non_event,O,O,O
metamorphosis,CURATION_USER_Kafka_Franz_Die_Verwandlung,34,"Und selbst wenn er den Zug einholte, ein Donnerwetter des Chefs war nicht zu vermeiden, denn der Geschäftsdiener hatte beim Fünfuhrzug gewartet und die Meldung von seiner Versäumnis längst erstattet.",Donnerwetter,4752,4764,I-non_event,O,O,O
metamorphosis,CURATION_USER_Kafka_Franz_Die_Verwandlung,34,"Und selbst wenn er den Zug einholte, ein Donnerwetter des Chefs war nicht zu vermeiden, denn der Geschäftsdiener hatte beim Fünfuhrzug gewartet und die Meldung von seiner Versäumnis längst erstattet.",des,4765,4768,I-non_event,O,O,O
metamorphosis,CURATION_USER_Kafka_Franz_Die_Verwandlung,34,"Und selbst wenn er den Zug einholte, ein Donnerwetter des Chefs war nicht zu vermeiden, denn der Geschäftsdiener hatte beim Fünfuhrzug gewartet und die Meldung von seiner Versäumnis längst erstattet.",Chefs,4769,4774,I-non_event,O,O,O
metamorphosis,CURATION_USER_Kafka_Franz_Die_Verwandlung,34,"Und selbst wenn er den Zug einholte, ein Donnerwetter des Chefs war nicht zu vermeiden, denn der Geschäftsdiener hatte beim Fünfuhrzug gewartet und die Meldung von seiner Versäumnis längst erstattet.",war,4775,4778,I-non_event,O,O,O
metamorphosis,CURATION_USER_Kafka_Franz_Die_Verwandlung,34,"Und selbst wenn er den Zug einholte, ein Donnerwetter des Chefs war nicht zu vermeiden, denn der Geschäftsdiener hatte beim Fünfuhrzug gewartet und die Meldung von seiner Versäumnis längst erstattet.",nicht,4779,4784,I-non_event,O,O,O
metamorphosis,CURATION_USER_Kafka_Franz_Die_Verwandlung,34,"Und selbst wenn er den Zug einholte, ein Donnerwetter des Chefs war nicht zu vermeiden, denn der Geschäftsdiener hatte beim Fünfuhrzug gewartet und die Meldung von seiner Versäumnis längst erstattet.",zu,4785,4787,I-non_event,O,O,O
metamorphosis,CURATION_USER_Kafka_Franz_Die_Verwandlung,34,"Und selbst wenn er den Zug einholte, ein Donnerwetter des Chefs war nicht zu vermeiden, denn der Geschäftsdiener hatte beim Fünfuhrzug gewartet und die Meldung von seiner Versäumnis längst erstattet.",vermeiden,4788,4797,I-non_event,O,O,O
metamorphosis,CURATION_USER_Kafka_Franz_Die_Verwandlung,34,"Und selbst wenn er den Zug einholte, ein Donnerwetter des Chefs war nicht zu vermeiden, denn der Geschäftsdiener hatte beim Fünfuhrzug gewartet und die Meldung von seiner Versäumnis längst erstattet.",",",4797,4798,O,O,O,O
metamorphosis,CURATION_USER_Kafka_Franz_Die_Verwandlung,34,"Und selbst wenn er den Zug einholte, ein Donnerwetter des Chefs war nicht zu vermeiden, denn der Geschäftsdiener hatte beim Fünfuhrzug gewartet und die Meldung von seiner Versäumnis längst erstattet.",denn,4799,4803,B-process,O,O,O
metamorphosis,CURATION_USER_Kafka_Franz_Die_Verwandlung,34,"Und selbst wenn er den Zug einholte, ein Donnerwetter des Chefs war nicht zu vermeiden, denn der Geschäftsdiener hatte beim Fünfuhrzug gewartet und die Meldung von seiner Versäumnis längst erstattet.",der,4804,4807,I-process,O,O,O
metamorphosis,CURATION_USER_Kafka_Franz_Die_Verwandlung,34,"Und selbst wenn er den Zug einholte, ein Donnerwetter des Chefs war nicht zu vermeiden, denn der Geschäftsdiener hatte beim Fünfuhrzug gewartet und die Meldung von seiner Versäumnis längst erstattet.",Geschäftsdiener,4808,4823,I-process,O,O,O
metamorphosis,CURATION_USER_Kafka_Franz_Die_Verwandlung,34,"Und selbst wenn er den Zug einholte, ein Donnerwetter des Chefs war nicht zu vermeiden, denn der Geschäftsdiener hatte beim Fünfuhrzug gewartet und die Meldung von seiner Versäumnis längst erstattet.",hatte,4824,4829,I-process,O,O,O
metamorphosis,CURATION_USER_Kafka_Franz_Die_Verwandlung,34,"Und selbst wenn er den Zug einholte, ein Donnerwetter des Chefs war nicht zu vermeiden, denn der Geschäftsdiener hatte beim Fünfuhrzug gewartet und die Meldung von seiner Versäumnis längst erstattet.",beim,4830,4834,I-process,O,O,O
metamorphosis,CURATION_USER_Kafka_Franz_Die_Verwandlung,34,"Und selbst wenn er den Zug einholte, ein Donnerwetter des Chefs war nicht zu vermeiden, denn der Geschäftsdiener hatte beim Fünfuhrzug gewartet und die Meldung von seiner Versäumnis längst erstattet.",Fünfuhrzug,4835,4845,I-process,O,O,O
metamorphosis,CURATION_USER_Kafka_Franz_Die_Verwandlung,34,"Und selbst wenn er den Zug einholte, ein Donnerwetter des Chefs war nicht zu vermeiden, denn der Geschäftsdiener hatte beim Fünfuhrzug gewartet und die Meldung von seiner Versäumnis längst erstattet.",gewartet,4846,4854,I-process,O,O,O
metamorphosis,CURATION_USER_Kafka_Franz_Die_Verwandlung,34,"Und selbst wenn er den Zug einholte, ein Donnerwetter des Chefs war nicht zu vermeiden, denn der Geschäftsdiener hatte beim Fünfuhrzug gewartet und die Meldung von seiner Versäumnis längst erstattet.",und,4855,4858,B-process,O,O,O
metamorphosis,CURATION_USER_Kafka_Franz_Die_Verwandlung,34,"Und selbst wenn er den Zug einholte, ein Donnerwetter des Chefs war nicht zu vermeiden, denn der Geschäftsdiener hatte beim Fünfuhrzug gewartet und die Meldung von seiner Versäumnis längst erstattet.",die,4859,4862,I-process,O,O,O
metamorphosis,CURATION_USER_Kafka_Franz_Die_Verwandlung,34,"Und selbst wenn er den Zug einholte, ein Donnerwetter des Chefs war nicht zu vermeiden, denn der Geschäftsdiener hatte beim Fünfuhrzug gewartet und die Meldung von seiner Versäumnis längst erstattet.",Meldung,4863,4870,I-process,O,O,O
metamorphosis,CURATION_USER_Kafka_Franz_Die_Verwandlung,34,"Und selbst wenn er den Zug einholte, ein Donnerwetter des Chefs war nicht zu vermeiden, denn der Geschäftsdiener hatte beim Fünfuhrzug gewartet und die Meldung von seiner Versäumnis längst erstattet.",von,4871,4874,I-process,O,O,O
metamorphosis,CURATION_USER_Kafka_Franz_Die_Verwandlung,34,"Und selbst wenn er den Zug einholte, ein Donnerwetter des Chefs war nicht zu vermeiden, denn der Geschäftsdiener hatte beim Fünfuhrzug gewartet und die Meldung von seiner Versäumnis längst erstattet.",seiner,4875,4881,I-process,O,O,O
metamorphosis,CURATION_USER_Kafka_Franz_Die_Verwandlung,34,"Und selbst wenn er den Zug einholte, ein Donnerwetter des Chefs war nicht zu vermeiden, denn der Geschäftsdiener hatte beim Fünfuhrzug gewartet und die Meldung von seiner Versäumnis längst erstattet.",Versäumnis,4882,4892,I-process,O,O,O
metamorphosis,CURATION_USER_Kafka_Franz_Die_Verwandlung,34,"Und selbst wenn er den Zug einholte, ein Donnerwetter des Chefs war nicht zu vermeiden, denn der Geschäftsdiener hatte beim Fünfuhrzug gewartet und die Meldung von seiner Versäumnis längst erstattet.",längst,4893,4899,I-process,O,O,O
metamorphosis,CURATION_USER_Kafka_Franz_Die_Verwandlung,34,"Und selbst wenn er den Zug einholte, ein Donnerwetter des Chefs war nicht zu vermeiden, denn der Geschäftsdiener hatte beim Fünfuhrzug gewartet und die Meldung von seiner Versäumnis längst erstattet.",erstattet,4900,4909,I-process,O,O,O
metamorphosis,CURATION_USER_Kafka_Franz_Die_Verwandlung,34,"Und selbst wenn er den Zug einholte, ein Donnerwetter des Chefs war nicht zu vermeiden, denn der Geschäftsdiener hatte beim Fünfuhrzug gewartet und die Meldung von seiner Versäumnis längst erstattet.",.,4909,4910,O,O,O,O
metamorphosis,CURATION_USER_Kafka_Franz_Die_Verwandlung,35,"Es war eine Kreatur des Chefs, ohne Rückgrat und Verstand.",Es,4911,4913,B-stative_event,O,O,O
metamorphosis,CURATION_USER_Kafka_Franz_Die_Verwandlung,35,"Es war eine Kreatur des Chefs, ohne Rückgrat und Verstand.",war,4914,4917,I-stative_event,O,O,O
metamorphosis,CURATION_USER_Kafka_Franz_Die_Verwandlung,35,"Es war eine Kreatur des Chefs, ohne Rückgrat und Verstand.",eine,4918,4922,I-stative_event,O,O,O
metamorphosis,CURATION_USER_Kafka_Franz_Die_Verwandlung,35,"Es war eine Kreatur des Chefs, ohne Rückgrat und Verstand.",Kreatur,4923,4930,I-stative_event,O,O,O
metamorphosis,CURATION_USER_Kafka_Franz_Die_Verwandlung,35,"Es war eine Kreatur des Chefs, ohne Rückgrat und Verstand.",des,4931,4934,I-stative_event,O,O,O
metamorphosis,CURATION_USER_Kafka_Franz_Die_Verwandlung,35,"Es war eine Kreatur des Chefs, ohne Rückgrat und Verstand.",Chefs,4935,4940,I-stative_event,O,O,O
metamorphosis,CURATION_USER_Kafka_Franz_Die_Verwandlung,35,"Es war eine Kreatur des Chefs, ohne Rückgrat und Verstand.",",",4940,4941,I-stative_event,O,O,O
metamorphosis,CURATION_USER_Kafka_Franz_Die_Verwandlung,35,"Es war eine Kreatur des Chefs, ohne Rückgrat und Verstand.",ohne,4942,4946,I-stative_event,O,O,O
metamorphosis,CURATION_USER_Kafka_Franz_Die_Verwandlung,35,"Es war eine Kreatur des Chefs, ohne Rückgrat und Verstand.",Rückgrat,4947,4955,I-stative_event,O,O,O
metamorphosis,CURATION_USER_Kafka_Franz_Die_Verwandlung,35,"Es war eine Kreatur des Chefs, ohne Rückgrat und Verstand.",und,4956,4959,I-stative_event,O,O,O
metamorphosis,CURATION_USER_Kafka_Franz_Die_Verwandlung,35,"Es war eine Kreatur des Chefs, ohne Rückgrat und Verstand.",Verstand,4960,4968,I-stative_event,O,O,O
metamorphosis,CURATION_USER_Kafka_Franz_Die_Verwandlung,35,"Es war eine Kreatur des Chefs, ohne Rückgrat und Verstand.",.,4968,4969,O,O,O,O
metamorphosis,CURATION_USER_Kafka_Franz_Die_Verwandlung,36,"Wie nun, wenn er sich krank meldete?",Wie,4970,4973,B-non_event,O,O,O
metamorphosis,CURATION_USER_Kafka_Franz_Die_Verwandlung,36,"Wie nun, wenn er sich krank meldete?",nun,4974,4977,I-non_event,O,O,O
metamorphosis,CURATION_USER_Kafka_Franz_Die_Verwandlung,36,"Wie nun, wenn er sich krank meldete?",",",4977,4978,I-non_event,O,O,O
metamorphosis,CURATION_USER_Kafka_Franz_Die_Verwandlung,36,"Wie nun, wenn er sich krank meldete?",wenn,4979,4983,I-non_event,O,O,O
metamorphosis,CURATION_USER_Kafka_Franz_Die_Verwandlung,36,"Wie nun, wenn er sich krank meldete?",er,4984,4986,I-non_event,O,O,O
metamorphosis,CURATION_USER_Kafka_Franz_Die_Verwandlung,36,"Wie nun, wenn er sich krank meldete?",sich,4987,4991,I-non_event,O,O,O
metamorphosis,CURATION_USER_Kafka_Franz_Die_Verwandlung,36,"Wie nun, wenn er sich krank meldete?",krank,4992,4997,I-non_event,O,O,O
metamorphosis,CURATION_USER_Kafka_Franz_Die_Verwandlung,36,"Wie nun, wenn er sich krank meldete?",meldete,4998,5005,I-non_event,O,O,O
metamorphosis,CURATION_USER_Kafka_Franz_Die_Verwandlung,36,"Wie nun, wenn er sich krank meldete?",?,5005,5006,O,O,O,O
metamorphosis,CURATION_USER_Kafka_Franz_Die_Verwandlung,37,"Das war aber äußerst peinlich und verdächtig, denn Gregor war während seines fünfjährigen Dienstes noch nicht einmal krank gewesen.",Das,5007,5010,B-stative_event,O,O,O
metamorphosis,CURATION_USER_Kafka_Franz_Die_Verwandlung,37,"Das war aber äußerst peinlich und verdächtig, denn Gregor war während seines fünfjährigen Dienstes noch nicht einmal krank gewesen.",war,5011,5014,I-stative_event,O,O,O
metamorphosis,CURATION_USER_Kafka_Franz_Die_Verwandlung,37,"Das war aber äußerst peinlich und verdächtig, denn Gregor war während seines fünfjährigen Dienstes noch nicht einmal krank gewesen.",aber,5015,5019,I-stative_event,O,O,O
metamorphosis,CURATION_USER_Kafka_Franz_Die_Verwandlung,37,"Das war aber äußerst peinlich und verdächtig, denn Gregor war während seines fünfjährigen Dienstes noch nicht einmal krank gewesen.",äußerst,5020,5027,I-stative_event,O,O,O
metamorphosis,CURATION_USER_Kafka_Franz_Die_Verwandlung,37,"Das war aber äußerst peinlich und verdächtig, denn Gregor war während seines fünfjährigen Dienstes noch nicht einmal krank gewesen.",peinlich,5028,5036,I-stative_event,O,O,O
metamorphosis,CURATION_USER_Kafka_Franz_Die_Verwandlung,37,"Das war aber äußerst peinlich und verdächtig, denn Gregor war während seines fünfjährigen Dienstes noch nicht einmal krank gewesen.",und,5037,5040,I-stative_event,O,O,O
metamorphosis,CURATION_USER_Kafka_Franz_Die_Verwandlung,37,"Das war aber äußerst peinlich und verdächtig, denn Gregor war während seines fünfjährigen Dienstes noch nicht einmal krank gewesen.",verdächtig,5041,5051,I-stative_event,O,O,O
metamorphosis,CURATION_USER_Kafka_Franz_Die_Verwandlung,37,"Das war aber äußerst peinlich und verdächtig, denn Gregor war während seines fünfjährigen Dienstes noch nicht einmal krank gewesen.",",",5051,5052,O,O,O,O
metamorphosis,CURATION_USER_Kafka_Franz_Die_Verwandlung,37,"Das war aber äußerst peinlich und verdächtig, denn Gregor war während seines fünfjährigen Dienstes noch nicht einmal krank gewesen.",denn,5053,5057,B-non_event,O,O,O
metamorphosis,CURATION_USER_Kafka_Franz_Die_Verwandlung,37,"Das war aber äußerst peinlich und verdächtig, denn Gregor war während seines fünfjährigen Dienstes noch nicht einmal krank gewesen.",Gregor,5058,5064,I-non_event,O,O,O
metamorphosis,CURATION_USER_Kafka_Franz_Die_Verwandlung,37,"Das war aber äußerst peinlich und verdächtig, denn Gregor war während seines fünfjährigen Dienstes noch nicht einmal krank gewesen.",war,5065,5068,I-non_event,O,O,O
metamorphosis,CURATION_USER_Kafka_Franz_Die_Verwandlung,37,"Das war aber äußerst peinlich und verdächtig, denn Gregor war während seines fünfjährigen Dienstes noch nicht einmal krank gewesen.",während,5069,5076,I-non_event,O,O,O
metamorphosis,CURATION_USER_Kafka_Franz_Die_Verwandlung,37,"Das war aber äußerst peinlich und verdächtig, denn Gregor war während seines fünfjährigen Dienstes noch nicht einmal krank gewesen.",seines,5077,5083,I-non_event,O,O,O
metamorphosis,CURATION_USER_Kafka_Franz_Die_Verwandlung,37,"Das war aber äußerst peinlich und verdächtig, denn Gregor war während seines fünfjährigen Dienstes noch nicht einmal krank gewesen.",fünfjährigen,5084,5096,I-non_event,O,O,O
metamorphosis,CURATION_USER_Kafka_Franz_Die_Verwandlung,37,"Das war aber äußerst peinlich und verdächtig, denn Gregor war während seines fünfjährigen Dienstes noch nicht einmal krank gewesen.",Dienstes,5097,5105,I-non_event,O,O,O
metamorphosis,CURATION_USER_Kafka_Franz_Die_Verwandlung,37,"Das war aber äußerst peinlich und verdächtig, denn Gregor war während seines fünfjährigen Dienstes noch nicht einmal krank gewesen.",noch,5106,5110,I-non_event,O,O,O
metamorphosis,CURATION_USER_Kafka_Franz_Die_Verwandlung,37,"Das war aber äußerst peinlich und verdächtig, denn Gregor war während seines fünfjährigen Dienstes noch nicht einmal krank gewesen.",nicht,5111,5116,I-non_event,O,O,O
metamorphosis,CURATION_USER_Kafka_Franz_Die_Verwandlung,37,"Das war aber äußerst peinlich und verdächtig, denn Gregor war während seines fünfjährigen Dienstes noch nicht einmal krank gewesen.",einmal,5117,5123,I-non_event,O,O,O
metamorphosis,CURATION_USER_Kafka_Franz_Die_Verwandlung,37,"Das war aber äußerst peinlich und verdächtig, denn Gregor war während seines fünfjährigen Dienstes noch nicht einmal krank gewesen.",krank,5124,5129,I-non_event,O,O,O
metamorphosis,CURATION_USER_Kafka_Franz_Die_Verwandlung,37,"Das war aber äußerst peinlich und verdächtig, denn Gregor war während seines fünfjährigen Dienstes noch nicht einmal krank gewesen.",gewesen,5130,5137,I-non_event,O,O,O
metamorphosis,CURATION_USER_Kafka_Franz_Die_Verwandlung,37,"Das war aber äußerst peinlich und verdächtig, denn Gregor war während seines fünfjährigen Dienstes noch nicht einmal krank gewesen.",.,5137,5138,O,O,O,O
metamorphosis,CURATION_USER_Kafka_Franz_Die_Verwandlung,38,"Gewiß würde der Chef mit dem Krankenkassenarzt kommen, würde den Eltern wegen des faulen Sohnes Vorwürfe machen und alle Einwände durch den Hinweis auf den Krankenkassenarzt abschneiden, für den es ja überhaupt nur ganz gesunde, aber arbeitsscheue Menschen gibt.",Gewiß,5139,5144,B-non_event,O,O,O
metamorphosis,CURATION_USER_Kafka_Franz_Die_Verwandlung,38,"Gewiß würde der Chef mit dem Krankenkassenarzt kommen, würde den Eltern wegen des faulen Sohnes Vorwürfe machen und alle Einwände durch den Hinweis auf den Krankenkassenarzt abschneiden, für den es ja überhaupt nur ganz gesunde, aber arbeitsscheue Menschen gibt.",würde,5145,5150,I-non_event,O,O,O
metamorphosis,CURATION_USER_Kafka_Franz_Die_Verwandlung,38,"Gewiß würde der Chef mit dem Krankenkassenarzt kommen, würde den Eltern wegen des faulen Sohnes Vorwürfe machen und alle Einwände durch den Hinweis auf den Krankenkassenarzt abschneiden, für den es ja überhaupt nur ganz gesunde, aber arbeitsscheue Menschen gibt.",der,5151,5154,I-non_event,O,O,O
metamorphosis,CURATION_USER_Kafka_Franz_Die_Verwandlung,38,"Gewiß würde der Chef mit dem Krankenkassenarzt kommen, würde den Eltern wegen des faulen Sohnes Vorwürfe machen und alle Einwände durch den Hinweis auf den Krankenkassenarzt abschneiden, für den es ja überhaupt nur ganz gesunde, aber arbeitsscheue Menschen gibt.",Chef,5155,5159,I-non_event,O,O,O
metamorphosis,CURATION_USER_Kafka_Franz_Die_Verwandlung,38,"Gewiß würde der Chef mit dem Krankenkassenarzt kommen, würde den Eltern wegen des faulen Sohnes Vorwürfe machen und alle Einwände durch den Hinweis auf den Krankenkassenarzt abschneiden, für den es ja überhaupt nur ganz gesunde, aber arbeitsscheue Menschen gibt.",mit,5160,5163,I-non_event,O,O,O
metamorphosis,CURATION_USER_Kafka_Franz_Die_Verwandlung,38,"Gewiß würde der Chef mit dem Krankenkassenarzt kommen, würde den Eltern wegen des faulen Sohnes Vorwürfe machen und alle Einwände durch den Hinweis auf den Krankenkassenarzt abschneiden, für den es ja überhaupt nur ganz gesunde, aber arbeitsscheue Menschen gibt.",dem,5164,5167,I-non_event,O,O,O
metamorphosis,CURATION_USER_Kafka_Franz_Die_Verwandlung,38,"Gewiß würde der Chef mit dem Krankenkassenarzt kommen, würde den Eltern wegen des faulen Sohnes Vorwürfe machen und alle Einwände durch den Hinweis auf den Krankenkassenarzt abschneiden, für den es ja überhaupt nur ganz gesunde, aber arbeitsscheue Menschen gibt.",Krankenkassenarzt,5168,5185,I-non_event,O,O,O
metamorphosis,CURATION_USER_Kafka_Franz_Die_Verwandlung,38,"Gewiß würde der Chef mit dem Krankenkassenarzt kommen, würde den Eltern wegen des faulen Sohnes Vorwürfe machen und alle Einwände durch den Hinweis auf den Krankenkassenarzt abschneiden, für den es ja überhaupt nur ganz gesunde, aber arbeitsscheue Menschen gibt.",kommen,5186,5192,I-non_event,O,O,O
metamorphosis,CURATION_USER_Kafka_Franz_Die_Verwandlung,38,"Gewiß würde der Chef mit dem Krankenkassenarzt kommen, würde den Eltern wegen des faulen Sohnes Vorwürfe machen und alle Einwände durch den Hinweis auf den Krankenkassenarzt abschneiden, für den es ja überhaupt nur ganz gesunde, aber arbeitsscheue Menschen gibt.",",",5192,5193,O,O,O,O
metamorphosis,CURATION_USER_Kafka_Franz_Die_Verwandlung,38,"Gewiß würde der Chef mit dem Krankenkassenarzt kommen, würde den Eltern wegen des faulen Sohnes Vorwürfe machen und alle Einwände durch den Hinweis auf den Krankenkassenarzt abschneiden, für den es ja überhaupt nur ganz gesunde, aber arbeitsscheue Menschen gibt.",würde,5194,5199,B-non_event,O,O,O
metamorphosis,CURATION_USER_Kafka_Franz_Die_Verwandlung,38,"Gewiß würde der Chef mit dem Krankenkassenarzt kommen, würde den Eltern wegen des faulen Sohnes Vorwürfe machen und alle Einwände durch den Hinweis auf den Krankenkassenarzt abschneiden, für den es ja überhaupt nur ganz gesunde, aber arbeitsscheue Menschen gibt.",den,5200,5203,I-non_event,O,O,O
metamorphosis,CURATION_USER_Kafka_Franz_Die_Verwandlung,38,"Gewiß würde der Chef mit dem Krankenkassenarzt kommen, würde den Eltern wegen des faulen Sohnes Vorwürfe machen und alle Einwände durch den Hinweis auf den Krankenkassenarzt abschneiden, für den es ja überhaupt nur ganz gesunde, aber arbeitsscheue Menschen gibt.",Eltern,5204,5210,I-non_event,O,O,O
metamorphosis,CURATION_USER_Kafka_Franz_Die_Verwandlung,38,"Gewiß würde der Chef mit dem Krankenkassenarzt kommen, würde den Eltern wegen des faulen Sohnes Vorwürfe machen und alle Einwände durch den Hinweis auf den Krankenkassenarzt abschneiden, für den es ja überhaupt nur ganz gesunde, aber arbeitsscheue Menschen gibt.",wegen,5211,5216,I-non_event,O,O,O
metamorphosis,CURATION_USER_Kafka_Franz_Die_Verwandlung,38,"Gewiß würde der Chef mit dem Krankenkassenarzt kommen, würde den Eltern wegen des faulen Sohnes Vorwürfe machen und alle Einwände durch den Hinweis auf den Krankenkassenarzt abschneiden, für den es ja überhaupt nur ganz gesunde, aber arbeitsscheue Menschen gibt.",des,5217,5220,I-non_event,O,O,O
metamorphosis,CURATION_USER_Kafka_Franz_Die_Verwandlung,38,"Gewiß würde der Chef mit dem Krankenkassenarzt kommen, würde den Eltern wegen des faulen Sohnes Vorwürfe machen und alle Einwände durch den Hinweis auf den Krankenkassenarzt abschneiden, für den es ja überhaupt nur ganz gesunde, aber arbeitsscheue Menschen gibt.",faulen,5221,5227,I-non_event,O,O,O
metamorphosis,CURATION_USER_Kafka_Franz_Die_Verwandlung,38,"Gewiß würde der Chef mit dem Krankenkassenarzt kommen, würde den Eltern wegen des faulen Sohnes Vorwürfe machen und alle Einwände durch den Hinweis auf den Krankenkassenarzt abschneiden, für den es ja überhaupt nur ganz gesunde, aber arbeitsscheue Menschen gibt.",Sohnes,5228,5234,I-non_event,O,O,O
metamorphosis,CURATION_USER_Kafka_Franz_Die_Verwandlung,38,"Gewiß würde der Chef mit dem Krankenkassenarzt kommen, würde den Eltern wegen des faulen Sohnes Vorwürfe machen und alle Einwände durch den Hinweis auf den Krankenkassenarzt abschneiden, für den es ja überhaupt nur ganz gesunde, aber arbeitsscheue Menschen gibt.",Vorwürfe,5235,5243,I-non_event,O,O,O
metamorphosis,CURATION_USER_Kafka_Franz_Die_Verwandlung,38,"Gewiß würde der Chef mit dem Krankenkassenarzt kommen, würde den Eltern wegen des faulen Sohnes Vorwürfe machen und alle Einwände durch den Hinweis auf den Krankenkassenarzt abschneiden, für den es ja überhaupt nur ganz gesunde, aber arbeitsscheue Menschen gibt.",machen,5244,5250,I-non_event,O,O,O
metamorphosis,CURATION_USER_Kafka_Franz_Die_Verwandlung,38,"Gewiß würde der Chef mit dem Krankenkassenarzt kommen, würde den Eltern wegen des faulen Sohnes Vorwürfe machen und alle Einwände durch den Hinweis auf den Krankenkassenarzt abschneiden, für den es ja überhaupt nur ganz gesunde, aber arbeitsscheue Menschen gibt.",und,5251,5254,B-non_event,O,O,O
metamorphosis,CURATION_USER_Kafka_Franz_Die_Verwandlung,38,"Gewiß würde der Chef mit dem Krankenkassenarzt kommen, würde den Eltern wegen des faulen Sohnes Vorwürfe machen und alle Einwände durch den Hinweis auf den Krankenkassenarzt abschneiden, für den es ja überhaupt nur ganz gesunde, aber arbeitsscheue Menschen gibt.",alle,5255,5259,I-non_event,O,O,O
metamorphosis,CURATION_USER_Kafka_Franz_Die_Verwandlung,38,"Gewiß würde der Chef mit dem Krankenkassenarzt kommen, würde den Eltern wegen des faulen Sohnes Vorwürfe machen und alle Einwände durch den Hinweis auf den Krankenkassenarzt abschneiden, für den es ja überhaupt nur ganz gesunde, aber arbeitsscheue Menschen gibt.",Einwände,5260,5268,I-non_event,O,O,O
metamorphosis,CURATION_USER_Kafka_Franz_Die_Verwandlung,38,"Gewiß würde der Chef mit dem Krankenkassenarzt kommen, würde den Eltern wegen des faulen Sohnes Vorwürfe machen und alle Einwände durch den Hinweis auf den Krankenkassenarzt abschneiden, für den es ja überhaupt nur ganz gesunde, aber arbeitsscheue Menschen gibt.",durch,5269,5274,I-non_event,O,O,O
metamorphosis,CURATION_USER_Kafka_Franz_Die_Verwandlung,38,"Gewiß würde der Chef mit dem Krankenkassenarzt kommen, würde den Eltern wegen des faulen Sohnes Vorwürfe machen und alle Einwände durch den Hinweis auf den Krankenkassenarzt abschneiden, für den es ja überhaupt nur ganz gesunde, aber arbeitsscheue Menschen gibt.",den,5275,5278,I-non_event,O,O,O
metamorphosis,CURATION_USER_Kafka_Franz_Die_Verwandlung,38,"Gewiß würde der Chef mit dem Krankenkassenarzt kommen, würde den Eltern wegen des faulen Sohnes Vorwürfe machen und alle Einwände durch den Hinweis auf den Krankenkassenarzt abschneiden, für den es ja überhaupt nur ganz gesunde, aber arbeitsscheue Menschen gibt.",Hinweis,5279,5286,I-non_event,O,O,O
metamorphosis,CURATION_USER_Kafka_Franz_Die_Verwandlung,38,"Gewiß würde der Chef mit dem Krankenkassenarzt kommen, würde den Eltern wegen des faulen Sohnes Vorwürfe machen und alle Einwände durch den Hinweis auf den Krankenkassenarzt abschneiden, für den es ja überhaupt nur ganz gesunde, aber arbeitsscheue Menschen gibt.",auf,5287,5290,I-non_event,O,O,O
metamorphosis,CURATION_USER_Kafka_Franz_Die_Verwandlung,38,"Gewiß würde der Chef mit dem Krankenkassenarzt kommen, würde den Eltern wegen des faulen Sohnes Vorwürfe machen und alle Einwände durch den Hinweis auf den Krankenkassenarzt abschneiden, für den es ja überhaupt nur ganz gesunde, aber arbeitsscheue Menschen gibt.",den,5291,5294,I-non_event,O,O,O
metamorphosis,CURATION_USER_Kafka_Franz_Die_Verwandlung,38,"Gewiß würde der Chef mit dem Krankenkassenarzt kommen, würde den Eltern wegen des faulen Sohnes Vorwürfe machen und alle Einwände durch den Hinweis auf den Krankenkassenarzt abschneiden, für den es ja überhaupt nur ganz gesunde, aber arbeitsscheue Menschen gibt.",Krankenkassenarzt,5295,5312,I-non_event,O,O,O
metamorphosis,CURATION_USER_Kafka_Franz_Die_Verwandlung,38,"Gewiß würde der Chef mit dem Krankenkassenarzt kommen, würde den Eltern wegen des faulen Sohnes Vorwürfe machen und alle Einwände durch den Hinweis auf den Krankenkassenarzt abschneiden, für den es ja überhaupt nur ganz gesunde, aber arbeitsscheue Menschen gibt.",abschneiden,5313,5324,I-non_event,O,O,O
metamorphosis,CURATION_USER_Kafka_Franz_Die_Verwandlung,38,"Gewiß würde der Chef mit dem Krankenkassenarzt kommen, würde den Eltern wegen des faulen Sohnes Vorwürfe machen und alle Einwände durch den Hinweis auf den Krankenkassenarzt abschneiden, für den es ja überhaupt nur ganz gesunde, aber arbeitsscheue Menschen gibt.",",",5324,5325,O,O,O,O
metamorphosis,CURATION_USER_Kafka_Franz_Die_Verwandlung,38,"Gewiß würde der Chef mit dem Krankenkassenarzt kommen, würde den Eltern wegen des faulen Sohnes Vorwürfe machen und alle Einwände durch den Hinweis auf den Krankenkassenarzt abschneiden, für den es ja überhaupt nur ganz gesunde, aber arbeitsscheue Menschen gibt.",für,5326,5329,B-non_event,O,O,O
metamorphosis,CURATION_USER_Kafka_Franz_Die_Verwandlung,38,"Gewiß würde der Chef mit dem Krankenkassenarzt kommen, würde den Eltern wegen des faulen Sohnes Vorwürfe machen und alle Einwände durch den Hinweis auf den Krankenkassenarzt abschneiden, für den es ja überhaupt nur ganz gesunde, aber arbeitsscheue Menschen gibt.",den,5330,5333,I-non_event,O,O,O
metamorphosis,CURATION_USER_Kafka_Franz_Die_Verwandlung,38,"Gewiß würde der Chef mit dem Krankenkassenarzt kommen, würde den Eltern wegen des faulen Sohnes Vorwürfe machen und alle Einwände durch den Hinweis auf den Krankenkassenarzt abschneiden, für den es ja überhaupt nur ganz gesunde, aber arbeitsscheue Menschen gibt.",es,5334,5336,I-non_event,O,O,O
metamorphosis,CURATION_USER_Kafka_Franz_Die_Verwandlung,38,"Gewiß würde der Chef mit dem Krankenkassenarzt kommen, würde den Eltern wegen des faulen Sohnes Vorwürfe machen und alle Einwände durch den Hinweis auf den Krankenkassenarzt abschneiden, für den es ja überhaupt nur ganz gesunde, aber arbeitsscheue Menschen gibt.",ja,5337,5339,I-non_event,O,O,O
metamorphosis,CURATION_USER_Kafka_Franz_Die_Verwandlung,38,"Gewiß würde der Chef mit dem Krankenkassenarzt kommen, würde den Eltern wegen des faulen Sohnes Vorwürfe machen und alle Einwände durch den Hinweis auf den Krankenkassenarzt abschneiden, für den es ja überhaupt nur ganz gesunde, aber arbeitsscheue Menschen gibt.",überhaupt,5340,5349,I-non_event,O,O,O
metamorphosis,CURATION_USER_Kafka_Franz_Die_Verwandlung,38,"Gewiß würde der Chef mit dem Krankenkassenarzt kommen, würde den Eltern wegen des faulen Sohnes Vorwürfe machen und alle Einwände durch den Hinweis auf den Krankenkassenarzt abschneiden, für den es ja überhaupt nur ganz gesunde, aber arbeitsscheue Menschen gibt.",nur,5350,5353,I-non_event,O,O,O
metamorphosis,CURATION_USER_Kafka_Franz_Die_Verwandlung,38,"Gewiß würde der Chef mit dem Krankenkassenarzt kommen, würde den Eltern wegen des faulen Sohnes Vorwürfe machen und alle Einwände durch den Hinweis auf den Krankenkassenarzt abschneiden, für den es ja überhaupt nur ganz gesunde, aber arbeitsscheue Menschen gibt.",ganz,5354,5358,I-non_event,O,O,O
metamorphosis,CURATION_USER_Kafka_Franz_Die_Verwandlung,38,"Gewiß würde der Chef mit dem Krankenkassenarzt kommen, würde den Eltern wegen des faulen Sohnes Vorwürfe machen und alle Einwände durch den Hinweis auf den Krankenkassenarzt abschneiden, für den es ja überhaupt nur ganz gesunde, aber arbeitsscheue Menschen gibt.",gesunde,5359,5366,I-non_event,O,O,O
metamorphosis,CURATION_USER_Kafka_Franz_Die_Verwandlung,38,"Gewiß würde der Chef mit dem Krankenkassenarzt kommen, würde den Eltern wegen des faulen Sohnes Vorwürfe machen und alle Einwände durch den Hinweis auf den Krankenkassenarzt abschneiden, für den es ja überhaupt nur ganz gesunde, aber arbeitsscheue Menschen gibt.",",",5366,5367,I-non_event,O,O,O
metamorphosis,CURATION_USER_Kafka_Franz_Die_Verwandlung,38,"Gewiß würde der Chef mit dem Krankenkassenarzt kommen, würde den Eltern wegen des faulen Sohnes Vorwürfe machen und alle Einwände durch den Hinweis auf den Krankenkassenarzt abschneiden, für den es ja überhaupt nur ganz gesunde, aber arbeitsscheue Menschen gibt.",aber,5368,5372,I-non_event,O,O,O
metamorphosis,CURATION_USER_Kafka_Franz_Die_Verwandlung,38,"Gewiß würde der Chef mit dem Krankenkassenarzt kommen, würde den Eltern wegen des faulen Sohnes Vorwürfe machen und alle Einwände durch den Hinweis auf den Krankenkassenarzt abschneiden, für den es ja überhaupt nur ganz gesunde, aber arbeitsscheue Menschen gibt.",arbeitsscheue,5373,5386,I-non_event,O,O,O
metamorphosis,CURATION_USER_Kafka_Franz_Die_Verwandlung,38,"Gewiß würde der Chef mit dem Krankenkassenarzt kommen, würde den Eltern wegen des faulen Sohnes Vorwürfe machen und alle Einwände durch den Hinweis auf den Krankenkassenarzt abschneiden, für den es ja überhaupt nur ganz gesunde, aber arbeitsscheue Menschen gibt.",Menschen,5387,5395,I-non_event,O,O,O
metamorphosis,CURATION_USER_Kafka_Franz_Die_Verwandlung,38,"Gewiß würde der Chef mit dem Krankenkassenarzt kommen, würde den Eltern wegen des faulen Sohnes Vorwürfe machen und alle Einwände durch den Hinweis auf den Krankenkassenarzt abschneiden, für den es ja überhaupt nur ganz gesunde, aber arbeitsscheue Menschen gibt.",gibt,5396,5400,I-non_event,O,O,O
metamorphosis,CURATION_USER_Kafka_Franz_Die_Verwandlung,38,"Gewiß würde der Chef mit dem Krankenkassenarzt kommen, würde den Eltern wegen des faulen Sohnes Vorwürfe machen und alle Einwände durch den Hinweis auf den Krankenkassenarzt abschneiden, für den es ja überhaupt nur ganz gesunde, aber arbeitsscheue Menschen gibt.",.,5400,5401,O,O,O,O
metamorphosis,CURATION_USER_Kafka_Franz_Die_Verwandlung,39,Und hätte er übrigens in diesem Falle so ganz unrecht?,Und,5402,5405,B-non_event,O,O,O
metamorphosis,CURATION_USER_Kafka_Franz_Die_Verwandlung,39,Und hätte er übrigens in diesem Falle so ganz unrecht?,hätte,5406,5411,I-non_event,O,O,O
metamorphosis,CURATION_USER_Kafka_Franz_Die_Verwandlung,39,Und hätte er übrigens in diesem Falle so ganz unrecht?,er,5412,5414,I-non_event,O,O,O
metamorphosis,CURATION_USER_Kafka_Franz_Die_Verwandlung,39,Und hätte er übrigens in diesem Falle so ganz unrecht?,übrigens,5415,5423,I-non_event,O,O,O
metamorphosis,CURATION_USER_Kafka_Franz_Die_Verwandlung,39,Und hätte er übrigens in diesem Falle so ganz unrecht?,in,5424,5426,I-non_event,O,O,O
metamorphosis,CURATION_USER_Kafka_Franz_Die_Verwandlung,39,Und hätte er übrigens in diesem Falle so ganz unrecht?,diesem,5427,5433,I-non_event,O,O,O
metamorphosis,CURATION_USER_Kafka_Franz_Die_Verwandlung,39,Und hätte er übrigens in diesem Falle so ganz unrecht?,Falle,5434,5439,I-non_event,O,O,O
metamorphosis,CURATION_USER_Kafka_Franz_Die_Verwandlung,39,Und hätte er übrigens in diesem Falle so ganz unrecht?,so,5440,5442,I-non_event,O,O,O
metamorphosis,CURATION_USER_Kafka_Franz_Die_Verwandlung,39,Und hätte er übrigens in diesem Falle so ganz unrecht?,ganz,5443,5447,I-non_event,O,O,O
metamorphosis,CURATION_USER_Kafka_Franz_Die_Verwandlung,39,Und hätte er übrigens in diesem Falle so ganz unrecht?,unrecht,5448,5455,I-non_event,O,O,O
metamorphosis,CURATION_USER_Kafka_Franz_Die_Verwandlung,39,Und hätte er übrigens in diesem Falle so ganz unrecht?,?,5455,5456,O,O,O,O
metamorphosis,CURATION_USER_Kafka_Franz_Die_Verwandlung,40,"Gregor fühlte sich tatsächlich, abgesehen von einer nach dem langen Schlaf wirklich überflüssigen Schläfrigkeit, ganz wohl und hatte sogar einen besonders kräftigen Hunger.",Gregor,5457,5463,B-stative_event,O,O,O
metamorphosis,CURATION_USER_Kafka_Franz_Die_Verwandlung,40,"Gregor fühlte sich tatsächlich, abgesehen von einer nach dem langen Schlaf wirklich überflüssigen Schläfrigkeit, ganz wohl und hatte sogar einen besonders kräftigen Hunger.",fühlte,5464,5470,I-stative_event,O,O,O
metamorphosis,CURATION_USER_Kafka_Franz_Die_Verwandlung,40,"Gregor fühlte sich tatsächlich, abgesehen von einer nach dem langen Schlaf wirklich überflüssigen Schläfrigkeit, ganz wohl und hatte sogar einen besonders kräftigen Hunger.",sich,5471,5475,I-stative_event,O,O,O
metamorphosis,CURATION_USER_Kafka_Franz_Die_Verwandlung,40,"Gregor fühlte sich tatsächlich, abgesehen von einer nach dem langen Schlaf wirklich überflüssigen Schläfrigkeit, ganz wohl und hatte sogar einen besonders kräftigen Hunger.",tatsächlich,5476,5487,I-stative_event,O,O,O
metamorphosis,CURATION_USER_Kafka_Franz_Die_Verwandlung,40,"Gregor fühlte sich tatsächlich, abgesehen von einer nach dem langen Schlaf wirklich überflüssigen Schläfrigkeit, ganz wohl und hatte sogar einen besonders kräftigen Hunger.",",",5487,5488,I-stative_event,O,O,O
metamorphosis,CURATION_USER_Kafka_Franz_Die_Verwandlung,40,"Gregor fühlte sich tatsächlich, abgesehen von einer nach dem langen Schlaf wirklich überflüssigen Schläfrigkeit, ganz wohl und hatte sogar einen besonders kräftigen Hunger.",abgesehen,5489,5498,I-stative_event,O,O,O
metamorphosis,CURATION_USER_Kafka_Franz_Die_Verwandlung,40,"Gregor fühlte sich tatsächlich, abgesehen von einer nach dem langen Schlaf wirklich überflüssigen Schläfrigkeit, ganz wohl und hatte sogar einen besonders kräftigen Hunger.",von,5499,5502,I-stative_event,O,O,O
metamorphosis,CURATION_USER_Kafka_Franz_Die_Verwandlung,40,"Gregor fühlte sich tatsächlich, abgesehen von einer nach dem langen Schlaf wirklich überflüssigen Schläfrigkeit, ganz wohl und hatte sogar einen besonders kräftigen Hunger.",einer,5503,5508,I-stative_event,O,O,O
metamorphosis,CURATION_USER_Kafka_Franz_Die_Verwandlung,40,"Gregor fühlte sich tatsächlich, abgesehen von einer nach dem langen Schlaf wirklich überflüssigen Schläfrigkeit, ganz wohl und hatte sogar einen besonders kräftigen Hunger.",nach,5509,5513,I-stative_event,O,O,O
metamorphosis,CURATION_USER_Kafka_Franz_Die_Verwandlung,40,"Gregor fühlte sich tatsächlich, abgesehen von einer nach dem langen Schlaf wirklich überflüssigen Schläfrigkeit, ganz wohl und hatte sogar einen besonders kräftigen Hunger.",dem,5514,5517,I-stative_event,O,O,O
metamorphosis,CURATION_USER_Kafka_Franz_Die_Verwandlung,40,"Gregor fühlte sich tatsächlich, abgesehen von einer nach dem langen Schlaf wirklich überflüssigen Schläfrigkeit, ganz wohl und hatte sogar einen besonders kräftigen Hunger.",langen,5518,5524,I-stative_event,O,O,O
metamorphosis,CURATION_USER_Kafka_Franz_Die_Verwandlung,40,"Gregor fühlte sich tatsächlich, abgesehen von einer nach dem langen Schlaf wirklich überflüssigen Schläfrigkeit, ganz wohl und hatte sogar einen besonders kräftigen Hunger.",Schlaf,5525,5531,I-stative_event,O,O,O
metamorphosis,CURATION_USER_Kafka_Franz_Die_Verwandlung,40,"Gregor fühlte sich tatsächlich, abgesehen von einer nach dem langen Schlaf wirklich überflüssigen Schläfrigkeit, ganz wohl und hatte sogar einen besonders kräftigen Hunger.",wirklich,5532,5540,I-stative_event,O,O,O
metamorphosis,CURATION_USER_Kafka_Franz_Die_Verwandlung,40,"Gregor fühlte sich tatsächlich, abgesehen von einer nach dem langen Schlaf wirklich überflüssigen Schläfrigkeit, ganz wohl und hatte sogar einen besonders kräftigen Hunger.",überflüssigen,5541,5554,I-stative_event,O,O,O
metamorphosis,CURATION_USER_Kafka_Franz_Die_Verwandlung,40,"Gregor fühlte sich tatsächlich, abgesehen von einer nach dem langen Schlaf wirklich überflüssigen Schläfrigkeit, ganz wohl und hatte sogar einen besonders kräftigen Hunger.",Schläfrigkeit,5555,5568,I-stative_event,O,O,O
metamorphosis,CURATION_USER_Kafka_Franz_Die_Verwandlung,40,"Gregor fühlte sich tatsächlich, abgesehen von einer nach dem langen Schlaf wirklich überflüssigen Schläfrigkeit, ganz wohl und hatte sogar einen besonders kräftigen Hunger.",",",5568,5569,I-stative_event,O,O,O
metamorphosis,CURATION_USER_Kafka_Franz_Die_Verwandlung,40,"Gregor fühlte sich tatsächlich, abgesehen von einer nach dem langen Schlaf wirklich überflüssigen Schläfrigkeit, ganz wohl und hatte sogar einen besonders kräftigen Hunger.",ganz,5570,5574,I-stative_event,O,O,O
metamorphosis,CURATION_USER_Kafka_Franz_Die_Verwandlung,40,"Gregor fühlte sich tatsächlich, abgesehen von einer nach dem langen Schlaf wirklich überflüssigen Schläfrigkeit, ganz wohl und hatte sogar einen besonders kräftigen Hunger.",wohl,5575,5579,O,O,O,O
metamorphosis,CURATION_USER_Kafka_Franz_Die_Verwandlung,40,"Gregor fühlte sich tatsächlich, abgesehen von einer nach dem langen Schlaf wirklich überflüssigen Schläfrigkeit, ganz wohl und hatte sogar einen besonders kräftigen Hunger.",woh,5575,5578,I-stative_event,O,O,O
metamorphosis,CURATION_USER_Kafka_Franz_Die_Verwandlung,40,"Gregor fühlte sich tatsächlich, abgesehen von einer nach dem langen Schlaf wirklich überflüssigen Schläfrigkeit, ganz wohl und hatte sogar einen besonders kräftigen Hunger.",und,5580,5583,B-stative_event,O,O,O
metamorphosis,CURATION_USER_Kafka_Franz_Die_Verwandlung,40,"Gregor fühlte sich tatsächlich, abgesehen von einer nach dem langen Schlaf wirklich überflüssigen Schläfrigkeit, ganz wohl und hatte sogar einen besonders kräftigen Hunger.",hatte,5584,5589,I-stative_event,O,O,O
metamorphosis,CURATION_USER_Kafka_Franz_Die_Verwandlung,40,"Gregor fühlte sich tatsächlich, abgesehen von einer nach dem langen Schlaf wirklich überflüssigen Schläfrigkeit, ganz wohl und hatte sogar einen besonders kräftigen Hunger.",sogar,5590,5595,I-stative_event,O,O,O
metamorphosis,CURATION_USER_Kafka_Franz_Die_Verwandlung,40,"Gregor fühlte sich tatsächlich, abgesehen von einer nach dem langen Schlaf wirklich überflüssigen Schläfrigkeit, ganz wohl und hatte sogar einen besonders kräftigen Hunger.",einen,5596,5601,I-stative_event,O,O,O
metamorphosis,CURATION_USER_Kafka_Franz_Die_Verwandlung,40,"Gregor fühlte sich tatsächlich, abgesehen von einer nach dem langen Schlaf wirklich überflüssigen Schläfrigkeit, ganz wohl und hatte sogar einen besonders kräftigen Hunger.",besonders,5602,5611,I-stative_event,O,O,O
metamorphosis,CURATION_USER_Kafka_Franz_Die_Verwandlung,40,"Gregor fühlte sich tatsächlich, abgesehen von einer nach dem langen Schlaf wirklich überflüssigen Schläfrigkeit, ganz wohl und hatte sogar einen besonders kräftigen Hunger.",kräftigen,5612,5621,I-stative_event,O,O,O
metamorphosis,CURATION_USER_Kafka_Franz_Die_Verwandlung,40,"Gregor fühlte sich tatsächlich, abgesehen von einer nach dem langen Schlaf wirklich überflüssigen Schläfrigkeit, ganz wohl und hatte sogar einen besonders kräftigen Hunger.",Hunger,5622,5628,I-stative_event,O,O,O
metamorphosis,CURATION_USER_Kafka_Franz_Die_Verwandlung,40,"Gregor fühlte sich tatsächlich, abgesehen von einer nach dem langen Schlaf wirklich überflüssigen Schläfrigkeit, ganz wohl und hatte sogar einen besonders kräftigen Hunger.",.,5628,5629,O,O,O,O
metamorphosis,CURATION_USER_Kafka_Franz_Die_Verwandlung,41,"Als er dies alles in größter Eile überlegte, ohne sich entschließen zu können, das Bett zu verlassen - gerade schlug der Wecker dreiviertel sieben - klopfte es vorsichtig an die Tür am Kopfende seines Bettes. »Gregor,« rief es - es war die Mutter -, »es ist dreiviertel sieben.",Als,5631,5634,B-process,O,O,O
metamorphosis,CURATION_USER_Kafka_Franz_Die_Verwandlung,41,"Als er dies alles in größter Eile überlegte, ohne sich entschließen zu können, das Bett zu verlassen - gerade schlug der Wecker dreiviertel sieben - klopfte es vorsichtig an die Tür am Kopfende seines Bettes. »Gregor,« rief es - es war die Mutter -, »es ist dreiviertel sieben.",er,5635,5637,I-process,O,O,O
metamorphosis,CURATION_USER_Kafka_Franz_Die_Verwandlung,41,"Als er dies alles in größter Eile überlegte, ohne sich entschließen zu können, das Bett zu verlassen - gerade schlug der Wecker dreiviertel sieben - klopfte es vorsichtig an die Tür am Kopfende seines Bettes. »Gregor,« rief es - es war die Mutter -, »es ist dreiviertel sieben.",dies,5638,5642,I-process,O,O,O
metamorphosis,CURATION_USER_Kafka_Franz_Die_Verwandlung,41,"Als er dies alles in größter Eile überlegte, ohne sich entschließen zu können, das Bett zu verlassen - gerade schlug der Wecker dreiviertel sieben - klopfte es vorsichtig an die Tür am Kopfende seines Bettes. »Gregor,« rief es - es war die Mutter -, »es ist dreiviertel sieben.",alles,5643,5648,I-process,O,O,O
metamorphosis,CURATION_USER_Kafka_Franz_Die_Verwandlung,41,"Als er dies alles in größter Eile überlegte, ohne sich entschließen zu können, das Bett zu verlassen - gerade schlug der Wecker dreiviertel sieben - klopfte es vorsichtig an die Tür am Kopfende seines Bettes. »Gregor,« rief es - es war die Mutter -, »es ist dreiviertel sieben.",in,5649,5651,I-process,O,O,O
metamorphosis,CURATION_USER_Kafka_Franz_Die_Verwandlung,41,"Als er dies alles in größter Eile überlegte, ohne sich entschließen zu können, das Bett zu verlassen - gerade schlug der Wecker dreiviertel sieben - klopfte es vorsichtig an die Tür am Kopfende seines Bettes. »Gregor,« rief es - es war die Mutter -, »es ist dreiviertel sieben.",größter,5652,5659,I-process,O,O,O
metamorphosis,CURATION_USER_Kafka_Franz_Die_Verwandlung,41,"Als er dies alles in größter Eile überlegte, ohne sich entschließen zu können, das Bett zu verlassen - gerade schlug der Wecker dreiviertel sieben - klopfte es vorsichtig an die Tür am Kopfende seines Bettes. »Gregor,« rief es - es war die Mutter -, »es ist dreiviertel sieben.",Eile,5660,5664,I-process,O,O,O
metamorphosis,CURATION_USER_Kafka_Franz_Die_Verwandlung,41,"Als er dies alles in größter Eile überlegte, ohne sich entschließen zu können, das Bett zu verlassen - gerade schlug der Wecker dreiviertel sieben - klopfte es vorsichtig an die Tür am Kopfende seines Bettes. »Gregor,« rief es - es war die Mutter -, »es ist dreiviertel sieben.",überlegte,5665,5674,I-process,O,O,O
metamorphosis,CURATION_USER_Kafka_Franz_Die_Verwandlung,41,"Als er dies alles in größter Eile überlegte, ohne sich entschließen zu können, das Bett zu verlassen - gerade schlug der Wecker dreiviertel sieben - klopfte es vorsichtig an die Tür am Kopfende seines Bettes. »Gregor,« rief es - es war die Mutter -, »es ist dreiviertel sieben.",",",5674,5675,O,O,O,O
metamorphosis,CURATION_USER_Kafka_Franz_Die_Verwandlung,41,"Als er dies alles in größter Eile überlegte, ohne sich entschließen zu können, das Bett zu verlassen - gerade schlug der Wecker dreiviertel sieben - klopfte es vorsichtig an die Tür am Kopfende seines Bettes. »Gregor,« rief es - es war die Mutter -, »es ist dreiviertel sieben.",ohne,5676,5680,B-non_event,O,O,O
metamorphosis,CURATION_USER_Kafka_Franz_Die_Verwandlung,41,"Als er dies alles in größter Eile überlegte, ohne sich entschließen zu können, das Bett zu verlassen - gerade schlug der Wecker dreiviertel sieben - klopfte es vorsichtig an die Tür am Kopfende seines Bettes. »Gregor,« rief es - es war die Mutter -, »es ist dreiviertel sieben.",sich,5681,5685,I-non_event,O,O,O
metamorphosis,CURATION_USER_Kafka_Franz_Die_Verwandlung,41,"Als er dies alles in größter Eile überlegte, ohne sich entschließen zu können, das Bett zu verlassen - gerade schlug der Wecker dreiviertel sieben - klopfte es vorsichtig an die Tür am Kopfende seines Bettes. »Gregor,« rief es - es war die Mutter -, »es ist dreiviertel sieben.",entschließen,5686,5698,I-non_event,O,O,O
metamorphosis,CURATION_USER_Kafka_Franz_Die_Verwandlung,41,"Als er dies alles in größter Eile überlegte, ohne sich entschließen zu können, das Bett zu verlassen - gerade schlug der Wecker dreiviertel sieben - klopfte es vorsichtig an die Tür am Kopfende seines Bettes. »Gregor,« rief es - es war die Mutter -, »es ist dreiviertel sieben.",zu,5699,5701,I-non_event,O,O,O
metamorphosis,CURATION_USER_Kafka_Franz_Die_Verwandlung,41,"Als er dies alles in größter Eile überlegte, ohne sich entschließen zu können, das Bett zu verlassen - gerade schlug der Wecker dreiviertel sieben - klopfte es vorsichtig an die Tür am Kopfende seines Bettes. »Gregor,« rief es - es war die Mutter -, »es ist dreiviertel sieben.",können,5702,5708,I-non_event,O,O,O
metamorphosis,CURATION_USER_Kafka_Franz_Die_Verwandlung,41,"Als er dies alles in größter Eile überlegte, ohne sich entschließen zu können, das Bett zu verlassen - gerade schlug der Wecker dreiviertel sieben - klopfte es vorsichtig an die Tür am Kopfende seines Bettes. »Gregor,« rief es - es war die Mutter -, »es ist dreiviertel sieben.",",",5708,5709,I-non_event,O,O,O
metamorphosis,CURATION_USER_Kafka_Franz_Die_Verwandlung,41,"Als er dies alles in größter Eile überlegte, ohne sich entschließen zu können, das Bett zu verlassen - gerade schlug der Wecker dreiviertel sieben - klopfte es vorsichtig an die Tür am Kopfende seines Bettes. »Gregor,« rief es - es war die Mutter -, »es ist dreiviertel sieben.",das,5710,5713,I-non_event,O,O,O
metamorphosis,CURATION_USER_Kafka_Franz_Die_Verwandlung,41,"Als er dies alles in größter Eile überlegte, ohne sich entschließen zu können, das Bett zu verlassen - gerade schlug der Wecker dreiviertel sieben - klopfte es vorsichtig an die Tür am Kopfende seines Bettes. »Gregor,« rief es - es war die Mutter -, »es ist dreiviertel sieben.",Bett,5714,5718,I-non_event,O,O,O
metamorphosis,CURATION_USER_Kafka_Franz_Die_Verwandlung,41,"Als er dies alles in größter Eile überlegte, ohne sich entschließen zu können, das Bett zu verlassen - gerade schlug der Wecker dreiviertel sieben - klopfte es vorsichtig an die Tür am Kopfende seines Bettes. »Gregor,« rief es - es war die Mutter -, »es ist dreiviertel sieben.",zu,5719,5721,I-non_event,O,O,O
metamorphosis,CURATION_USER_Kafka_Franz_Die_Verwandlung,41,"Als er dies alles in größter Eile überlegte, ohne sich entschließen zu können, das Bett zu verlassen - gerade schlug der Wecker dreiviertel sieben - klopfte es vorsichtig an die Tür am Kopfende seines Bettes. »Gregor,« rief es - es war die Mutter -, »es ist dreiviertel sieben.",verlassen,5722,5731,I-non_event,O,O,O
metamorphosis,CURATION_USER_Kafka_Franz_Die_Verwandlung,41,"Als er dies alles in größter Eile überlegte, ohne sich entschließen zu können, das Bett zu verlassen - gerade schlug der Wecker dreiviertel sieben - klopfte es vorsichtig an die Tür am Kopfende seines Bettes. »Gregor,« rief es - es war die Mutter -, »es ist dreiviertel sieben.",-,5732,5733,O,O,O,O
metamorphosis,CURATION_USER_Kafka_Franz_Die_Verwandlung,41,"Als er dies alles in größter Eile überlegte, ohne sich entschließen zu können, das Bett zu verlassen - gerade schlug der Wecker dreiviertel sieben - klopfte es vorsichtig an die Tür am Kopfende seines Bettes. »Gregor,« rief es - es war die Mutter -, »es ist dreiviertel sieben.",gerade,5734,5740,B-process,O,O,O
metamorphosis,CURATION_USER_Kafka_Franz_Die_Verwandlung,41,"Als er dies alles in größter Eile überlegte, ohne sich entschließen zu können, das Bett zu verlassen - gerade schlug der Wecker dreiviertel sieben - klopfte es vorsichtig an die Tür am Kopfende seines Bettes. »Gregor,« rief es - es war die Mutter -, »es ist dreiviertel sieben.",schlug,5741,5747,I-process,O,O,O
metamorphosis,CURATION_USER_Kafka_Franz_Die_Verwandlung,41,"Als er dies alles in größter Eile überlegte, ohne sich entschließen zu können, das Bett zu verlassen - gerade schlug der Wecker dreiviertel sieben - klopfte es vorsichtig an die Tür am Kopfende seines Bettes. »Gregor,« rief es - es war die Mutter -, »es ist dreiviertel sieben.",der,5748,5751,I-process,O,O,O
metamorphosis,CURATION_USER_Kafka_Franz_Die_Verwandlung,41,"Als er dies alles in größter Eile überlegte, ohne sich entschließen zu können, das Bett zu verlassen - gerade schlug der Wecker dreiviertel sieben - klopfte es vorsichtig an die Tür am Kopfende seines Bettes. »Gregor,« rief es - es war die Mutter -, »es ist dreiviertel sieben.",Wecker,5752,5758,I-process,O,O,O
metamorphosis,CURATION_USER_Kafka_Franz_Die_Verwandlung,41,"Als er dies alles in größter Eile überlegte, ohne sich entschließen zu können, das Bett zu verlassen - gerade schlug der Wecker dreiviertel sieben - klopfte es vorsichtig an die Tür am Kopfende seines Bettes. »Gregor,« rief es - es war die Mutter -, »es ist dreiviertel sieben.",dreiviertel,5759,5770,I-process,O,O,O
metamorphosis,CURATION_USER_Kafka_Franz_Die_Verwandlung,41,"Als er dies alles in größter Eile überlegte, ohne sich entschließen zu können, das Bett zu verlassen - gerade schlug der Wecker dreiviertel sieben - klopfte es vorsichtig an die Tür am Kopfende seines Bettes. »Gregor,« rief es - es war die Mutter -, »es ist dreiviertel sieben.",sieben,5771,5777,I-process,O,O,O
metamorphosis,CURATION_USER_Kafka_Franz_Die_Verwandlung,41,"Als er dies alles in größter Eile überlegte, ohne sich entschließen zu können, das Bett zu verlassen - gerade schlug der Wecker dreiviertel sieben - klopfte es vorsichtig an die Tür am Kopfende seines Bettes. »Gregor,« rief es - es war die Mutter -, »es ist dreiviertel sieben.",-,5778,5779,O,O,O,O
metamorphosis,CURATION_USER_Kafka_Franz_Die_Verwandlung,41,"Als er dies alles in größter Eile überlegte, ohne sich entschließen zu können, das Bett zu verlassen - gerade schlug der Wecker dreiviertel sieben - klopfte es vorsichtig an die Tür am Kopfende seines Bettes. »Gregor,« rief es - es war die Mutter -, »es ist dreiviertel sieben.",klopfte,5780,5787,B-process,O,O,O
metamorphosis,CURATION_USER_Kafka_Franz_Die_Verwandlung,41,"Als er dies alles in größter Eile überlegte, ohne sich entschließen zu können, das Bett zu verlassen - gerade schlug der Wecker dreiviertel sieben - klopfte es vorsichtig an die Tür am Kopfende seines Bettes. »Gregor,« rief es - es war die Mutter -, »es ist dreiviertel sieben.",es,5788,5790,I-process,O,O,O
metamorphosis,CURATION_USER_Kafka_Franz_Die_Verwandlung,41,"Als er dies alles in größter Eile überlegte, ohne sich entschließen zu können, das Bett zu verlassen - gerade schlug der Wecker dreiviertel sieben - klopfte es vorsichtig an die Tür am Kopfende seines Bettes. »Gregor,« rief es - es war die Mutter -, »es ist dreiviertel sieben.",vorsichtig,5791,5801,I-process,O,O,O
metamorphosis,CURATION_USER_Kafka_Franz_Die_Verwandlung,41,"Als er dies alles in größter Eile überlegte, ohne sich entschließen zu können, das Bett zu verlassen - gerade schlug der Wecker dreiviertel sieben - klopfte es vorsichtig an die Tür am Kopfende seines Bettes. »Gregor,« rief es - es war die Mutter -, »es ist dreiviertel sieben.",an,5802,5804,I-process,O,O,O
metamorphosis,CURATION_USER_Kafka_Franz_Die_Verwandlung,41,"Als er dies alles in größter Eile überlegte, ohne sich entschließen zu können, das Bett zu verlassen - gerade schlug der Wecker dreiviertel sieben - klopfte es vorsichtig an die Tür am Kopfende seines Bettes. »Gregor,« rief es - es war die Mutter -, »es ist dreiviertel sieben.",die,5805,5808,I-process,O,O,O
metamorphosis,CURATION_USER_Kafka_Franz_Die_Verwandlung,41,"Als er dies alles in größter Eile überlegte, ohne sich entschließen zu können, das Bett zu verlassen - gerade schlug der Wecker dreiviertel sieben - klopfte es vorsichtig an die Tür am Kopfende seines Bettes. »Gregor,« rief es - es war die Mutter -, »es ist dreiviertel sieben.",Tür,5809,5812,I-process,O,O,O
metamorphosis,CURATION_USER_Kafka_Franz_Die_Verwandlung,41,"Als er dies alles in größter Eile überlegte, ohne sich entschließen zu können, das Bett zu verlassen - gerade schlug der Wecker dreiviertel sieben - klopfte es vorsichtig an die Tür am Kopfende seines Bettes. »Gregor,« rief es - es war die Mutter -, »es ist dreiviertel sieben.",am,5813,5815,I-process,O,O,O
metamorphosis,CURATION_USER_Kafka_Franz_Die_Verwandlung,41,"Als er dies alles in größter Eile überlegte, ohne sich entschließen zu können, das Bett zu verlassen - gerade schlug der Wecker dreiviertel sieben - klopfte es vorsichtig an die Tür am Kopfende seines Bettes. »Gregor,« rief es - es war die Mutter -, »es ist dreiviertel sieben.",Kopfende,5816,5824,I-process,O,O,O
metamorphosis,CURATION_USER_Kafka_Franz_Die_Verwandlung,41,"Als er dies alles in größter Eile überlegte, ohne sich entschließen zu können, das Bett zu verlassen - gerade schlug der Wecker dreiviertel sieben - klopfte es vorsichtig an die Tür am Kopfende seines Bettes. »Gregor,« rief es - es war die Mutter -, »es ist dreiviertel sieben.",seines,5825,5831,I-process,O,O,O
metamorphosis,CURATION_USER_Kafka_Franz_Die_Verwandlung,41,"Als er dies alles in größter Eile überlegte, ohne sich entschließen zu können, das Bett zu verlassen - gerade schlug der Wecker dreiviertel sieben - klopfte es vorsichtig an die Tür am Kopfende seines Bettes. »Gregor,« rief es - es war die Mutter -, »es ist dreiviertel sieben.",Bettes,5832,5838,I-process,O,O,O
metamorphosis,CURATION_USER_Kafka_Franz_Die_Verwandlung,41,"Als er dies alles in größter Eile überlegte, ohne sich entschließen zu können, das Bett zu verlassen - gerade schlug der Wecker dreiviertel sieben - klopfte es vorsichtig an die Tür am Kopfende seines Bettes. »Gregor,« rief es - es war die Mutter -, »es ist dreiviertel sieben.",.,5838,5839,O,O,O,O
metamorphosis,CURATION_USER_Kafka_Franz_Die_Verwandlung,41,"Als er dies alles in größter Eile überlegte, ohne sich entschließen zu können, das Bett zu verlassen - gerade schlug der Wecker dreiviertel sieben - klopfte es vorsichtig an die Tür am Kopfende seines Bettes. »Gregor,« rief es - es war die Mutter -, »es ist dreiviertel sieben.",»,5840,5841,O,O,O,O
metamorphosis,CURATION_USER_Kafka_Franz_Die_Verwandlung,41,"Als er dies alles in größter Eile überlegte, ohne sich entschließen zu können, das Bett zu verlassen - gerade schlug der Wecker dreiviertel sieben - klopfte es vorsichtig an die Tür am Kopfende seines Bettes. »Gregor,« rief es - es war die Mutter -, »es ist dreiviertel sieben.",Gregor,5841,5847,B-non_event,O,B-Direct speech,O
metamorphosis,CURATION_USER_Kafka_Franz_Die_Verwandlung,41,"Als er dies alles in größter Eile überlegte, ohne sich entschließen zu können, das Bett zu verlassen - gerade schlug der Wecker dreiviertel sieben - klopfte es vorsichtig an die Tür am Kopfende seines Bettes. »Gregor,« rief es - es war die Mutter -, »es ist dreiviertel sieben.",",",5847,5848,O,O,O,O
metamorphosis,CURATION_USER_Kafka_Franz_Die_Verwandlung,41,"Als er dies alles in größter Eile überlegte, ohne sich entschließen zu können, das Bett zu verlassen - gerade schlug der Wecker dreiviertel sieben - klopfte es vorsichtig an die Tür am Kopfende seines Bettes. »Gregor,« rief es - es war die Mutter -, »es ist dreiviertel sieben.",«,5848,5849,O,O,O,O
metamorphosis,CURATION_USER_Kafka_Franz_Die_Verwandlung,41,"Als er dies alles in größter Eile überlegte, ohne sich entschließen zu können, das Bett zu verlassen - gerade schlug der Wecker dreiviertel sieben - klopfte es vorsichtig an die Tür am Kopfende seines Bettes. »Gregor,« rief es - es war die Mutter -, »es ist dreiviertel sieben.",rief,5850,5854,B-process,O,O,O
metamorphosis,CURATION_USER_Kafka_Franz_Die_Verwandlung,41,"Als er dies alles in größter Eile überlegte, ohne sich entschließen zu können, das Bett zu verlassen - gerade schlug der Wecker dreiviertel sieben - klopfte es vorsichtig an die Tür am Kopfende seines Bettes. »Gregor,« rief es - es war die Mutter -, »es ist dreiviertel sieben.",es,5855,5857,I-process,O,O,O
metamorphosis,CURATION_USER_Kafka_Franz_Die_Verwandlung,41,"Als er dies alles in größter Eile überlegte, ohne sich entschließen zu können, das Bett zu verlassen - gerade schlug der Wecker dreiviertel sieben - klopfte es vorsichtig an die Tür am Kopfende seines Bettes. »Gregor,« rief es - es war die Mutter -, »es ist dreiviertel sieben.",-,5858,5859,O,O,O,O
metamorphosis,CURATION_USER_Kafka_Franz_Die_Verwandlung,41,"Als er dies alles in größter Eile überlegte, ohne sich entschließen zu können, das Bett zu verlassen - gerade schlug der Wecker dreiviertel sieben - klopfte es vorsichtig an die Tür am Kopfende seines Bettes. »Gregor,« rief es - es war die Mutter -, »es ist dreiviertel sieben.",es,5860,5862,B-stative_event,O,O,O
metamorphosis,CURATION_USER_Kafka_Franz_Die_Verwandlung,41,"Als er dies alles in größter Eile überlegte, ohne sich entschließen zu können, das Bett zu verlassen - gerade schlug der Wecker dreiviertel sieben - klopfte es vorsichtig an die Tür am Kopfende seines Bettes. »Gregor,« rief es - es war die Mutter -, »es ist dreiviertel sieben.",war,5863,5866,I-stative_event,O,O,O
metamorphosis,CURATION_USER_Kafka_Franz_Die_Verwandlung,41,"Als er dies alles in größter Eile überlegte, ohne sich entschließen zu können, das Bett zu verlassen - gerade schlug der Wecker dreiviertel sieben - klopfte es vorsichtig an die Tür am Kopfende seines Bettes. »Gregor,« rief es - es war die Mutter -, »es ist dreiviertel sieben.",die,5867,5870,I-stative_event,O,O,O
metamorphosis,CURATION_USER_Kafka_Franz_Die_Verwandlung,41,"Als er dies alles in größter Eile überlegte, ohne sich entschließen zu können, das Bett zu verlassen - gerade schlug der Wecker dreiviertel sieben - klopfte es vorsichtig an die Tür am Kopfende seines Bettes. »Gregor,« rief es - es war die Mutter -, »es ist dreiviertel sieben.",Mutter,5871,5877,I-stative_event,O,O,O
metamorphosis,CURATION_USER_Kafka_Franz_Die_Verwandlung,41,"Als er dies alles in größter Eile überlegte, ohne sich entschließen zu können, das Bett zu verlassen - gerade schlug der Wecker dreiviertel sieben - klopfte es vorsichtig an die Tür am Kopfende seines Bettes. »Gregor,« rief es - es war die Mutter -, »es ist dreiviertel sieben.",-,5878,5879,O,O,O,O
metamorphosis,CURATION_USER_Kafka_Franz_Die_Verwandlung,41,"Als er dies alles in größter Eile überlegte, ohne sich entschließen zu können, das Bett zu verlassen - gerade schlug der Wecker dreiviertel sieben - klopfte es vorsichtig an die Tür am Kopfende seines Bettes. »Gregor,« rief es - es war die Mutter -, »es ist dreiviertel sieben.",",",5879,5880,O,O,O,O
metamorphosis,CURATION_USER_Kafka_Franz_Die_Verwandlung,41,"Als er dies alles in größter Eile überlegte, ohne sich entschließen zu können, das Bett zu verlassen - gerade schlug der Wecker dreiviertel sieben - klopfte es vorsichtig an die Tür am Kopfende seines Bettes. »Gregor,« rief es - es war die Mutter -, »es ist dreiviertel sieben.",»,5881,5882,O,O,O,O
metamorphosis,CURATION_USER_Kafka_Franz_Die_Verwandlung,41,"Als er dies alles in größter Eile überlegte, ohne sich entschließen zu können, das Bett zu verlassen - gerade schlug der Wecker dreiviertel sieben - klopfte es vorsichtig an die Tür am Kopfende seines Bettes. »Gregor,« rief es - es war die Mutter -, »es ist dreiviertel sieben.",es,5882,5884,B-stative_event,O,B-Direct speech,O
metamorphosis,CURATION_USER_Kafka_Franz_Die_Verwandlung,41,"Als er dies alles in größter Eile überlegte, ohne sich entschließen zu können, das Bett zu verlassen - gerade schlug der Wecker dreiviertel sieben - klopfte es vorsichtig an die Tür am Kopfende seines Bettes. »Gregor,« rief es - es war die Mutter -, »es ist dreiviertel sieben.",ist,5885,5888,I-stative_event,O,I-Direct speech,O
metamorphosis,CURATION_USER_Kafka_Franz_Die_Verwandlung,41,"Als er dies alles in größter Eile überlegte, ohne sich entschließen zu können, das Bett zu verlassen - gerade schlug der Wecker dreiviertel sieben - klopfte es vorsichtig an die Tür am Kopfende seines Bettes. »Gregor,« rief es - es war die Mutter -, »es ist dreiviertel sieben.",dreiviertel,5889,5900,I-stative_event,O,I-Direct speech,O
metamorphosis,CURATION_USER_Kafka_Franz_Die_Verwandlung,41,"Als er dies alles in größter Eile überlegte, ohne sich entschließen zu können, das Bett zu verlassen - gerade schlug der Wecker dreiviertel sieben - klopfte es vorsichtig an die Tür am Kopfende seines Bettes. »Gregor,« rief es - es war die Mutter -, »es ist dreiviertel sieben.",sieben,5901,5907,I-stative_event,O,I-Direct speech,O
metamorphosis,CURATION_USER_Kafka_Franz_Die_Verwandlung,41,"Als er dies alles in größter Eile überlegte, ohne sich entschließen zu können, das Bett zu verlassen - gerade schlug der Wecker dreiviertel sieben - klopfte es vorsichtig an die Tür am Kopfende seines Bettes. »Gregor,« rief es - es war die Mutter -, »es ist dreiviertel sieben.",.,5907,5908,O,O,O,O
metamorphosis,CURATION_USER_Kafka_Franz_Die_Verwandlung,42,Wolltest du nicht wegfahren?,Wolltest,5909,5917,B-non_event,O,B-Direct speech,O
metamorphosis,CURATION_USER_Kafka_Franz_Die_Verwandlung,42,Wolltest du nicht wegfahren?,du,5918,5920,I-non_event,O,I-Direct speech,O
metamorphosis,CURATION_USER_Kafka_Franz_Die_Verwandlung,42,Wolltest du nicht wegfahren?,nicht,5921,5926,I-non_event,O,I-Direct speech,O
metamorphosis,CURATION_USER_Kafka_Franz_Die_Verwandlung,42,Wolltest du nicht wegfahren?,wegfahren,5927,5936,I-non_event,O,I-Direct speech,O
metamorphosis,CURATION_USER_Kafka_Franz_Die_Verwandlung,42,Wolltest du nicht wegfahren?,?,5936,5937,O,O,O,O
metamorphosis,CURATION_USER_Kafka_Franz_Die_Verwandlung,43,« Die sanfte Stimme!,«,5937,5938,O,O,O,O
metamorphosis,CURATION_USER_Kafka_Franz_Die_Verwandlung,43,« Die sanfte Stimme!,Die,5939,5942,B-non_event,O,O,O
metamorphosis,CURATION_USER_Kafka_Franz_Die_Verwandlung,43,« Die sanfte Stimme!,sanfte,5943,5949,I-non_event,O,O,O
metamorphosis,CURATION_USER_Kafka_Franz_Die_Verwandlung,43,« Die sanfte Stimme!,Stimme,5950,5956,I-non_event,O,O,O
metamorphosis,CURATION_USER_Kafka_Franz_Die_Verwandlung,43,« Die sanfte Stimme!,!,5956,5957,O,O,O,O
metamorphosis,CURATION_USER_Kafka_Franz_Die_Verwandlung,44,"Gregor erschrak, als er seine antwortende Stimme hörte, die wohl unverkennbar seine frühere war, in die sich aber, wie von unten her, ein nicht zu unterdrückendes, schmerzliches Piepsen mischte, das die Worte förmlich nur im ersten Augenblick in ihrer Deutlichkeit beließ, um sie im Nachklang derart zu zerstören, daß man nicht wußte, ob man recht gehört hatte.",Gregor,5958,5964,B-process,O,O,O
metamorphosis,CURATION_USER_Kafka_Franz_Die_Verwandlung,44,"Gregor erschrak, als er seine antwortende Stimme hörte, die wohl unverkennbar seine frühere war, in die sich aber, wie von unten her, ein nicht zu unterdrückendes, schmerzliches Piepsen mischte, das die Worte förmlich nur im ersten Augenblick in ihrer Deutlichkeit beließ, um sie im Nachklang derart zu zerstören, daß man nicht wußte, ob man recht gehört hatte.",erschrak,5965,5973,I-process,O,O,O
metamorphosis,CURATION_USER_Kafka_Franz_Die_Verwandlung,44,"Gregor erschrak, als er seine antwortende Stimme hörte, die wohl unverkennbar seine frühere war, in die sich aber, wie von unten her, ein nicht zu unterdrückendes, schmerzliches Piepsen mischte, das die Worte förmlich nur im ersten Augenblick in ihrer Deutlichkeit beließ, um sie im Nachklang derart zu zerstören, daß man nicht wußte, ob man recht gehört hatte.",",",5973,5974,O,O,O,O
metamorphosis,CURATION_USER_Kafka_Franz_Die_Verwandlung,44,"Gregor erschrak, als er seine antwortende Stimme hörte, die wohl unverkennbar seine frühere war, in die sich aber, wie von unten her, ein nicht zu unterdrückendes, schmerzliches Piepsen mischte, das die Worte förmlich nur im ersten Augenblick in ihrer Deutlichkeit beließ, um sie im Nachklang derart zu zerstören, daß man nicht wußte, ob man recht gehört hatte.",als,5975,5978,B-process,O,O,O
metamorphosis,CURATION_USER_Kafka_Franz_Die_Verwandlung,44,"Gregor erschrak, als er seine antwortende Stimme hörte, die wohl unverkennbar seine frühere war, in die sich aber, wie von unten her, ein nicht zu unterdrückendes, schmerzliches Piepsen mischte, das die Worte förmlich nur im ersten Augenblick in ihrer Deutlichkeit beließ, um sie im Nachklang derart zu zerstören, daß man nicht wußte, ob man recht gehört hatte.",er,5979,5981,I-process,O,O,O
metamorphosis,CURATION_USER_Kafka_Franz_Die_Verwandlung,44,"Gregor erschrak, als er seine antwortende Stimme hörte, die wohl unverkennbar seine frühere war, in die sich aber, wie von unten her, ein nicht zu unterdrückendes, schmerzliches Piepsen mischte, das die Worte förmlich nur im ersten Augenblick in ihrer Deutlichkeit beließ, um sie im Nachklang derart zu zerstören, daß man nicht wußte, ob man recht gehört hatte.",seine,5982,5987,I-process,O,O,O
metamorphosis,CURATION_USER_Kafka_Franz_Die_Verwandlung,44,"Gregor erschrak, als er seine antwortende Stimme hörte, die wohl unverkennbar seine frühere war, in die sich aber, wie von unten her, ein nicht zu unterdrückendes, schmerzliches Piepsen mischte, das die Worte förmlich nur im ersten Augenblick in ihrer Deutlichkeit beließ, um sie im Nachklang derart zu zerstören, daß man nicht wußte, ob man recht gehört hatte.",antwortende,5988,5999,I-process,O,O,O
metamorphosis,CURATION_USER_Kafka_Franz_Die_Verwandlung,44,"Gregor erschrak, als er seine antwortende Stimme hörte, die wohl unverkennbar seine frühere war, in die sich aber, wie von unten her, ein nicht zu unterdrückendes, schmerzliches Piepsen mischte, das die Worte förmlich nur im ersten Augenblick in ihrer Deutlichkeit beließ, um sie im Nachklang derart zu zerstören, daß man nicht wußte, ob man recht gehört hatte.",Stimme,6000,6006,I-process,O,O,O
metamorphosis,CURATION_USER_Kafka_Franz_Die_Verwandlung,44,"Gregor erschrak, als er seine antwortende Stimme hörte, die wohl unverkennbar seine frühere war, in die sich aber, wie von unten her, ein nicht zu unterdrückendes, schmerzliches Piepsen mischte, das die Worte förmlich nur im ersten Augenblick in ihrer Deutlichkeit beließ, um sie im Nachklang derart zu zerstören, daß man nicht wußte, ob man recht gehört hatte.",hörte,6007,6012,I-process,O,O,O
metamorphosis,CURATION_USER_Kafka_Franz_Die_Verwandlung,44,"Gregor erschrak, als er seine antwortende Stimme hörte, die wohl unverkennbar seine frühere war, in die sich aber, wie von unten her, ein nicht zu unterdrückendes, schmerzliches Piepsen mischte, das die Worte förmlich nur im ersten Augenblick in ihrer Deutlichkeit beließ, um sie im Nachklang derart zu zerstören, daß man nicht wußte, ob man recht gehört hatte.",",",6012,6013,O,O,O,O
metamorphosis,CURATION_USER_Kafka_Franz_Die_Verwandlung,44,"Gregor erschrak, als er seine antwortende Stimme hörte, die wohl unverkennbar seine frühere war, in die sich aber, wie von unten her, ein nicht zu unterdrückendes, schmerzliches Piepsen mischte, das die Worte förmlich nur im ersten Augenblick in ihrer Deutlichkeit beließ, um sie im Nachklang derart zu zerstören, daß man nicht wußte, ob man recht gehört hatte.",die,6014,6017,B-stative_event,O,O,O
metamorphosis,CURATION_USER_Kafka_Franz_Die_Verwandlung,44,"Gregor erschrak, als er seine antwortende Stimme hörte, die wohl unverkennbar seine frühere war, in die sich aber, wie von unten her, ein nicht zu unterdrückendes, schmerzliches Piepsen mischte, das die Worte förmlich nur im ersten Augenblick in ihrer Deutlichkeit beließ, um sie im Nachklang derart zu zerstören, daß man nicht wußte, ob man recht gehört hatte.",wohl,6018,6022,I-stative_event,O,O,O
metamorphosis,CURATION_USER_Kafka_Franz_Die_Verwandlung,44,"Gregor erschrak, als er seine antwortende Stimme hörte, die wohl unverkennbar seine frühere war, in die sich aber, wie von unten her, ein nicht zu unterdrückendes, schmerzliches Piepsen mischte, das die Worte förmlich nur im ersten Augenblick in ihrer Deutlichkeit beließ, um sie im Nachklang derart zu zerstören, daß man nicht wußte, ob man recht gehört hatte.",unverkennbar,6023,6035,I-stative_event,O,O,O
metamorphosis,CURATION_USER_Kafka_Franz_Die_Verwandlung,44,"Gregor erschrak, als er seine antwortende Stimme hörte, die wohl unverkennbar seine frühere war, in die sich aber, wie von unten her, ein nicht zu unterdrückendes, schmerzliches Piepsen mischte, das die Worte förmlich nur im ersten Augenblick in ihrer Deutlichkeit beließ, um sie im Nachklang derart zu zerstören, daß man nicht wußte, ob man recht gehört hatte.",seine,6036,6041,I-stative_event,O,O,O
metamorphosis,CURATION_USER_Kafka_Franz_Die_Verwandlung,44,"Gregor erschrak, als er seine antwortende Stimme hörte, die wohl unverkennbar seine frühere war, in die sich aber, wie von unten her, ein nicht zu unterdrückendes, schmerzliches Piepsen mischte, das die Worte förmlich nur im ersten Augenblick in ihrer Deutlichkeit beließ, um sie im Nachklang derart zu zerstören, daß man nicht wußte, ob man recht gehört hatte.",frühere,6042,6049,I-stative_event,O,O,O
metamorphosis,CURATION_USER_Kafka_Franz_Die_Verwandlung,44,"Gregor erschrak, als er seine antwortende Stimme hörte, die wohl unverkennbar seine frühere war, in die sich aber, wie von unten her, ein nicht zu unterdrückendes, schmerzliches Piepsen mischte, das die Worte förmlich nur im ersten Augenblick in ihrer Deutlichkeit beließ, um sie im Nachklang derart zu zerstören, daß man nicht wußte, ob man recht gehört hatte.",war,6050,6053,I-stative_event,O,O,O
metamorphosis,CURATION_USER_Kafka_Franz_Die_Verwandlung,44,"Gregor erschrak, als er seine antwortende Stimme hörte, die wohl unverkennbar seine frühere war, in die sich aber, wie von unten her, ein nicht zu unterdrückendes, schmerzliches Piepsen mischte, das die Worte förmlich nur im ersten Augenblick in ihrer Deutlichkeit beließ, um sie im Nachklang derart zu zerstören, daß man nicht wußte, ob man recht gehört hatte.",",",6053,6054,O,O,O,O
metamorphosis,CURATION_USER_Kafka_Franz_Die_Verwandlung,44,"Gregor erschrak, als er seine antwortende Stimme hörte, die wohl unverkennbar seine frühere war, in die sich aber, wie von unten her, ein nicht zu unterdrückendes, schmerzliches Piepsen mischte, das die Worte förmlich nur im ersten Augenblick in ihrer Deutlichkeit beließ, um sie im Nachklang derart zu zerstören, daß man nicht wußte, ob man recht gehört hatte.",in,6055,6057,B-process,O,O,O
metamorphosis,CURATION_USER_Kafka_Franz_Die_Verwandlung,44,"Gregor erschrak, als er seine antwortende Stimme hörte, die wohl unverkennbar seine frühere war, in die sich aber, wie von unten her, ein nicht zu unterdrückendes, schmerzliches Piepsen mischte, das die Worte förmlich nur im ersten Augenblick in ihrer Deutlichkeit beließ, um sie im Nachklang derart zu zerstören, daß man nicht wußte, ob man recht gehört hatte.",die,6058,6061,I-process,O,O,O
metamorphosis,CURATION_USER_Kafka_Franz_Die_Verwandlung,44,"Gregor erschrak, als er seine antwortende Stimme hörte, die wohl unverkennbar seine frühere war, in die sich aber, wie von unten her, ein nicht zu unterdrückendes, schmerzliches Piepsen mischte, das die Worte förmlich nur im ersten Augenblick in ihrer Deutlichkeit beließ, um sie im Nachklang derart zu zerstören, daß man nicht wußte, ob man recht gehört hatte.",sich,6062,6066,I-process,O,O,O
metamorphosis,CURATION_USER_Kafka_Franz_Die_Verwandlung,44,"Gregor erschrak, als er seine antwortende Stimme hörte, die wohl unverkennbar seine frühere war, in die sich aber, wie von unten her, ein nicht zu unterdrückendes, schmerzliches Piepsen mischte, das die Worte förmlich nur im ersten Augenblick in ihrer Deutlichkeit beließ, um sie im Nachklang derart zu zerstören, daß man nicht wußte, ob man recht gehört hatte.",aber,6067,6071,I-process,O,O,O
metamorphosis,CURATION_USER_Kafka_Franz_Die_Verwandlung,44,"Gregor erschrak, als er seine antwortende Stimme hörte, die wohl unverkennbar seine frühere war, in die sich aber, wie von unten her, ein nicht zu unterdrückendes, schmerzliches Piepsen mischte, das die Worte förmlich nur im ersten Augenblick in ihrer Deutlichkeit beließ, um sie im Nachklang derart zu zerstören, daß man nicht wußte, ob man recht gehört hatte.",",",6071,6072,I-process,O,O,O
metamorphosis,CURATION_USER_Kafka_Franz_Die_Verwandlung,44,"Gregor erschrak, als er seine antwortende Stimme hörte, die wohl unverkennbar seine frühere war, in die sich aber, wie von unten her, ein nicht zu unterdrückendes, schmerzliches Piepsen mischte, das die Worte förmlich nur im ersten Augenblick in ihrer Deutlichkeit beließ, um sie im Nachklang derart zu zerstören, daß man nicht wußte, ob man recht gehört hatte.",wie,6073,6076,I-process,O,O,O
metamorphosis,CURATION_USER_Kafka_Franz_Die_Verwandlung,44,"Gregor erschrak, als er seine antwortende Stimme hörte, die wohl unverkennbar seine frühere war, in die sich aber, wie von unten her, ein nicht zu unterdrückendes, schmerzliches Piepsen mischte, das die Worte förmlich nur im ersten Augenblick in ihrer Deutlichkeit beließ, um sie im Nachklang derart zu zerstören, daß man nicht wußte, ob man recht gehört hatte.",von,6077,6080,I-process,O,O,O
metamorphosis,CURATION_USER_Kafka_Franz_Die_Verwandlung,44,"Gregor erschrak, als er seine antwortende Stimme hörte, die wohl unverkennbar seine frühere war, in die sich aber, wie von unten her, ein nicht zu unterdrückendes, schmerzliches Piepsen mischte, das die Worte förmlich nur im ersten Augenblick in ihrer Deutlichkeit beließ, um sie im Nachklang derart zu zerstören, daß man nicht wußte, ob man recht gehört hatte.",unten,6081,6086,I-process,O,O,O
metamorphosis,CURATION_USER_Kafka_Franz_Die_Verwandlung,44,"Gregor erschrak, als er seine antwortende Stimme hörte, die wohl unverkennbar seine frühere war, in die sich aber, wie von unten her, ein nicht zu unterdrückendes, schmerzliches Piepsen mischte, das die Worte förmlich nur im ersten Augenblick in ihrer Deutlichkeit beließ, um sie im Nachklang derart zu zerstören, daß man nicht wußte, ob man recht gehört hatte.",her,6087,6090,I-process,O,O,O
metamorphosis,CURATION_USER_Kafka_Franz_Die_Verwandlung,44,"Gregor erschrak, als er seine antwortende Stimme hörte, die wohl unverkennbar seine frühere war, in die sich aber, wie von unten her, ein nicht zu unterdrückendes, schmerzliches Piepsen mischte, das die Worte förmlich nur im ersten Augenblick in ihrer Deutlichkeit beließ, um sie im Nachklang derart zu zerstören, daß man nicht wußte, ob man recht gehört hatte.",",",6090,6091,I-process,O,O,O
metamorphosis,CURATION_USER_Kafka_Franz_Die_Verwandlung,44,"Gregor erschrak, als er seine antwortende Stimme hörte, die wohl unverkennbar seine frühere war, in die sich aber, wie von unten her, ein nicht zu unterdrückendes, schmerzliches Piepsen mischte, das die Worte förmlich nur im ersten Augenblick in ihrer Deutlichkeit beließ, um sie im Nachklang derart zu zerstören, daß man nicht wußte, ob man recht gehört hatte.",ein,6092,6095,I-process,O,O,O
metamorphosis,CURATION_USER_Kafka_Franz_Die_Verwandlung,44,"Gregor erschrak, als er seine antwortende Stimme hörte, die wohl unverkennbar seine frühere war, in die sich aber, wie von unten her, ein nicht zu unterdrückendes, schmerzliches Piepsen mischte, das die Worte förmlich nur im ersten Augenblick in ihrer Deutlichkeit beließ, um sie im Nachklang derart zu zerstören, daß man nicht wußte, ob man recht gehört hatte.",nicht,6096,6101,I-process,O,O,O
metamorphosis,CURATION_USER_Kafka_Franz_Die_Verwandlung,44,"Gregor erschrak, als er seine antwortende Stimme hörte, die wohl unverkennbar seine frühere war, in die sich aber, wie von unten her, ein nicht zu unterdrückendes, schmerzliches Piepsen mischte, das die Worte förmlich nur im ersten Augenblick in ihrer Deutlichkeit beließ, um sie im Nachklang derart zu zerstören, daß man nicht wußte, ob man recht gehört hatte.",zu,6102,6104,I-process,O,O,O
metamorphosis,CURATION_USER_Kafka_Franz_Die_Verwandlung,44,"Gregor erschrak, als er seine antwortende Stimme hörte, die wohl unverkennbar seine frühere war, in die sich aber, wie von unten her, ein nicht zu unterdrückendes, schmerzliches Piepsen mischte, das die Worte förmlich nur im ersten Augenblick in ihrer Deutlichkeit beließ, um sie im Nachklang derart zu zerstören, daß man nicht wußte, ob man recht gehört hatte.",unterdrückendes,6105,6120,I-process,O,O,O
metamorphosis,CURATION_USER_Kafka_Franz_Die_Verwandlung,44,"Gregor erschrak, als er seine antwortende Stimme hörte, die wohl unverkennbar seine frühere war, in die sich aber, wie von unten her, ein nicht zu unterdrückendes, schmerzliches Piepsen mischte, das die Worte förmlich nur im ersten Augenblick in ihrer Deutlichkeit beließ, um sie im Nachklang derart zu zerstören, daß man nicht wußte, ob man recht gehört hatte.",",",6120,6121,I-process,O,O,O
metamorphosis,CURATION_USER_Kafka_Franz_Die_Verwandlung,44,"Gregor erschrak, als er seine antwortende Stimme hörte, die wohl unverkennbar seine frühere war, in die sich aber, wie von unten her, ein nicht zu unterdrückendes, schmerzliches Piepsen mischte, das die Worte förmlich nur im ersten Augenblick in ihrer Deutlichkeit beließ, um sie im Nachklang derart zu zerstören, daß man nicht wußte, ob man recht gehört hatte.",schmerzliches,6122,6135,I-process,O,O,O
metamorphosis,CURATION_USER_Kafka_Franz_Die_Verwandlung,44,"Gregor erschrak, als er seine antwortende Stimme hörte, die wohl unverkennbar seine frühere war, in die sich aber, wie von unten her, ein nicht zu unterdrückendes, schmerzliches Piepsen mischte, das die Worte förmlich nur im ersten Augenblick in ihrer Deutlichkeit beließ, um sie im Nachklang derart zu zerstören, daß man nicht wußte, ob man recht gehört hatte.",Piepsen,6136,6143,I-process,O,O,O
metamorphosis,CURATION_USER_Kafka_Franz_Die_Verwandlung,44,"Gregor erschrak, als er seine antwortende Stimme hörte, die wohl unverkennbar seine frühere war, in die sich aber, wie von unten her, ein nicht zu unterdrückendes, schmerzliches Piepsen mischte, das die Worte förmlich nur im ersten Augenblick in ihrer Deutlichkeit beließ, um sie im Nachklang derart zu zerstören, daß man nicht wußte, ob man recht gehört hatte.",mischte,6144,6151,I-process,O,O,O
metamorphosis,CURATION_USER_Kafka_Franz_Die_Verwandlung,44,"Gregor erschrak, als er seine antwortende Stimme hörte, die wohl unverkennbar seine frühere war, in die sich aber, wie von unten her, ein nicht zu unterdrückendes, schmerzliches Piepsen mischte, das die Worte förmlich nur im ersten Augenblick in ihrer Deutlichkeit beließ, um sie im Nachklang derart zu zerstören, daß man nicht wußte, ob man recht gehört hatte.",",",6151,6152,O,O,O,O
metamorphosis,CURATION_USER_Kafka_Franz_Die_Verwandlung,44,"Gregor erschrak, als er seine antwortende Stimme hörte, die wohl unverkennbar seine frühere war, in die sich aber, wie von unten her, ein nicht zu unterdrückendes, schmerzliches Piepsen mischte, das die Worte förmlich nur im ersten Augenblick in ihrer Deutlichkeit beließ, um sie im Nachklang derart zu zerstören, daß man nicht wußte, ob man recht gehört hatte.",das,6153,6156,B-process,O,O,O
metamorphosis,CURATION_USER_Kafka_Franz_Die_Verwandlung,44,"Gregor erschrak, als er seine antwortende Stimme hörte, die wohl unverkennbar seine frühere war, in die sich aber, wie von unten her, ein nicht zu unterdrückendes, schmerzliches Piepsen mischte, das die Worte förmlich nur im ersten Augenblick in ihrer Deutlichkeit beließ, um sie im Nachklang derart zu zerstören, daß man nicht wußte, ob man recht gehört hatte.",die,6157,6160,I-process,O,O,O
metamorphosis,CURATION_USER_Kafka_Franz_Die_Verwandlung,44,"Gregor erschrak, als er seine antwortende Stimme hörte, die wohl unverkennbar seine frühere war, in die sich aber, wie von unten her, ein nicht zu unterdrückendes, schmerzliches Piepsen mischte, das die Worte förmlich nur im ersten Augenblick in ihrer Deutlichkeit beließ, um sie im Nachklang derart zu zerstören, daß man nicht wußte, ob man recht gehört hatte.",Worte,6161,6166,I-process,O,O,O
metamorphosis,CURATION_USER_Kafka_Franz_Die_Verwandlung,44,"Gregor erschrak, als er seine antwortende Stimme hörte, die wohl unverkennbar seine frühere war, in die sich aber, wie von unten her, ein nicht zu unterdrückendes, schmerzliches Piepsen mischte, das die Worte förmlich nur im ersten Augenblick in ihrer Deutlichkeit beließ, um sie im Nachklang derart zu zerstören, daß man nicht wußte, ob man recht gehört hatte.",förmlich,6167,6175,I-process,O,O,O
metamorphosis,CURATION_USER_Kafka_Franz_Die_Verwandlung,44,"Gregor erschrak, als er seine antwortende Stimme hörte, die wohl unverkennbar seine frühere war, in die sich aber, wie von unten her, ein nicht zu unterdrückendes, schmerzliches Piepsen mischte, das die Worte förmlich nur im ersten Augenblick in ihrer Deutlichkeit beließ, um sie im Nachklang derart zu zerstören, daß man nicht wußte, ob man recht gehört hatte.",nur,6176,6179,I-process,O,O,O
metamorphosis,CURATION_USER_Kafka_Franz_Die_Verwandlung,44,"Gregor erschrak, als er seine antwortende Stimme hörte, die wohl unverkennbar seine frühere war, in die sich aber, wie von unten her, ein nicht zu unterdrückendes, schmerzliches Piepsen mischte, das die Worte förmlich nur im ersten Augenblick in ihrer Deutlichkeit beließ, um sie im Nachklang derart zu zerstören, daß man nicht wußte, ob man recht gehört hatte.",im,6180,6182,I-process,O,O,O
metamorphosis,CURATION_USER_Kafka_Franz_Die_Verwandlung,44,"Gregor erschrak, als er seine antwortende Stimme hörte, die wohl unverkennbar seine frühere war, in die sich aber, wie von unten her, ein nicht zu unterdrückendes, schmerzliches Piepsen mischte, das die Worte förmlich nur im ersten Augenblick in ihrer Deutlichkeit beließ, um sie im Nachklang derart zu zerstören, daß man nicht wußte, ob man recht gehört hatte.",ersten,6183,6189,I-process,O,O,O
metamorphosis,CURATION_USER_Kafka_Franz_Die_Verwandlung,44,"Gregor erschrak, als er seine antwortende Stimme hörte, die wohl unverkennbar seine frühere war, in die sich aber, wie von unten her, ein nicht zu unterdrückendes, schmerzliches Piepsen mischte, das die Worte förmlich nur im ersten Augenblick in ihrer Deutlichkeit beließ, um sie im Nachklang derart zu zerstören, daß man nicht wußte, ob man recht gehört hatte.",Augenblick,6190,6200,I-process,O,O,O
metamorphosis,CURATION_USER_Kafka_Franz_Die_Verwandlung,44,"Gregor erschrak, als er seine antwortende Stimme hörte, die wohl unverkennbar seine frühere war, in die sich aber, wie von unten her, ein nicht zu unterdrückendes, schmerzliches Piepsen mischte, das die Worte förmlich nur im ersten Augenblick in ihrer Deutlichkeit beließ, um sie im Nachklang derart zu zerstören, daß man nicht wußte, ob man recht gehört hatte.",in,6201,6203,I-process,O,O,O
metamorphosis,CURATION_USER_Kafka_Franz_Die_Verwandlung,44,"Gregor erschrak, als er seine antwortende Stimme hörte, die wohl unverkennbar seine frühere war, in die sich aber, wie von unten her, ein nicht zu unterdrückendes, schmerzliches Piepsen mischte, das die Worte förmlich nur im ersten Augenblick in ihrer Deutlichkeit beließ, um sie im Nachklang derart zu zerstören, daß man nicht wußte, ob man recht gehört hatte.",ihrer,6204,6209,I-process,O,O,O
metamorphosis,CURATION_USER_Kafka_Franz_Die_Verwandlung,44,"Gregor erschrak, als er seine antwortende Stimme hörte, die wohl unverkennbar seine frühere war, in die sich aber, wie von unten her, ein nicht zu unterdrückendes, schmerzliches Piepsen mischte, das die Worte förmlich nur im ersten Augenblick in ihrer Deutlichkeit beließ, um sie im Nachklang derart zu zerstören, daß man nicht wußte, ob man recht gehört hatte.",Deutlichkeit,6210,6222,I-process,O,O,O
metamorphosis,CURATION_USER_Kafka_Franz_Die_Verwandlung,44,"Gregor erschrak, als er seine antwortende Stimme hörte, die wohl unverkennbar seine frühere war, in die sich aber, wie von unten her, ein nicht zu unterdrückendes, schmerzliches Piepsen mischte, das die Worte förmlich nur im ersten Augenblick in ihrer Deutlichkeit beließ, um sie im Nachklang derart zu zerstören, daß man nicht wußte, ob man recht gehört hatte.",beließ,6223,6229,I-process,O,O,O
metamorphosis,CURATION_USER_Kafka_Franz_Die_Verwandlung,44,"Gregor erschrak, als er seine antwortende Stimme hörte, die wohl unverkennbar seine frühere war, in die sich aber, wie von unten her, ein nicht zu unterdrückendes, schmerzliches Piepsen mischte, das die Worte förmlich nur im ersten Augenblick in ihrer Deutlichkeit beließ, um sie im Nachklang derart zu zerstören, daß man nicht wußte, ob man recht gehört hatte.",",",6229,6230,I-process,O,O,O
metamorphosis,CURATION_USER_Kafka_Franz_Die_Verwandlung,44,"Gregor erschrak, als er seine antwortende Stimme hörte, die wohl unverkennbar seine frühere war, in die sich aber, wie von unten her, ein nicht zu unterdrückendes, schmerzliches Piepsen mischte, das die Worte förmlich nur im ersten Augenblick in ihrer Deutlichkeit beließ, um sie im Nachklang derart zu zerstören, daß man nicht wußte, ob man recht gehört hatte.",um,6231,6233,I-process,O,O,O
metamorphosis,CURATION_USER_Kafka_Franz_Die_Verwandlung,44,"Gregor erschrak, als er seine antwortende Stimme hörte, die wohl unverkennbar seine frühere war, in die sich aber, wie von unten her, ein nicht zu unterdrückendes, schmerzliches Piepsen mischte, das die Worte förmlich nur im ersten Augenblick in ihrer Deutlichkeit beließ, um sie im Nachklang derart zu zerstören, daß man nicht wußte, ob man recht gehört hatte.",sie,6234,6237,I-process,O,O,O
metamorphosis,CURATION_USER_Kafka_Franz_Die_Verwandlung,44,"Gregor erschrak, als er seine antwortende Stimme hörte, die wohl unverkennbar seine frühere war, in die sich aber, wie von unten her, ein nicht zu unterdrückendes, schmerzliches Piepsen mischte, das die Worte förmlich nur im ersten Augenblick in ihrer Deutlichkeit beließ, um sie im Nachklang derart zu zerstören, daß man nicht wußte, ob man recht gehört hatte.",im,6238,6240,I-process,O,O,O
metamorphosis,CURATION_USER_Kafka_Franz_Die_Verwandlung,44,"Gregor erschrak, als er seine antwortende Stimme hörte, die wohl unverkennbar seine frühere war, in die sich aber, wie von unten her, ein nicht zu unterdrückendes, schmerzliches Piepsen mischte, das die Worte förmlich nur im ersten Augenblick in ihrer Deutlichkeit beließ, um sie im Nachklang derart zu zerstören, daß man nicht wußte, ob man recht gehört hatte.",Nachklang,6241,6250,I-process,O,O,O
metamorphosis,CURATION_USER_Kafka_Franz_Die_Verwandlung,44,"Gregor erschrak, als er seine antwortende Stimme hörte, die wohl unverkennbar seine frühere war, in die sich aber, wie von unten her, ein nicht zu unterdrückendes, schmerzliches Piepsen mischte, das die Worte förmlich nur im ersten Augenblick in ihrer Deutlichkeit beließ, um sie im Nachklang derart zu zerstören, daß man nicht wußte, ob man recht gehört hatte.",derart,6251,6257,I-process,O,O,O
metamorphosis,CURATION_USER_Kafka_Franz_Die_Verwandlung,44,"Gregor erschrak, als er seine antwortende Stimme hörte, die wohl unverkennbar seine frühere war, in die sich aber, wie von unten her, ein nicht zu unterdrückendes, schmerzliches Piepsen mischte, das die Worte förmlich nur im ersten Augenblick in ihrer Deutlichkeit beließ, um sie im Nachklang derart zu zerstören, daß man nicht wußte, ob man recht gehört hatte.",zu,6258,6260,I-process,O,O,O
metamorphosis,CURATION_USER_Kafka_Franz_Die_Verwandlung,44,"Gregor erschrak, als er seine antwortende Stimme hörte, die wohl unverkennbar seine frühere war, in die sich aber, wie von unten her, ein nicht zu unterdrückendes, schmerzliches Piepsen mischte, das die Worte förmlich nur im ersten Augenblick in ihrer Deutlichkeit beließ, um sie im Nachklang derart zu zerstören, daß man nicht wußte, ob man recht gehört hatte.",zerstören,6261,6270,I-process,O,O,O
metamorphosis,CURATION_USER_Kafka_Franz_Die_Verwandlung,44,"Gregor erschrak, als er seine antwortende Stimme hörte, die wohl unverkennbar seine frühere war, in die sich aber, wie von unten her, ein nicht zu unterdrückendes, schmerzliches Piepsen mischte, das die Worte förmlich nur im ersten Augenblick in ihrer Deutlichkeit beließ, um sie im Nachklang derart zu zerstören, daß man nicht wußte, ob man recht gehört hatte.",",",6270,6271,O,O,O,O
metamorphosis,CURATION_USER_Kafka_Franz_Die_Verwandlung,44,"Gregor erschrak, als er seine antwortende Stimme hörte, die wohl unverkennbar seine frühere war, in die sich aber, wie von unten her, ein nicht zu unterdrückendes, schmerzliches Piepsen mischte, das die Worte förmlich nur im ersten Augenblick in ihrer Deutlichkeit beließ, um sie im Nachklang derart zu zerstören, daß man nicht wußte, ob man recht gehört hatte.",daß,6272,6275,B-non_event,O,O,O
metamorphosis,CURATION_USER_Kafka_Franz_Die_Verwandlung,44,"Gregor erschrak, als er seine antwortende Stimme hörte, die wohl unverkennbar seine frühere war, in die sich aber, wie von unten her, ein nicht zu unterdrückendes, schmerzliches Piepsen mischte, das die Worte förmlich nur im ersten Augenblick in ihrer Deutlichkeit beließ, um sie im Nachklang derart zu zerstören, daß man nicht wußte, ob man recht gehört hatte.",man,6276,6279,I-non_event,O,O,O
metamorphosis,CURATION_USER_Kafka_Franz_Die_Verwandlung,44,"Gregor erschrak, als er seine antwortende Stimme hörte, die wohl unverkennbar seine frühere war, in die sich aber, wie von unten her, ein nicht zu unterdrückendes, schmerzliches Piepsen mischte, das die Worte förmlich nur im ersten Augenblick in ihrer Deutlichkeit beließ, um sie im Nachklang derart zu zerstören, daß man nicht wußte, ob man recht gehört hatte.",nicht,6280,6285,I-non_event,O,O,O
metamorphosis,CURATION_USER_Kafka_Franz_Die_Verwandlung,44,"Gregor erschrak, als er seine antwortende Stimme hörte, die wohl unverkennbar seine frühere war, in die sich aber, wie von unten her, ein nicht zu unterdrückendes, schmerzliches Piepsen mischte, das die Worte förmlich nur im ersten Augenblick in ihrer Deutlichkeit beließ, um sie im Nachklang derart zu zerstören, daß man nicht wußte, ob man recht gehört hatte.",wußte,6286,6291,I-non_event,O,O,O
metamorphosis,CURATION_USER_Kafka_Franz_Die_Verwandlung,44,"Gregor erschrak, als er seine antwortende Stimme hörte, die wohl unverkennbar seine frühere war, in die sich aber, wie von unten her, ein nicht zu unterdrückendes, schmerzliches Piepsen mischte, das die Worte förmlich nur im ersten Augenblick in ihrer Deutlichkeit beließ, um sie im Nachklang derart zu zerstören, daß man nicht wußte, ob man recht gehört hatte.",",",6291,6292,O,O,O,O
metamorphosis,CURATION_USER_Kafka_Franz_Die_Verwandlung,44,"Gregor erschrak, als er seine antwortende Stimme hörte, die wohl unverkennbar seine frühere war, in die sich aber, wie von unten her, ein nicht zu unterdrückendes, schmerzliches Piepsen mischte, das die Worte förmlich nur im ersten Augenblick in ihrer Deutlichkeit beließ, um sie im Nachklang derart zu zerstören, daß man nicht wußte, ob man recht gehört hatte.",ob,6293,6295,B-non_event,O,O,O
metamorphosis,CURATION_USER_Kafka_Franz_Die_Verwandlung,44,"Gregor erschrak, als er seine antwortende Stimme hörte, die wohl unverkennbar seine frühere war, in die sich aber, wie von unten her, ein nicht zu unterdrückendes, schmerzliches Piepsen mischte, das die Worte förmlich nur im ersten Augenblick in ihrer Deutlichkeit beließ, um sie im Nachklang derart zu zerstören, daß man nicht wußte, ob man recht gehört hatte.",man,6296,6299,I-non_event,O,O,O
metamorphosis,CURATION_USER_Kafka_Franz_Die_Verwandlung,44,"Gregor erschrak, als er seine antwortende Stimme hörte, die wohl unverkennbar seine frühere war, in die sich aber, wie von unten her, ein nicht zu unterdrückendes, schmerzliches Piepsen mischte, das die Worte förmlich nur im ersten Augenblick in ihrer Deutlichkeit beließ, um sie im Nachklang derart zu zerstören, daß man nicht wußte, ob man recht gehört hatte.",recht,6300,6305,I-non_event,O,O,O
metamorphosis,CURATION_USER_Kafka_Franz_Die_Verwandlung,44,"Gregor erschrak, als er seine antwortende Stimme hörte, die wohl unverkennbar seine frühere war, in die sich aber, wie von unten her, ein nicht zu unterdrückendes, schmerzliches Piepsen mischte, das die Worte förmlich nur im ersten Augenblick in ihrer Deutlichkeit beließ, um sie im Nachklang derart zu zerstören, daß man nicht wußte, ob man recht gehört hatte.",gehört,6306,6312,I-non_event,O,O,O
metamorphosis,CURATION_USER_Kafka_Franz_Die_Verwandlung,44,"Gregor erschrak, als er seine antwortende Stimme hörte, die wohl unverkennbar seine frühere war, in die sich aber, wie von unten her, ein nicht zu unterdrückendes, schmerzliches Piepsen mischte, das die Worte förmlich nur im ersten Augenblick in ihrer Deutlichkeit beließ, um sie im Nachklang derart zu zerstören, daß man nicht wußte, ob man recht gehört hatte.",hatte,6313,6318,I-non_event,O,O,O
metamorphosis,CURATION_USER_Kafka_Franz_Die_Verwandlung,44,"Gregor erschrak, als er seine antwortende Stimme hörte, die wohl unverkennbar seine frühere war, in die sich aber, wie von unten her, ein nicht zu unterdrückendes, schmerzliches Piepsen mischte, das die Worte förmlich nur im ersten Augenblick in ihrer Deutlichkeit beließ, um sie im Nachklang derart zu zerstören, daß man nicht wußte, ob man recht gehört hatte.",.,6318,6319,O,O,O,O
metamorphosis,CURATION_USER_Kafka_Franz_Die_Verwandlung,45,"Gregor hatte ausführlich antworten und alles erklären wollen, beschränkte sich aber bei diesen Umständen darauf, zu sagen: »Ja, ja, danke Mutter, ich stehe schon auf.« Infolge der Holztür war die Veränderung in Gregors Stimme draußen wohl nicht zu merken, denn die Mutter beruhigte sich mit dieser Erklärung und schlürfte davon.",Gregor,6320,6326,B-stative_event,O,O,O
metamorphosis,CURATION_USER_Kafka_Franz_Die_Verwandlung,45,"Gregor hatte ausführlich antworten und alles erklären wollen, beschränkte sich aber bei diesen Umständen darauf, zu sagen: »Ja, ja, danke Mutter, ich stehe schon auf.« Infolge der Holztür war die Veränderung in Gregors Stimme draußen wohl nicht zu merken, denn die Mutter beruhigte sich mit dieser Erklärung und schlürfte davon.",hatte,6327,6332,I-stative_event,O,O,O
metamorphosis,CURATION_USER_Kafka_Franz_Die_Verwandlung,45,"Gregor hatte ausführlich antworten und alles erklären wollen, beschränkte sich aber bei diesen Umständen darauf, zu sagen: »Ja, ja, danke Mutter, ich stehe schon auf.« Infolge der Holztür war die Veränderung in Gregors Stimme draußen wohl nicht zu merken, denn die Mutter beruhigte sich mit dieser Erklärung und schlürfte davon.",ausführlich,6333,6344,I-stative_event,O,O,O
metamorphosis,CURATION_USER_Kafka_Franz_Die_Verwandlung,45,"Gregor hatte ausführlich antworten und alles erklären wollen, beschränkte sich aber bei diesen Umständen darauf, zu sagen: »Ja, ja, danke Mutter, ich stehe schon auf.« Infolge der Holztür war die Veränderung in Gregors Stimme draußen wohl nicht zu merken, denn die Mutter beruhigte sich mit dieser Erklärung und schlürfte davon.",antworten,6345,6354,I-stative_event,O,O,O
metamorphosis,CURATION_USER_Kafka_Franz_Die_Verwandlung,45,"Gregor hatte ausführlich antworten und alles erklären wollen, beschränkte sich aber bei diesen Umständen darauf, zu sagen: »Ja, ja, danke Mutter, ich stehe schon auf.« Infolge der Holztür war die Veränderung in Gregors Stimme draußen wohl nicht zu merken, denn die Mutter beruhigte sich mit dieser Erklärung und schlürfte davon.",und,6355,6358,I-stative_event,O,O,O
metamorphosis,CURATION_USER_Kafka_Franz_Die_Verwandlung,45,"Gregor hatte ausführlich antworten und alles erklären wollen, beschränkte sich aber bei diesen Umständen darauf, zu sagen: »Ja, ja, danke Mutter, ich stehe schon auf.« Infolge der Holztür war die Veränderung in Gregors Stimme draußen wohl nicht zu merken, denn die Mutter beruhigte sich mit dieser Erklärung und schlürfte davon.",alles,6359,6364,I-stative_event,O,O,O
metamorphosis,CURATION_USER_Kafka_Franz_Die_Verwandlung,45,"Gregor hatte ausführlich antworten und alles erklären wollen, beschränkte sich aber bei diesen Umständen darauf, zu sagen: »Ja, ja, danke Mutter, ich stehe schon auf.« Infolge der Holztür war die Veränderung in Gregors Stimme draußen wohl nicht zu merken, denn die Mutter beruhigte sich mit dieser Erklärung und schlürfte davon.",erklären,6365,6373,I-stative_event,O,O,O
metamorphosis,CURATION_USER_Kafka_Franz_Die_Verwandlung,45,"Gregor hatte ausführlich antworten und alles erklären wollen, beschränkte sich aber bei diesen Umständen darauf, zu sagen: »Ja, ja, danke Mutter, ich stehe schon auf.« Infolge der Holztür war die Veränderung in Gregors Stimme draußen wohl nicht zu merken, denn die Mutter beruhigte sich mit dieser Erklärung und schlürfte davon.",wollen,6374,6380,I-stative_event,O,O,O
metamorphosis,CURATION_USER_Kafka_Franz_Die_Verwandlung,45,"Gregor hatte ausführlich antworten und alles erklären wollen, beschränkte sich aber bei diesen Umständen darauf, zu sagen: »Ja, ja, danke Mutter, ich stehe schon auf.« Infolge der Holztür war die Veränderung in Gregors Stimme draußen wohl nicht zu merken, denn die Mutter beruhigte sich mit dieser Erklärung und schlürfte davon.",",",6380,6381,O,O,O,O
metamorphosis,CURATION_USER_Kafka_Franz_Die_Verwandlung,45,"Gregor hatte ausführlich antworten und alles erklären wollen, beschränkte sich aber bei diesen Umständen darauf, zu sagen: »Ja, ja, danke Mutter, ich stehe schon auf.« Infolge der Holztür war die Veränderung in Gregors Stimme draußen wohl nicht zu merken, denn die Mutter beruhigte sich mit dieser Erklärung und schlürfte davon.",beschränkte,6382,6393,B-process,O,O,O
metamorphosis,CURATION_USER_Kafka_Franz_Die_Verwandlung,45,"Gregor hatte ausführlich antworten und alles erklären wollen, beschränkte sich aber bei diesen Umständen darauf, zu sagen: »Ja, ja, danke Mutter, ich stehe schon auf.« Infolge der Holztür war die Veränderung in Gregors Stimme draußen wohl nicht zu merken, denn die Mutter beruhigte sich mit dieser Erklärung und schlürfte davon.",sich,6394,6398,I-process,O,O,O
metamorphosis,CURATION_USER_Kafka_Franz_Die_Verwandlung,45,"Gregor hatte ausführlich antworten und alles erklären wollen, beschränkte sich aber bei diesen Umständen darauf, zu sagen: »Ja, ja, danke Mutter, ich stehe schon auf.« Infolge der Holztür war die Veränderung in Gregors Stimme draußen wohl nicht zu merken, denn die Mutter beruhigte sich mit dieser Erklärung und schlürfte davon.",aber,6399,6403,I-process,O,O,O
metamorphosis,CURATION_USER_Kafka_Franz_Die_Verwandlung,45,"Gregor hatte ausführlich antworten und alles erklären wollen, beschränkte sich aber bei diesen Umständen darauf, zu sagen: »Ja, ja, danke Mutter, ich stehe schon auf.« Infolge der Holztür war die Veränderung in Gregors Stimme draußen wohl nicht zu merken, denn die Mutter beruhigte sich mit dieser Erklärung und schlürfte davon.",bei,6404,6407,I-process,O,O,O
metamorphosis,CURATION_USER_Kafka_Franz_Die_Verwandlung,45,"Gregor hatte ausführlich antworten und alles erklären wollen, beschränkte sich aber bei diesen Umständen darauf, zu sagen: »Ja, ja, danke Mutter, ich stehe schon auf.« Infolge der Holztür war die Veränderung in Gregors Stimme draußen wohl nicht zu merken, denn die Mutter beruhigte sich mit dieser Erklärung und schlürfte davon.",diesen,6408,6414,I-process,O,O,O
metamorphosis,CURATION_USER_Kafka_Franz_Die_Verwandlung,45,"Gregor hatte ausführlich antworten und alles erklären wollen, beschränkte sich aber bei diesen Umständen darauf, zu sagen: »Ja, ja, danke Mutter, ich stehe schon auf.« Infolge der Holztür war die Veränderung in Gregors Stimme draußen wohl nicht zu merken, denn die Mutter beruhigte sich mit dieser Erklärung und schlürfte davon.",Umständen,6415,6424,I-process,O,O,O
metamorphosis,CURATION_USER_Kafka_Franz_Die_Verwandlung,45,"Gregor hatte ausführlich antworten und alles erklären wollen, beschränkte sich aber bei diesen Umständen darauf, zu sagen: »Ja, ja, danke Mutter, ich stehe schon auf.« Infolge der Holztür war die Veränderung in Gregors Stimme draußen wohl nicht zu merken, denn die Mutter beruhigte sich mit dieser Erklärung und schlürfte davon.",darauf,6425,6431,I-process,O,O,O
metamorphosis,CURATION_USER_Kafka_Franz_Die_Verwandlung,45,"Gregor hatte ausführlich antworten und alles erklären wollen, beschränkte sich aber bei diesen Umständen darauf, zu sagen: »Ja, ja, danke Mutter, ich stehe schon auf.« Infolge der Holztür war die Veränderung in Gregors Stimme draußen wohl nicht zu merken, denn die Mutter beruhigte sich mit dieser Erklärung und schlürfte davon.",",",6431,6432,I-process,O,O,O
metamorphosis,CURATION_USER_Kafka_Franz_Die_Verwandlung,45,"Gregor hatte ausführlich antworten und alles erklären wollen, beschränkte sich aber bei diesen Umständen darauf, zu sagen: »Ja, ja, danke Mutter, ich stehe schon auf.« Infolge der Holztür war die Veränderung in Gregors Stimme draußen wohl nicht zu merken, denn die Mutter beruhigte sich mit dieser Erklärung und schlürfte davon.",zu,6433,6435,I-process,O,O,O
metamorphosis,CURATION_USER_Kafka_Franz_Die_Verwandlung,45,"Gregor hatte ausführlich antworten und alles erklären wollen, beschränkte sich aber bei diesen Umständen darauf, zu sagen: »Ja, ja, danke Mutter, ich stehe schon auf.« Infolge der Holztür war die Veränderung in Gregors Stimme draußen wohl nicht zu merken, denn die Mutter beruhigte sich mit dieser Erklärung und schlürfte davon.",sagen,6436,6441,I-process,O,O,O
metamorphosis,CURATION_USER_Kafka_Franz_Die_Verwandlung,45,"Gregor hatte ausführlich antworten und alles erklären wollen, beschränkte sich aber bei diesen Umständen darauf, zu sagen: »Ja, ja, danke Mutter, ich stehe schon auf.« Infolge der Holztür war die Veränderung in Gregors Stimme draußen wohl nicht zu merken, denn die Mutter beruhigte sich mit dieser Erklärung und schlürfte davon.",:,6441,6442,O,O,O,O
metamorphosis,CURATION_USER_Kafka_Franz_Die_Verwandlung,45,"Gregor hatte ausführlich antworten und alles erklären wollen, beschränkte sich aber bei diesen Umständen darauf, zu sagen: »Ja, ja, danke Mutter, ich stehe schon auf.« Infolge der Holztür war die Veränderung in Gregors Stimme draußen wohl nicht zu merken, denn die Mutter beruhigte sich mit dieser Erklärung und schlürfte davon.",»,6443,6444,O,O,O,O
metamorphosis,CURATION_USER_Kafka_Franz_Die_Verwandlung,45,"Gregor hatte ausführlich antworten und alles erklären wollen, beschränkte sich aber bei diesen Umständen darauf, zu sagen: »Ja, ja, danke Mutter, ich stehe schon auf.« Infolge der Holztür war die Veränderung in Gregors Stimme draußen wohl nicht zu merken, denn die Mutter beruhigte sich mit dieser Erklärung und schlürfte davon.",Ja,6444,6446,B-non_event,O,B-Direct speech,O
metamorphosis,CURATION_USER_Kafka_Franz_Die_Verwandlung,45,"Gregor hatte ausführlich antworten und alles erklären wollen, beschränkte sich aber bei diesen Umständen darauf, zu sagen: »Ja, ja, danke Mutter, ich stehe schon auf.« Infolge der Holztür war die Veränderung in Gregors Stimme draußen wohl nicht zu merken, denn die Mutter beruhigte sich mit dieser Erklärung und schlürfte davon.",",",6446,6447,I-non_event,O,I-Direct speech,O
metamorphosis,CURATION_USER_Kafka_Franz_Die_Verwandlung,45,"Gregor hatte ausführlich antworten und alles erklären wollen, beschränkte sich aber bei diesen Umständen darauf, zu sagen: »Ja, ja, danke Mutter, ich stehe schon auf.« Infolge der Holztür war die Veränderung in Gregors Stimme draußen wohl nicht zu merken, denn die Mutter beruhigte sich mit dieser Erklärung und schlürfte davon.",ja,6448,6450,I-non_event,O,I-Direct speech,O
metamorphosis,CURATION_USER_Kafka_Franz_Die_Verwandlung,45,"Gregor hatte ausführlich antworten und alles erklären wollen, beschränkte sich aber bei diesen Umständen darauf, zu sagen: »Ja, ja, danke Mutter, ich stehe schon auf.« Infolge der Holztür war die Veränderung in Gregors Stimme draußen wohl nicht zu merken, denn die Mutter beruhigte sich mit dieser Erklärung und schlürfte davon.",",",6450,6451,I-non_event,O,I-Direct speech,O
metamorphosis,CURATION_USER_Kafka_Franz_Die_Verwandlung,45,"Gregor hatte ausführlich antworten und alles erklären wollen, beschränkte sich aber bei diesen Umständen darauf, zu sagen: »Ja, ja, danke Mutter, ich stehe schon auf.« Infolge der Holztür war die Veränderung in Gregors Stimme draußen wohl nicht zu merken, denn die Mutter beruhigte sich mit dieser Erklärung und schlürfte davon.",danke,6452,6457,I-non_event,O,I-Direct speech,O
metamorphosis,CURATION_USER_Kafka_Franz_Die_Verwandlung,45,"Gregor hatte ausführlich antworten und alles erklären wollen, beschränkte sich aber bei diesen Umständen darauf, zu sagen: »Ja, ja, danke Mutter, ich stehe schon auf.« Infolge der Holztür war die Veränderung in Gregors Stimme draußen wohl nicht zu merken, denn die Mutter beruhigte sich mit dieser Erklärung und schlürfte davon.",Mutter,6458,6464,I-non_event,O,I-Direct speech,O
metamorphosis,CURATION_USER_Kafka_Franz_Die_Verwandlung,45,"Gregor hatte ausführlich antworten und alles erklären wollen, beschränkte sich aber bei diesen Umständen darauf, zu sagen: »Ja, ja, danke Mutter, ich stehe schon auf.« Infolge der Holztür war die Veränderung in Gregors Stimme draußen wohl nicht zu merken, denn die Mutter beruhigte sich mit dieser Erklärung und schlürfte davon.",",",6464,6465,O,O,O,O
metamorphosis,CURATION_USER_Kafka_Franz_Die_Verwandlung,45,"Gregor hatte ausführlich antworten und alles erklären wollen, beschränkte sich aber bei diesen Umständen darauf, zu sagen: »Ja, ja, danke Mutter, ich stehe schon auf.« Infolge der Holztür war die Veränderung in Gregors Stimme draußen wohl nicht zu merken, denn die Mutter beruhigte sich mit dieser Erklärung und schlürfte davon.",ich,6466,6469,B-process,O,B-Direct speech,O
metamorphosis,CURATION_USER_Kafka_Franz_Die_Verwandlung,45,"Gregor hatte ausführlich antworten und alles erklären wollen, beschränkte sich aber bei diesen Umständen darauf, zu sagen: »Ja, ja, danke Mutter, ich stehe schon auf.« Infolge der Holztür war die Veränderung in Gregors Stimme draußen wohl nicht zu merken, denn die Mutter beruhigte sich mit dieser Erklärung und schlürfte davon.",stehe,6470,6475,I-process,O,I-Direct speech,O
metamorphosis,CURATION_USER_Kafka_Franz_Die_Verwandlung,45,"Gregor hatte ausführlich antworten und alles erklären wollen, beschränkte sich aber bei diesen Umständen darauf, zu sagen: »Ja, ja, danke Mutter, ich stehe schon auf.« Infolge der Holztür war die Veränderung in Gregors Stimme draußen wohl nicht zu merken, denn die Mutter beruhigte sich mit dieser Erklärung und schlürfte davon.",schon,6476,6481,I-process,O,I-Direct speech,O
metamorphosis,CURATION_USER_Kafka_Franz_Die_Verwandlung,45,"Gregor hatte ausführlich antworten und alles erklären wollen, beschränkte sich aber bei diesen Umständen darauf, zu sagen: »Ja, ja, danke Mutter, ich stehe schon auf.« Infolge der Holztür war die Veränderung in Gregors Stimme draußen wohl nicht zu merken, denn die Mutter beruhigte sich mit dieser Erklärung und schlürfte davon.",auf,6482,6485,I-process,O,I-Direct speech,O
metamorphosis,CURATION_USER_Kafka_Franz_Die_Verwandlung,45,"Gregor hatte ausführlich antworten und alles erklären wollen, beschränkte sich aber bei diesen Umständen darauf, zu sagen: »Ja, ja, danke Mutter, ich stehe schon auf.« Infolge der Holztür war die Veränderung in Gregors Stimme draußen wohl nicht zu merken, denn die Mutter beruhigte sich mit dieser Erklärung und schlürfte davon.",.,6485,6486,O,O,O,O
metamorphosis,CURATION_USER_Kafka_Franz_Die_Verwandlung,45,"Gregor hatte ausführlich antworten und alles erklären wollen, beschränkte sich aber bei diesen Umständen darauf, zu sagen: »Ja, ja, danke Mutter, ich stehe schon auf.« Infolge der Holztür war die Veränderung in Gregors Stimme draußen wohl nicht zu merken, denn die Mutter beruhigte sich mit dieser Erklärung und schlürfte davon.",«,6486,6487,O,O,O,O
metamorphosis,CURATION_USER_Kafka_Franz_Die_Verwandlung,45,"Gregor hatte ausführlich antworten und alles erklären wollen, beschränkte sich aber bei diesen Umständen darauf, zu sagen: »Ja, ja, danke Mutter, ich stehe schon auf.« Infolge der Holztür war die Veränderung in Gregors Stimme draußen wohl nicht zu merken, denn die Mutter beruhigte sich mit dieser Erklärung und schlürfte davon.",Infolge,6488,6495,B-non_event,O,O,O
metamorphosis,CURATION_USER_Kafka_Franz_Die_Verwandlung,45,"Gregor hatte ausführlich antworten und alles erklären wollen, beschränkte sich aber bei diesen Umständen darauf, zu sagen: »Ja, ja, danke Mutter, ich stehe schon auf.« Infolge der Holztür war die Veränderung in Gregors Stimme draußen wohl nicht zu merken, denn die Mutter beruhigte sich mit dieser Erklärung und schlürfte davon.",der,6496,6499,I-non_event,O,O,O
metamorphosis,CURATION_USER_Kafka_Franz_Die_Verwandlung,45,"Gregor hatte ausführlich antworten und alles erklären wollen, beschränkte sich aber bei diesen Umständen darauf, zu sagen: »Ja, ja, danke Mutter, ich stehe schon auf.« Infolge der Holztür war die Veränderung in Gregors Stimme draußen wohl nicht zu merken, denn die Mutter beruhigte sich mit dieser Erklärung und schlürfte davon.",Holztür,6500,6507,I-non_event,O,O,O
metamorphosis,CURATION_USER_Kafka_Franz_Die_Verwandlung,45,"Gregor hatte ausführlich antworten und alles erklären wollen, beschränkte sich aber bei diesen Umständen darauf, zu sagen: »Ja, ja, danke Mutter, ich stehe schon auf.« Infolge der Holztür war die Veränderung in Gregors Stimme draußen wohl nicht zu merken, denn die Mutter beruhigte sich mit dieser Erklärung und schlürfte davon.",war,6508,6511,I-non_event,O,O,O
metamorphosis,CURATION_USER_Kafka_Franz_Die_Verwandlung,45,"Gregor hatte ausführlich antworten und alles erklären wollen, beschränkte sich aber bei diesen Umständen darauf, zu sagen: »Ja, ja, danke Mutter, ich stehe schon auf.« Infolge der Holztür war die Veränderung in Gregors Stimme draußen wohl nicht zu merken, denn die Mutter beruhigte sich mit dieser Erklärung und schlürfte davon.",die,6512,6515,I-non_event,O,O,O
metamorphosis,CURATION_USER_Kafka_Franz_Die_Verwandlung,45,"Gregor hatte ausführlich antworten und alles erklären wollen, beschränkte sich aber bei diesen Umständen darauf, zu sagen: »Ja, ja, danke Mutter, ich stehe schon auf.« Infolge der Holztür war die Veränderung in Gregors Stimme draußen wohl nicht zu merken, denn die Mutter beruhigte sich mit dieser Erklärung und schlürfte davon.",Veränderung,6516,6527,I-non_event,O,O,O
metamorphosis,CURATION_USER_Kafka_Franz_Die_Verwandlung,45,"Gregor hatte ausführlich antworten und alles erklären wollen, beschränkte sich aber bei diesen Umständen darauf, zu sagen: »Ja, ja, danke Mutter, ich stehe schon auf.« Infolge der Holztür war die Veränderung in Gregors Stimme draußen wohl nicht zu merken, denn die Mutter beruhigte sich mit dieser Erklärung und schlürfte davon.",in,6528,6530,I-non_event,O,O,O
metamorphosis,CURATION_USER_Kafka_Franz_Die_Verwandlung,45,"Gregor hatte ausführlich antworten und alles erklären wollen, beschränkte sich aber bei diesen Umständen darauf, zu sagen: »Ja, ja, danke Mutter, ich stehe schon auf.« Infolge der Holztür war die Veränderung in Gregors Stimme draußen wohl nicht zu merken, denn die Mutter beruhigte sich mit dieser Erklärung und schlürfte davon.",Gregors,6531,6538,I-non_event,O,O,O
metamorphosis,CURATION_USER_Kafka_Franz_Die_Verwandlung,45,"Gregor hatte ausführlich antworten und alles erklären wollen, beschränkte sich aber bei diesen Umständen darauf, zu sagen: »Ja, ja, danke Mutter, ich stehe schon auf.« Infolge der Holztür war die Veränderung in Gregors Stimme draußen wohl nicht zu merken, denn die Mutter beruhigte sich mit dieser Erklärung und schlürfte davon.",Stimme,6539,6545,I-non_event,O,O,O
metamorphosis,CURATION_USER_Kafka_Franz_Die_Verwandlung,45,"Gregor hatte ausführlich antworten und alles erklären wollen, beschränkte sich aber bei diesen Umständen darauf, zu sagen: »Ja, ja, danke Mutter, ich stehe schon auf.« Infolge der Holztür war die Veränderung in Gregors Stimme draußen wohl nicht zu merken, denn die Mutter beruhigte sich mit dieser Erklärung und schlürfte davon.",draußen,6546,6553,I-non_event,O,O,O
metamorphosis,CURATION_USER_Kafka_Franz_Die_Verwandlung,45,"Gregor hatte ausführlich antworten und alles erklären wollen, beschränkte sich aber bei diesen Umständen darauf, zu sagen: »Ja, ja, danke Mutter, ich stehe schon auf.« Infolge der Holztür war die Veränderung in Gregors Stimme draußen wohl nicht zu merken, denn die Mutter beruhigte sich mit dieser Erklärung und schlürfte davon.",wohl,6554,6558,I-non_event,O,O,O
metamorphosis,CURATION_USER_Kafka_Franz_Die_Verwandlung,45,"Gregor hatte ausführlich antworten und alles erklären wollen, beschränkte sich aber bei diesen Umständen darauf, zu sagen: »Ja, ja, danke Mutter, ich stehe schon auf.« Infolge der Holztür war die Veränderung in Gregors Stimme draußen wohl nicht zu merken, denn die Mutter beruhigte sich mit dieser Erklärung und schlürfte davon.",nicht,6559,6564,I-non_event,O,O,O
metamorphosis,CURATION_USER_Kafka_Franz_Die_Verwandlung,45,"Gregor hatte ausführlich antworten und alles erklären wollen, beschränkte sich aber bei diesen Umständen darauf, zu sagen: »Ja, ja, danke Mutter, ich stehe schon auf.« Infolge der Holztür war die Veränderung in Gregors Stimme draußen wohl nicht zu merken, denn die Mutter beruhigte sich mit dieser Erklärung und schlürfte davon.",zu,6565,6567,I-non_event,O,O,O
metamorphosis,CURATION_USER_Kafka_Franz_Die_Verwandlung,45,"Gregor hatte ausführlich antworten und alles erklären wollen, beschränkte sich aber bei diesen Umständen darauf, zu sagen: »Ja, ja, danke Mutter, ich stehe schon auf.« Infolge der Holztür war die Veränderung in Gregors Stimme draußen wohl nicht zu merken, denn die Mutter beruhigte sich mit dieser Erklärung und schlürfte davon.",merken,6568,6574,I-non_event,O,O,O
metamorphosis,CURATION_USER_Kafka_Franz_Die_Verwandlung,45,"Gregor hatte ausführlich antworten und alles erklären wollen, beschränkte sich aber bei diesen Umständen darauf, zu sagen: »Ja, ja, danke Mutter, ich stehe schon auf.« Infolge der Holztür war die Veränderung in Gregors Stimme draußen wohl nicht zu merken, denn die Mutter beruhigte sich mit dieser Erklärung und schlürfte davon.",",",6574,6575,O,O,O,O
metamorphosis,CURATION_USER_Kafka_Franz_Die_Verwandlung,45,"Gregor hatte ausführlich antworten und alles erklären wollen, beschränkte sich aber bei diesen Umständen darauf, zu sagen: »Ja, ja, danke Mutter, ich stehe schon auf.« Infolge der Holztür war die Veränderung in Gregors Stimme draußen wohl nicht zu merken, denn die Mutter beruhigte sich mit dieser Erklärung und schlürfte davon.",denn,6576,6580,B-change_of_state,O,O,O
metamorphosis,CURATION_USER_Kafka_Franz_Die_Verwandlung,45,"Gregor hatte ausführlich antworten und alles erklären wollen, beschränkte sich aber bei diesen Umständen darauf, zu sagen: »Ja, ja, danke Mutter, ich stehe schon auf.« Infolge der Holztür war die Veränderung in Gregors Stimme draußen wohl nicht zu merken, denn die Mutter beruhigte sich mit dieser Erklärung und schlürfte davon.",die,6581,6584,I-change_of_state,O,O,O
metamorphosis,CURATION_USER_Kafka_Franz_Die_Verwandlung,45,"Gregor hatte ausführlich antworten und alles erklären wollen, beschränkte sich aber bei diesen Umständen darauf, zu sagen: »Ja, ja, danke Mutter, ich stehe schon auf.« Infolge der Holztür war die Veränderung in Gregors Stimme draußen wohl nicht zu merken, denn die Mutter beruhigte sich mit dieser Erklärung und schlürfte davon.",Mutter,6585,6591,I-change_of_state,O,O,O
metamorphosis,CURATION_USER_Kafka_Franz_Die_Verwandlung,45,"Gregor hatte ausführlich antworten und alles erklären wollen, beschränkte sich aber bei diesen Umständen darauf, zu sagen: »Ja, ja, danke Mutter, ich stehe schon auf.« Infolge der Holztür war die Veränderung in Gregors Stimme draußen wohl nicht zu merken, denn die Mutter beruhigte sich mit dieser Erklärung und schlürfte davon.",beruhigte,6592,6601,I-change_of_state,O,O,O
metamorphosis,CURATION_USER_Kafka_Franz_Die_Verwandlung,45,"Gregor hatte ausführlich antworten und alles erklären wollen, beschränkte sich aber bei diesen Umständen darauf, zu sagen: »Ja, ja, danke Mutter, ich stehe schon auf.« Infolge der Holztür war die Veränderung in Gregors Stimme draußen wohl nicht zu merken, denn die Mutter beruhigte sich mit dieser Erklärung und schlürfte davon.",sich,6602,6606,I-change_of_state,O,O,O
metamorphosis,CURATION_USER_Kafka_Franz_Die_Verwandlung,45,"Gregor hatte ausführlich antworten und alles erklären wollen, beschränkte sich aber bei diesen Umständen darauf, zu sagen: »Ja, ja, danke Mutter, ich stehe schon auf.« Infolge der Holztür war die Veränderung in Gregors Stimme draußen wohl nicht zu merken, denn die Mutter beruhigte sich mit dieser Erklärung und schlürfte davon.",mit,6607,6610,I-change_of_state,O,O,O
metamorphosis,CURATION_USER_Kafka_Franz_Die_Verwandlung,45,"Gregor hatte ausführlich antworten und alles erklären wollen, beschränkte sich aber bei diesen Umständen darauf, zu sagen: »Ja, ja, danke Mutter, ich stehe schon auf.« Infolge der Holztür war die Veränderung in Gregors Stimme draußen wohl nicht zu merken, denn die Mutter beruhigte sich mit dieser Erklärung und schlürfte davon.",dieser,6611,6617,I-change_of_state,O,O,O
metamorphosis,CURATION_USER_Kafka_Franz_Die_Verwandlung,45,"Gregor hatte ausführlich antworten und alles erklären wollen, beschränkte sich aber bei diesen Umständen darauf, zu sagen: »Ja, ja, danke Mutter, ich stehe schon auf.« Infolge der Holztür war die Veränderung in Gregors Stimme draußen wohl nicht zu merken, denn die Mutter beruhigte sich mit dieser Erklärung und schlürfte davon.",Erklärung,6618,6627,I-change_of_state,O,O,O
metamorphosis,CURATION_USER_Kafka_Franz_Die_Verwandlung,45,"Gregor hatte ausführlich antworten und alles erklären wollen, beschränkte sich aber bei diesen Umständen darauf, zu sagen: »Ja, ja, danke Mutter, ich stehe schon auf.« Infolge der Holztür war die Veränderung in Gregors Stimme draußen wohl nicht zu merken, denn die Mutter beruhigte sich mit dieser Erklärung und schlürfte davon.",und,6628,6631,B-process,O,O,O
metamorphosis,CURATION_USER_Kafka_Franz_Die_Verwandlung,45,"Gregor hatte ausführlich antworten und alles erklären wollen, beschränkte sich aber bei diesen Umständen darauf, zu sagen: »Ja, ja, danke Mutter, ich stehe schon auf.« Infolge der Holztür war die Veränderung in Gregors Stimme draußen wohl nicht zu merken, denn die Mutter beruhigte sich mit dieser Erklärung und schlürfte davon.",schlürfte,6632,6641,I-process,O,O,O
metamorphosis,CURATION_USER_Kafka_Franz_Die_Verwandlung,45,"Gregor hatte ausführlich antworten und alles erklären wollen, beschränkte sich aber bei diesen Umständen darauf, zu sagen: »Ja, ja, danke Mutter, ich stehe schon auf.« Infolge der Holztür war die Veränderung in Gregors Stimme draußen wohl nicht zu merken, denn die Mutter beruhigte sich mit dieser Erklärung und schlürfte davon.",davon,6642,6647,I-process,O,O,O
metamorphosis,CURATION_USER_Kafka_Franz_Die_Verwandlung,45,"Gregor hatte ausführlich antworten und alles erklären wollen, beschränkte sich aber bei diesen Umständen darauf, zu sagen: »Ja, ja, danke Mutter, ich stehe schon auf.« Infolge der Holztür war die Veränderung in Gregors Stimme draußen wohl nicht zu merken, denn die Mutter beruhigte sich mit dieser Erklärung und schlürfte davon.",.,6647,6648,O,O,O,O
metamorphosis,CURATION_USER_Kafka_Franz_Die_Verwandlung,46,"Aber durch das kleine Gespräch waren die anderen Familienmitglieder darauf aufmerksam geworden, daß Gregor wider Erwarten noch zu Hause war, und schon klopfte an der einen Seitentür der Vater, schwach, aber schon mit der Faust. »Gregor, Gregor,« rief er, »was ist denn?",Aber,6649,6653,B-process,O,O,O
metamorphosis,CURATION_USER_Kafka_Franz_Die_Verwandlung,46,"Aber durch das kleine Gespräch waren die anderen Familienmitglieder darauf aufmerksam geworden, daß Gregor wider Erwarten noch zu Hause war, und schon klopfte an der einen Seitentür der Vater, schwach, aber schon mit der Faust. »Gregor, Gregor,« rief er, »was ist denn?",durch,6654,6659,I-process,O,O,O
metamorphosis,CURATION_USER_Kafka_Franz_Die_Verwandlung,46,"Aber durch das kleine Gespräch waren die anderen Familienmitglieder darauf aufmerksam geworden, daß Gregor wider Erwarten noch zu Hause war, und schon klopfte an der einen Seitentür der Vater, schwach, aber schon mit der Faust. »Gregor, Gregor,« rief er, »was ist denn?",das,6660,6663,I-process,O,O,O
metamorphosis,CURATION_USER_Kafka_Franz_Die_Verwandlung,46,"Aber durch das kleine Gespräch waren die anderen Familienmitglieder darauf aufmerksam geworden, daß Gregor wider Erwarten noch zu Hause war, und schon klopfte an der einen Seitentür der Vater, schwach, aber schon mit der Faust. »Gregor, Gregor,« rief er, »was ist denn?",kleine,6664,6670,I-process,O,O,O
metamorphosis,CURATION_USER_Kafka_Franz_Die_Verwandlung,46,"Aber durch das kleine Gespräch waren die anderen Familienmitglieder darauf aufmerksam geworden, daß Gregor wider Erwarten noch zu Hause war, und schon klopfte an der einen Seitentür der Vater, schwach, aber schon mit der Faust. »Gregor, Gregor,« rief er, »was ist denn?",Gespräch,6671,6679,I-process,O,O,O
metamorphosis,CURATION_USER_Kafka_Franz_Die_Verwandlung,46,"Aber durch das kleine Gespräch waren die anderen Familienmitglieder darauf aufmerksam geworden, daß Gregor wider Erwarten noch zu Hause war, und schon klopfte an der einen Seitentür der Vater, schwach, aber schon mit der Faust. »Gregor, Gregor,« rief er, »was ist denn?",waren,6680,6685,I-process,O,O,O
metamorphosis,CURATION_USER_Kafka_Franz_Die_Verwandlung,46,"Aber durch das kleine Gespräch waren die anderen Familienmitglieder darauf aufmerksam geworden, daß Gregor wider Erwarten noch zu Hause war, und schon klopfte an der einen Seitentür der Vater, schwach, aber schon mit der Faust. »Gregor, Gregor,« rief er, »was ist denn?",die,6686,6689,I-process,O,O,O
metamorphosis,CURATION_USER_Kafka_Franz_Die_Verwandlung,46,"Aber durch das kleine Gespräch waren die anderen Familienmitglieder darauf aufmerksam geworden, daß Gregor wider Erwarten noch zu Hause war, und schon klopfte an der einen Seitentür der Vater, schwach, aber schon mit der Faust. »Gregor, Gregor,« rief er, »was ist denn?",anderen,6690,6697,I-process,O,O,O
metamorphosis,CURATION_USER_Kafka_Franz_Die_Verwandlung,46,"Aber durch das kleine Gespräch waren die anderen Familienmitglieder darauf aufmerksam geworden, daß Gregor wider Erwarten noch zu Hause war, und schon klopfte an der einen Seitentür der Vater, schwach, aber schon mit der Faust. »Gregor, Gregor,« rief er, »was ist denn?",Familienmitglieder,6698,6716,I-process,O,O,O
metamorphosis,CURATION_USER_Kafka_Franz_Die_Verwandlung,46,"Aber durch das kleine Gespräch waren die anderen Familienmitglieder darauf aufmerksam geworden, daß Gregor wider Erwarten noch zu Hause war, und schon klopfte an der einen Seitentür der Vater, schwach, aber schon mit der Faust. »Gregor, Gregor,« rief er, »was ist denn?",darauf,6717,6723,I-process,O,O,O
metamorphosis,CURATION_USER_Kafka_Franz_Die_Verwandlung,46,"Aber durch das kleine Gespräch waren die anderen Familienmitglieder darauf aufmerksam geworden, daß Gregor wider Erwarten noch zu Hause war, und schon klopfte an der einen Seitentür der Vater, schwach, aber schon mit der Faust. »Gregor, Gregor,« rief er, »was ist denn?",aufmerksam,6724,6734,I-process,O,O,O
metamorphosis,CURATION_USER_Kafka_Franz_Die_Verwandlung,46,"Aber durch das kleine Gespräch waren die anderen Familienmitglieder darauf aufmerksam geworden, daß Gregor wider Erwarten noch zu Hause war, und schon klopfte an der einen Seitentür der Vater, schwach, aber schon mit der Faust. »Gregor, Gregor,« rief er, »was ist denn?",geworden,6735,6743,I-process,O,O,O
metamorphosis,CURATION_USER_Kafka_Franz_Die_Verwandlung,46,"Aber durch das kleine Gespräch waren die anderen Familienmitglieder darauf aufmerksam geworden, daß Gregor wider Erwarten noch zu Hause war, und schon klopfte an der einen Seitentür der Vater, schwach, aber schon mit der Faust. »Gregor, Gregor,« rief er, »was ist denn?",",",6743,6744,O,O,O,O
metamorphosis,CURATION_USER_Kafka_Franz_Die_Verwandlung,46,"Aber durch das kleine Gespräch waren die anderen Familienmitglieder darauf aufmerksam geworden, daß Gregor wider Erwarten noch zu Hause war, und schon klopfte an der einen Seitentür der Vater, schwach, aber schon mit der Faust. »Gregor, Gregor,« rief er, »was ist denn?",daß,6745,6748,B-stative_event,O,O,O
metamorphosis,CURATION_USER_Kafka_Franz_Die_Verwandlung,46,"Aber durch das kleine Gespräch waren die anderen Familienmitglieder darauf aufmerksam geworden, daß Gregor wider Erwarten noch zu Hause war, und schon klopfte an der einen Seitentür der Vater, schwach, aber schon mit der Faust. »Gregor, Gregor,« rief er, »was ist denn?",Gregor,6749,6755,I-stative_event,O,O,O
metamorphosis,CURATION_USER_Kafka_Franz_Die_Verwandlung,46,"Aber durch das kleine Gespräch waren die anderen Familienmitglieder darauf aufmerksam geworden, daß Gregor wider Erwarten noch zu Hause war, und schon klopfte an der einen Seitentür der Vater, schwach, aber schon mit der Faust. »Gregor, Gregor,« rief er, »was ist denn?",wider,6756,6761,I-stative_event,O,O,O
metamorphosis,CURATION_USER_Kafka_Franz_Die_Verwandlung,46,"Aber durch das kleine Gespräch waren die anderen Familienmitglieder darauf aufmerksam geworden, daß Gregor wider Erwarten noch zu Hause war, und schon klopfte an der einen Seitentür der Vater, schwach, aber schon mit der Faust. »Gregor, Gregor,« rief er, »was ist denn?",Erwarten,6762,6770,I-stative_event,O,O,O
metamorphosis,CURATION_USER_Kafka_Franz_Die_Verwandlung,46,"Aber durch das kleine Gespräch waren die anderen Familienmitglieder darauf aufmerksam geworden, daß Gregor wider Erwarten noch zu Hause war, und schon klopfte an der einen Seitentür der Vater, schwach, aber schon mit der Faust. »Gregor, Gregor,« rief er, »was ist denn?",noch,6771,6775,I-stative_event,O,O,O
metamorphosis,CURATION_USER_Kafka_Franz_Die_Verwandlung,46,"Aber durch das kleine Gespräch waren die anderen Familienmitglieder darauf aufmerksam geworden, daß Gregor wider Erwarten noch zu Hause war, und schon klopfte an der einen Seitentür der Vater, schwach, aber schon mit der Faust. »Gregor, Gregor,« rief er, »was ist denn?",zu,6776,6778,I-stative_event,O,O,O
metamorphosis,CURATION_USER_Kafka_Franz_Die_Verwandlung,46,"Aber durch das kleine Gespräch waren die anderen Familienmitglieder darauf aufmerksam geworden, daß Gregor wider Erwarten noch zu Hause war, und schon klopfte an der einen Seitentür der Vater, schwach, aber schon mit der Faust. »Gregor, Gregor,« rief er, »was ist denn?",Hause,6779,6784,I-stative_event,O,O,O
metamorphosis,CURATION_USER_Kafka_Franz_Die_Verwandlung,46,"Aber durch das kleine Gespräch waren die anderen Familienmitglieder darauf aufmerksam geworden, daß Gregor wider Erwarten noch zu Hause war, und schon klopfte an der einen Seitentür der Vater, schwach, aber schon mit der Faust. »Gregor, Gregor,« rief er, »was ist denn?",war,6785,6788,I-stative_event,O,O,O
metamorphosis,CURATION_USER_Kafka_Franz_Die_Verwandlung,46,"Aber durch das kleine Gespräch waren die anderen Familienmitglieder darauf aufmerksam geworden, daß Gregor wider Erwarten noch zu Hause war, und schon klopfte an der einen Seitentür der Vater, schwach, aber schon mit der Faust. »Gregor, Gregor,« rief er, »was ist denn?",",",6788,6789,O,O,O,O
metamorphosis,CURATION_USER_Kafka_Franz_Die_Verwandlung,46,"Aber durch das kleine Gespräch waren die anderen Familienmitglieder darauf aufmerksam geworden, daß Gregor wider Erwarten noch zu Hause war, und schon klopfte an der einen Seitentür der Vater, schwach, aber schon mit der Faust. »Gregor, Gregor,« rief er, »was ist denn?",und,6790,6793,B-process,O,O,O
metamorphosis,CURATION_USER_Kafka_Franz_Die_Verwandlung,46,"Aber durch das kleine Gespräch waren die anderen Familienmitglieder darauf aufmerksam geworden, daß Gregor wider Erwarten noch zu Hause war, und schon klopfte an der einen Seitentür der Vater, schwach, aber schon mit der Faust. »Gregor, Gregor,« rief er, »was ist denn?",schon,6794,6799,I-process,O,O,O
metamorphosis,CURATION_USER_Kafka_Franz_Die_Verwandlung,46,"Aber durch das kleine Gespräch waren die anderen Familienmitglieder darauf aufmerksam geworden, daß Gregor wider Erwarten noch zu Hause war, und schon klopfte an der einen Seitentür der Vater, schwach, aber schon mit der Faust. »Gregor, Gregor,« rief er, »was ist denn?",klopfte,6800,6807,I-process,O,O,O
metamorphosis,CURATION_USER_Kafka_Franz_Die_Verwandlung,46,"Aber durch das kleine Gespräch waren die anderen Familienmitglieder darauf aufmerksam geworden, daß Gregor wider Erwarten noch zu Hause war, und schon klopfte an der einen Seitentür der Vater, schwach, aber schon mit der Faust. »Gregor, Gregor,« rief er, »was ist denn?",an,6808,6810,I-process,O,O,O
metamorphosis,CURATION_USER_Kafka_Franz_Die_Verwandlung,46,"Aber durch das kleine Gespräch waren die anderen Familienmitglieder darauf aufmerksam geworden, daß Gregor wider Erwarten noch zu Hause war, und schon klopfte an der einen Seitentür der Vater, schwach, aber schon mit der Faust. »Gregor, Gregor,« rief er, »was ist denn?",der,6811,6814,I-process,O,O,O
metamorphosis,CURATION_USER_Kafka_Franz_Die_Verwandlung,46,"Aber durch das kleine Gespräch waren die anderen Familienmitglieder darauf aufmerksam geworden, daß Gregor wider Erwarten noch zu Hause war, und schon klopfte an der einen Seitentür der Vater, schwach, aber schon mit der Faust. »Gregor, Gregor,« rief er, »was ist denn?",einen,6815,6820,I-process,O,O,O
metamorphosis,CURATION_USER_Kafka_Franz_Die_Verwandlung,46,"Aber durch das kleine Gespräch waren die anderen Familienmitglieder darauf aufmerksam geworden, daß Gregor wider Erwarten noch zu Hause war, und schon klopfte an der einen Seitentür der Vater, schwach, aber schon mit der Faust. »Gregor, Gregor,« rief er, »was ist denn?",Seitentür,6821,6830,I-process,O,O,O
metamorphosis,CURATION_USER_Kafka_Franz_Die_Verwandlung,46,"Aber durch das kleine Gespräch waren die anderen Familienmitglieder darauf aufmerksam geworden, daß Gregor wider Erwarten noch zu Hause war, und schon klopfte an der einen Seitentür der Vater, schwach, aber schon mit der Faust. »Gregor, Gregor,« rief er, »was ist denn?",der,6831,6834,I-process,O,O,O
metamorphosis,CURATION_USER_Kafka_Franz_Die_Verwandlung,46,"Aber durch das kleine Gespräch waren die anderen Familienmitglieder darauf aufmerksam geworden, daß Gregor wider Erwarten noch zu Hause war, und schon klopfte an der einen Seitentür der Vater, schwach, aber schon mit der Faust. »Gregor, Gregor,« rief er, »was ist denn?",Vater,6835,6840,I-process,O,O,O
metamorphosis,CURATION_USER_Kafka_Franz_Die_Verwandlung,46,"Aber durch das kleine Gespräch waren die anderen Familienmitglieder darauf aufmerksam geworden, daß Gregor wider Erwarten noch zu Hause war, und schon klopfte an der einen Seitentür der Vater, schwach, aber schon mit der Faust. »Gregor, Gregor,« rief er, »was ist denn?",",",6840,6841,I-process,O,O,O
metamorphosis,CURATION_USER_Kafka_Franz_Die_Verwandlung,46,"Aber durch das kleine Gespräch waren die anderen Familienmitglieder darauf aufmerksam geworden, daß Gregor wider Erwarten noch zu Hause war, und schon klopfte an der einen Seitentür der Vater, schwach, aber schon mit der Faust. »Gregor, Gregor,« rief er, »was ist denn?",schwach,6842,6849,I-process,O,O,O
metamorphosis,CURATION_USER_Kafka_Franz_Die_Verwandlung,46,"Aber durch das kleine Gespräch waren die anderen Familienmitglieder darauf aufmerksam geworden, daß Gregor wider Erwarten noch zu Hause war, und schon klopfte an der einen Seitentür der Vater, schwach, aber schon mit der Faust. »Gregor, Gregor,« rief er, »was ist denn?",",",6849,6850,I-process,O,O,O
metamorphosis,CURATION_USER_Kafka_Franz_Die_Verwandlung,46,"Aber durch das kleine Gespräch waren die anderen Familienmitglieder darauf aufmerksam geworden, daß Gregor wider Erwarten noch zu Hause war, und schon klopfte an der einen Seitentür der Vater, schwach, aber schon mit der Faust. »Gregor, Gregor,« rief er, »was ist denn?",aber,6851,6855,I-process,O,O,O
metamorphosis,CURATION_USER_Kafka_Franz_Die_Verwandlung,46,"Aber durch das kleine Gespräch waren die anderen Familienmitglieder darauf aufmerksam geworden, daß Gregor wider Erwarten noch zu Hause war, und schon klopfte an der einen Seitentür der Vater, schwach, aber schon mit der Faust. »Gregor, Gregor,« rief er, »was ist denn?",schon,6856,6861,I-process,O,O,O
metamorphosis,CURATION_USER_Kafka_Franz_Die_Verwandlung,46,"Aber durch das kleine Gespräch waren die anderen Familienmitglieder darauf aufmerksam geworden, daß Gregor wider Erwarten noch zu Hause war, und schon klopfte an der einen Seitentür der Vater, schwach, aber schon mit der Faust. »Gregor, Gregor,« rief er, »was ist denn?",mit,6862,6865,I-process,O,O,O
metamorphosis,CURATION_USER_Kafka_Franz_Die_Verwandlung,46,"Aber durch das kleine Gespräch waren die anderen Familienmitglieder darauf aufmerksam geworden, daß Gregor wider Erwarten noch zu Hause war, und schon klopfte an der einen Seitentür der Vater, schwach, aber schon mit der Faust. »Gregor, Gregor,« rief er, »was ist denn?",der,6866,6869,I-process,O,O,O
metamorphosis,CURATION_USER_Kafka_Franz_Die_Verwandlung,46,"Aber durch das kleine Gespräch waren die anderen Familienmitglieder darauf aufmerksam geworden, daß Gregor wider Erwarten noch zu Hause war, und schon klopfte an der einen Seitentür der Vater, schwach, aber schon mit der Faust. »Gregor, Gregor,« rief er, »was ist denn?",Faust,6870,6875,I-process,O,O,O
metamorphosis,CURATION_USER_Kafka_Franz_Die_Verwandlung,46,"Aber durch das kleine Gespräch waren die anderen Familienmitglieder darauf aufmerksam geworden, daß Gregor wider Erwarten noch zu Hause war, und schon klopfte an der einen Seitentür der Vater, schwach, aber schon mit der Faust. »Gregor, Gregor,« rief er, »was ist denn?",.,6875,6876,O,O,O,O
metamorphosis,CURATION_USER_Kafka_Franz_Die_Verwandlung,46,"Aber durch das kleine Gespräch waren die anderen Familienmitglieder darauf aufmerksam geworden, daß Gregor wider Erwarten noch zu Hause war, und schon klopfte an der einen Seitentür der Vater, schwach, aber schon mit der Faust. »Gregor, Gregor,« rief er, »was ist denn?",»,6877,6878,O,O,O,O
metamorphosis,CURATION_USER_Kafka_Franz_Die_Verwandlung,46,"Aber durch das kleine Gespräch waren die anderen Familienmitglieder darauf aufmerksam geworden, daß Gregor wider Erwarten noch zu Hause war, und schon klopfte an der einen Seitentür der Vater, schwach, aber schon mit der Faust. »Gregor, Gregor,« rief er, »was ist denn?",Gregor,6878,6884,B-non_event,O,B-Direct speech,O
metamorphosis,CURATION_USER_Kafka_Franz_Die_Verwandlung,46,"Aber durch das kleine Gespräch waren die anderen Familienmitglieder darauf aufmerksam geworden, daß Gregor wider Erwarten noch zu Hause war, und schon klopfte an der einen Seitentür der Vater, schwach, aber schon mit der Faust. »Gregor, Gregor,« rief er, »was ist denn?",",",6884,6885,I-non_event,O,I-Direct speech,O
metamorphosis,CURATION_USER_Kafka_Franz_Die_Verwandlung,46,"Aber durch das kleine Gespräch waren die anderen Familienmitglieder darauf aufmerksam geworden, daß Gregor wider Erwarten noch zu Hause war, und schon klopfte an der einen Seitentür der Vater, schwach, aber schon mit der Faust. »Gregor, Gregor,« rief er, »was ist denn?",Gregor,6886,6892,I-non_event,O,I-Direct speech,O
metamorphosis,CURATION_USER_Kafka_Franz_Die_Verwandlung,46,"Aber durch das kleine Gespräch waren die anderen Familienmitglieder darauf aufmerksam geworden, daß Gregor wider Erwarten noch zu Hause war, und schon klopfte an der einen Seitentür der Vater, schwach, aber schon mit der Faust. »Gregor, Gregor,« rief er, »was ist denn?",",",6892,6893,O,O,O,O
metamorphosis,CURATION_USER_Kafka_Franz_Die_Verwandlung,46,"Aber durch das kleine Gespräch waren die anderen Familienmitglieder darauf aufmerksam geworden, daß Gregor wider Erwarten noch zu Hause war, und schon klopfte an der einen Seitentür der Vater, schwach, aber schon mit der Faust. »Gregor, Gregor,« rief er, »was ist denn?",«,6893,6894,O,O,O,O
metamorphosis,CURATION_USER_Kafka_Franz_Die_Verwandlung,46,"Aber durch das kleine Gespräch waren die anderen Familienmitglieder darauf aufmerksam geworden, daß Gregor wider Erwarten noch zu Hause war, und schon klopfte an der einen Seitentür der Vater, schwach, aber schon mit der Faust. »Gregor, Gregor,« rief er, »was ist denn?",rief,6895,6899,B-process,O,O,O
metamorphosis,CURATION_USER_Kafka_Franz_Die_Verwandlung,46,"Aber durch das kleine Gespräch waren die anderen Familienmitglieder darauf aufmerksam geworden, daß Gregor wider Erwarten noch zu Hause war, und schon klopfte an der einen Seitentür der Vater, schwach, aber schon mit der Faust. »Gregor, Gregor,« rief er, »was ist denn?",er,6900,6902,I-process,O,O,O
metamorphosis,CURATION_USER_Kafka_Franz_Die_Verwandlung,46,"Aber durch das kleine Gespräch waren die anderen Familienmitglieder darauf aufmerksam geworden, daß Gregor wider Erwarten noch zu Hause war, und schon klopfte an der einen Seitentür der Vater, schwach, aber schon mit der Faust. »Gregor, Gregor,« rief er, »was ist denn?",",",6902,6903,O,O,O,O
metamorphosis,CURATION_USER_Kafka_Franz_Die_Verwandlung,46,"Aber durch das kleine Gespräch waren die anderen Familienmitglieder darauf aufmerksam geworden, daß Gregor wider Erwarten noch zu Hause war, und schon klopfte an der einen Seitentür der Vater, schwach, aber schon mit der Faust. »Gregor, Gregor,« rief er, »was ist denn?",»,6904,6905,O,O,O,O
metamorphosis,CURATION_USER_Kafka_Franz_Die_Verwandlung,46,"Aber durch das kleine Gespräch waren die anderen Familienmitglieder darauf aufmerksam geworden, daß Gregor wider Erwarten noch zu Hause war, und schon klopfte an der einen Seitentür der Vater, schwach, aber schon mit der Faust. »Gregor, Gregor,« rief er, »was ist denn?",was,6905,6908,B-non_event,O,B-Direct speech,O
metamorphosis,CURATION_USER_Kafka_Franz_Die_Verwandlung,46,"Aber durch das kleine Gespräch waren die anderen Familienmitglieder darauf aufmerksam geworden, daß Gregor wider Erwarten noch zu Hause war, und schon klopfte an der einen Seitentür der Vater, schwach, aber schon mit der Faust. »Gregor, Gregor,« rief er, »was ist denn?",ist,6909,6912,I-non_event,O,I-Direct speech,O
metamorphosis,CURATION_USER_Kafka_Franz_Die_Verwandlung,46,"Aber durch das kleine Gespräch waren die anderen Familienmitglieder darauf aufmerksam geworden, daß Gregor wider Erwarten noch zu Hause war, und schon klopfte an der einen Seitentür der Vater, schwach, aber schon mit der Faust. »Gregor, Gregor,« rief er, »was ist denn?",denn,6913,6917,I-non_event,O,I-Direct speech,O
metamorphosis,CURATION_USER_Kafka_Franz_Die_Verwandlung,46,"Aber durch das kleine Gespräch waren die anderen Familienmitglieder darauf aufmerksam geworden, daß Gregor wider Erwarten noch zu Hause war, und schon klopfte an der einen Seitentür der Vater, schwach, aber schon mit der Faust. »Gregor, Gregor,« rief er, »was ist denn?",?,6917,6918,O,O,O,O
metamorphosis,CURATION_USER_Kafka_Franz_Die_Verwandlung,47,« Und nach einer kleinen Weile mahnte er nochmals mit tieferer Stimme: »Gregor!,«,6918,6919,O,O,O,O
metamorphosis,CURATION_USER_Kafka_Franz_Die_Verwandlung,47,« Und nach einer kleinen Weile mahnte er nochmals mit tieferer Stimme: »Gregor!,Und,6920,6923,B-process,O,O,O
metamorphosis,CURATION_USER_Kafka_Franz_Die_Verwandlung,47,« Und nach einer kleinen Weile mahnte er nochmals mit tieferer Stimme: »Gregor!,nach,6924,6928,I-process,O,O,O
metamorphosis,CURATION_USER_Kafka_Franz_Die_Verwandlung,47,« Und nach einer kleinen Weile mahnte er nochmals mit tieferer Stimme: »Gregor!,einer,6929,6934,I-process,O,O,O
metamorphosis,CURATION_USER_Kafka_Franz_Die_Verwandlung,47,« Und nach einer kleinen Weile mahnte er nochmals mit tieferer Stimme: »Gregor!,kleinen,6935,6942,I-process,O,O,O
metamorphosis,CURATION_USER_Kafka_Franz_Die_Verwandlung,47,« Und nach einer kleinen Weile mahnte er nochmals mit tieferer Stimme: »Gregor!,Weile,6943,6948,I-process,O,O,O
metamorphosis,CURATION_USER_Kafka_Franz_Die_Verwandlung,47,« Und nach einer kleinen Weile mahnte er nochmals mit tieferer Stimme: »Gregor!,mahnte,6949,6955,I-process,O,O,O
metamorphosis,CURATION_USER_Kafka_Franz_Die_Verwandlung,47,« Und nach einer kleinen Weile mahnte er nochmals mit tieferer Stimme: »Gregor!,er,6956,6958,I-process,O,O,O
metamorphosis,CURATION_USER_Kafka_Franz_Die_Verwandlung,47,« Und nach einer kleinen Weile mahnte er nochmals mit tieferer Stimme: »Gregor!,nochmals,6959,6967,I-process,O,O,O
metamorphosis,CURATION_USER_Kafka_Franz_Die_Verwandlung,47,« Und nach einer kleinen Weile mahnte er nochmals mit tieferer Stimme: »Gregor!,mit,6968,6971,I-process,O,O,O
metamorphosis,CURATION_USER_Kafka_Franz_Die_Verwandlung,47,« Und nach einer kleinen Weile mahnte er nochmals mit tieferer Stimme: »Gregor!,tieferer,6972,6980,I-process,O,O,O
metamorphosis,CURATION_USER_Kafka_Franz_Die_Verwandlung,47,« Und nach einer kleinen Weile mahnte er nochmals mit tieferer Stimme: »Gregor!,Stimme,6981,6987,I-process,O,O,O
metamorphosis,CURATION_USER_Kafka_Franz_Die_Verwandlung,47,« Und nach einer kleinen Weile mahnte er nochmals mit tieferer Stimme: »Gregor!,:,6987,6988,O,O,O,O
metamorphosis,CURATION_USER_Kafka_Franz_Die_Verwandlung,47,« Und nach einer kleinen Weile mahnte er nochmals mit tieferer Stimme: »Gregor!,»,6989,6990,O,O,O,O
metamorphosis,CURATION_USER_Kafka_Franz_Die_Verwandlung,47,« Und nach einer kleinen Weile mahnte er nochmals mit tieferer Stimme: »Gregor!,Gregor,6990,6996,B-non_event,O,B-Direct speech,O
metamorphosis,CURATION_USER_Kafka_Franz_Die_Verwandlung,47,« Und nach einer kleinen Weile mahnte er nochmals mit tieferer Stimme: »Gregor!,!,6996,6997,O,O,O,O
metamorphosis,CURATION_USER_Kafka_Franz_Die_Verwandlung,48,Gregor!,Gregor,6998,7004,B-non_event,O,B-Direct speech,O
metamorphosis,CURATION_USER_Kafka_Franz_Die_Verwandlung,48,Gregor!,!,7004,7005,O,O,O,O
metamorphosis,CURATION_USER_Kafka_Franz_Die_Verwandlung,49,« An der anderen Seitentür aber klagte leise die Schwester: »Gregor?,«,7005,7006,O,O,O,O
metamorphosis,CURATION_USER_Kafka_Franz_Die_Verwandlung,49,« An der anderen Seitentür aber klagte leise die Schwester: »Gregor?,An,7007,7009,B-process,O,O,O
metamorphosis,CURATION_USER_Kafka_Franz_Die_Verwandlung,49,« An der anderen Seitentür aber klagte leise die Schwester: »Gregor?,der,7010,7013,I-process,O,O,O
metamorphosis,CURATION_USER_Kafka_Franz_Die_Verwandlung,49,« An der anderen Seitentür aber klagte leise die Schwester: »Gregor?,anderen,7014,7021,I-process,O,O,O
metamorphosis,CURATION_USER_Kafka_Franz_Die_Verwandlung,49,« An der anderen Seitentür aber klagte leise die Schwester: »Gregor?,Seitentür,7022,7031,I-process,O,O,O
metamorphosis,CURATION_USER_Kafka_Franz_Die_Verwandlung,49,« An der anderen Seitentür aber klagte leise die Schwester: »Gregor?,aber,7032,7036,I-process,O,O,O
metamorphosis,CURATION_USER_Kafka_Franz_Die_Verwandlung,49,« An der anderen Seitentür aber klagte leise die Schwester: »Gregor?,klagte,7037,7043,I-process,O,O,O
metamorphosis,CURATION_USER_Kafka_Franz_Die_Verwandlung,49,« An der anderen Seitentür aber klagte leise die Schwester: »Gregor?,leise,7044,7049,I-process,O,O,O
metamorphosis,CURATION_USER_Kafka_Franz_Die_Verwandlung,49,« An der anderen Seitentür aber klagte leise die Schwester: »Gregor?,die,7050,7053,I-process,O,O,O
metamorphosis,CURATION_USER_Kafka_Franz_Die_Verwandlung,49,« An der anderen Seitentür aber klagte leise die Schwester: »Gregor?,Schwester,7054,7063,I-process,O,O,O
metamorphosis,CURATION_USER_Kafka_Franz_Die_Verwandlung,49,« An der anderen Seitentür aber klagte leise die Schwester: »Gregor?,:,7063,7064,O,O,O,O
metamorphosis,CURATION_USER_Kafka_Franz_Die_Verwandlung,49,« An der anderen Seitentür aber klagte leise die Schwester: »Gregor?,»,7065,7066,O,O,O,O
metamorphosis,CURATION_USER_Kafka_Franz_Die_Verwandlung,49,« An der anderen Seitentür aber klagte leise die Schwester: »Gregor?,Gregor,7066,7072,B-non_event,O,B-Direct speech,O
metamorphosis,CURATION_USER_Kafka_Franz_Die_Verwandlung,49,« An der anderen Seitentür aber klagte leise die Schwester: »Gregor?,?,7072,7073,O,O,O,O
metamorphosis,CURATION_USER_Kafka_Franz_Die_Verwandlung,50,Ist dir nicht wohl?,Ist,7074,7077,B-non_event,O,B-Direct speech,O
metamorphosis,CURATION_USER_Kafka_Franz_Die_Verwandlung,50,Ist dir nicht wohl?,dir,7078,7081,I-non_event,O,I-Direct speech,O
metamorphosis,CURATION_USER_Kafka_Franz_Die_Verwandlung,50,Ist dir nicht wohl?,nicht,7082,7087,I-non_event,O,I-Direct speech,O
metamorphosis,CURATION_USER_Kafka_Franz_Die_Verwandlung,50,Ist dir nicht wohl?,wohl,7088,7092,I-non_event,O,I-Direct speech,O
metamorphosis,CURATION_USER_Kafka_Franz_Die_Verwandlung,50,Ist dir nicht wohl?,?,7092,7093,O,O,O,O
metamorphosis,CURATION_USER_Kafka_Franz_Die_Verwandlung,51,Brauchst du etwas?,Brauchst,7094,7102,B-non_event,O,B-Direct speech,O
metamorphosis,CURATION_USER_Kafka_Franz_Die_Verwandlung,51,Brauchst du etwas?,du,7103,7105,I-non_event,O,I-Direct speech,O
metamorphosis,CURATION_USER_Kafka_Franz_Die_Verwandlung,51,Brauchst du etwas?,etwas,7106,7111,I-non_event,O,I-Direct speech,O
metamorphosis,CURATION_USER_Kafka_Franz_Die_Verwandlung,51,Brauchst du etwas?,?,7111,7112,O,O,O,O
metamorphosis,CURATION_USER_Kafka_Franz_Die_Verwandlung,52,"« Nach beiden Seiten hin antwortete Gregor: »Bin schon fertig,« und bemühte sich, durch die sorgfältigste Aussprache und durch Einschaltung von langen Pausen zwischen den einzelnen Worten seiner Stimme alles Auffallende zu nehmen.",«,7112,7113,O,O,O,O
metamorphosis,CURATION_USER_Kafka_Franz_Die_Verwandlung,52,"« Nach beiden Seiten hin antwortete Gregor: »Bin schon fertig,« und bemühte sich, durch die sorgfältigste Aussprache und durch Einschaltung von langen Pausen zwischen den einzelnen Worten seiner Stimme alles Auffallende zu nehmen.",Nach,7114,7118,B-process,O,O,O
metamorphosis,CURATION_USER_Kafka_Franz_Die_Verwandlung,52,"« Nach beiden Seiten hin antwortete Gregor: »Bin schon fertig,« und bemühte sich, durch die sorgfältigste Aussprache und durch Einschaltung von langen Pausen zwischen den einzelnen Worten seiner Stimme alles Auffallende zu nehmen.",beiden,7119,7125,I-process,O,O,O
metamorphosis,CURATION_USER_Kafka_Franz_Die_Verwandlung,52,"« Nach beiden Seiten hin antwortete Gregor: »Bin schon fertig,« und bemühte sich, durch die sorgfältigste Aussprache und durch Einschaltung von langen Pausen zwischen den einzelnen Worten seiner Stimme alles Auffallende zu nehmen.",Seiten,7126,7132,I-process,O,O,O
metamorphosis,CURATION_USER_Kafka_Franz_Die_Verwandlung,52,"« Nach beiden Seiten hin antwortete Gregor: »Bin schon fertig,« und bemühte sich, durch die sorgfältigste Aussprache und durch Einschaltung von langen Pausen zwischen den einzelnen Worten seiner Stimme alles Auffallende zu nehmen.",hin,7133,7136,I-process,O,O,O
metamorphosis,CURATION_USER_Kafka_Franz_Die_Verwandlung,52,"« Nach beiden Seiten hin antwortete Gregor: »Bin schon fertig,« und bemühte sich, durch die sorgfältigste Aussprache und durch Einschaltung von langen Pausen zwischen den einzelnen Worten seiner Stimme alles Auffallende zu nehmen.",antwortete,7137,7147,I-process,O,O,O
metamorphosis,CURATION_USER_Kafka_Franz_Die_Verwandlung,52,"« Nach beiden Seiten hin antwortete Gregor: »Bin schon fertig,« und bemühte sich, durch die sorgfältigste Aussprache und durch Einschaltung von langen Pausen zwischen den einzelnen Worten seiner Stimme alles Auffallende zu nehmen.",Gregor,7148,7154,I-process,O,O,O
metamorphosis,CURATION_USER_Kafka_Franz_Die_Verwandlung,52,"« Nach beiden Seiten hin antwortete Gregor: »Bin schon fertig,« und bemühte sich, durch die sorgfältigste Aussprache und durch Einschaltung von langen Pausen zwischen den einzelnen Worten seiner Stimme alles Auffallende zu nehmen.",:,7154,7155,O,O,O,O
metamorphosis,CURATION_USER_Kafka_Franz_Die_Verwandlung,52,"« Nach beiden Seiten hin antwortete Gregor: »Bin schon fertig,« und bemühte sich, durch die sorgfältigste Aussprache und durch Einschaltung von langen Pausen zwischen den einzelnen Worten seiner Stimme alles Auffallende zu nehmen.",»,7156,7157,O,O,O,O
metamorphosis,CURATION_USER_Kafka_Franz_Die_Verwandlung,52,"« Nach beiden Seiten hin antwortete Gregor: »Bin schon fertig,« und bemühte sich, durch die sorgfältigste Aussprache und durch Einschaltung von langen Pausen zwischen den einzelnen Worten seiner Stimme alles Auffallende zu nehmen.",Bin,7157,7160,B-stative_event,O,B-Direct speech,O
metamorphosis,CURATION_USER_Kafka_Franz_Die_Verwandlung,52,"« Nach beiden Seiten hin antwortete Gregor: »Bin schon fertig,« und bemühte sich, durch die sorgfältigste Aussprache und durch Einschaltung von langen Pausen zwischen den einzelnen Worten seiner Stimme alles Auffallende zu nehmen.",schon,7161,7166,I-stative_event,O,I-Direct speech,O
metamorphosis,CURATION_USER_Kafka_Franz_Die_Verwandlung,52,"« Nach beiden Seiten hin antwortete Gregor: »Bin schon fertig,« und bemühte sich, durch die sorgfältigste Aussprache und durch Einschaltung von langen Pausen zwischen den einzelnen Worten seiner Stimme alles Auffallende zu nehmen.",fertig,7167,7173,I-stative_event,O,I-Direct speech,O
metamorphosis,CURATION_USER_Kafka_Franz_Die_Verwandlung,52,"« Nach beiden Seiten hin antwortete Gregor: »Bin schon fertig,« und bemühte sich, durch die sorgfältigste Aussprache und durch Einschaltung von langen Pausen zwischen den einzelnen Worten seiner Stimme alles Auffallende zu nehmen.",",",7173,7174,O,O,O,O
metamorphosis,CURATION_USER_Kafka_Franz_Die_Verwandlung,52,"« Nach beiden Seiten hin antwortete Gregor: »Bin schon fertig,« und bemühte sich, durch die sorgfältigste Aussprache und durch Einschaltung von langen Pausen zwischen den einzelnen Worten seiner Stimme alles Auffallende zu nehmen.",«,7174,7175,O,O,O,O
metamorphosis,CURATION_USER_Kafka_Franz_Die_Verwandlung,52,"« Nach beiden Seiten hin antwortete Gregor: »Bin schon fertig,« und bemühte sich, durch die sorgfältigste Aussprache und durch Einschaltung von langen Pausen zwischen den einzelnen Worten seiner Stimme alles Auffallende zu nehmen.",und,7176,7179,B-process,O,O,O
metamorphosis,CURATION_USER_Kafka_Franz_Die_Verwandlung,52,"« Nach beiden Seiten hin antwortete Gregor: »Bin schon fertig,« und bemühte sich, durch die sorgfältigste Aussprache und durch Einschaltung von langen Pausen zwischen den einzelnen Worten seiner Stimme alles Auffallende zu nehmen.",bemühte,7180,7187,I-process,O,O,O
metamorphosis,CURATION_USER_Kafka_Franz_Die_Verwandlung,52,"« Nach beiden Seiten hin antwortete Gregor: »Bin schon fertig,« und bemühte sich, durch die sorgfältigste Aussprache und durch Einschaltung von langen Pausen zwischen den einzelnen Worten seiner Stimme alles Auffallende zu nehmen.",sich,7188,7192,I-process,O,O,O
metamorphosis,CURATION_USER_Kafka_Franz_Die_Verwandlung,52,"« Nach beiden Seiten hin antwortete Gregor: »Bin schon fertig,« und bemühte sich, durch die sorgfältigste Aussprache und durch Einschaltung von langen Pausen zwischen den einzelnen Worten seiner Stimme alles Auffallende zu nehmen.",",",7192,7193,I-process,O,O,O
metamorphosis,CURATION_USER_Kafka_Franz_Die_Verwandlung,52,"« Nach beiden Seiten hin antwortete Gregor: »Bin schon fertig,« und bemühte sich, durch die sorgfältigste Aussprache und durch Einschaltung von langen Pausen zwischen den einzelnen Worten seiner Stimme alles Auffallende zu nehmen.",durch,7194,7199,I-process,O,O,O
metamorphosis,CURATION_USER_Kafka_Franz_Die_Verwandlung,52,"« Nach beiden Seiten hin antwortete Gregor: »Bin schon fertig,« und bemühte sich, durch die sorgfältigste Aussprache und durch Einschaltung von langen Pausen zwischen den einzelnen Worten seiner Stimme alles Auffallende zu nehmen.",die,7200,7203,I-process,O,O,O
metamorphosis,CURATION_USER_Kafka_Franz_Die_Verwandlung,52,"« Nach beiden Seiten hin antwortete Gregor: »Bin schon fertig,« und bemühte sich, durch die sorgfältigste Aussprache und durch Einschaltung von langen Pausen zwischen den einzelnen Worten seiner Stimme alles Auffallende zu nehmen.",sorgfältigste,7204,7217,I-process,O,O,O
metamorphosis,CURATION_USER_Kafka_Franz_Die_Verwandlung,52,"« Nach beiden Seiten hin antwortete Gregor: »Bin schon fertig,« und bemühte sich, durch die sorgfältigste Aussprache und durch Einschaltung von langen Pausen zwischen den einzelnen Worten seiner Stimme alles Auffallende zu nehmen.",Aussprache,7218,7228,I-process,O,O,O
metamorphosis,CURATION_USER_Kafka_Franz_Die_Verwandlung,52,"« Nach beiden Seiten hin antwortete Gregor: »Bin schon fertig,« und bemühte sich, durch die sorgfältigste Aussprache und durch Einschaltung von langen Pausen zwischen den einzelnen Worten seiner Stimme alles Auffallende zu nehmen.",und,7229,7232,I-process,O,O,O
metamorphosis,CURATION_USER_Kafka_Franz_Die_Verwandlung,52,"« Nach beiden Seiten hin antwortete Gregor: »Bin schon fertig,« und bemühte sich, durch die sorgfältigste Aussprache und durch Einschaltung von langen Pausen zwischen den einzelnen Worten seiner Stimme alles Auffallende zu nehmen.",durch,7233,7238,I-process,O,O,O
metamorphosis,CURATION_USER_Kafka_Franz_Die_Verwandlung,52,"« Nach beiden Seiten hin antwortete Gregor: »Bin schon fertig,« und bemühte sich, durch die sorgfältigste Aussprache und durch Einschaltung von langen Pausen zwischen den einzelnen Worten seiner Stimme alles Auffallende zu nehmen.",Einschaltung,7239,7251,I-process,O,O,O
metamorphosis,CURATION_USER_Kafka_Franz_Die_Verwandlung,52,"« Nach beiden Seiten hin antwortete Gregor: »Bin schon fertig,« und bemühte sich, durch die sorgfältigste Aussprache und durch Einschaltung von langen Pausen zwischen den einzelnen Worten seiner Stimme alles Auffallende zu nehmen.",von,7252,7255,I-process,O,O,O
metamorphosis,CURATION_USER_Kafka_Franz_Die_Verwandlung,52,"« Nach beiden Seiten hin antwortete Gregor: »Bin schon fertig,« und bemühte sich, durch die sorgfältigste Aussprache und durch Einschaltung von langen Pausen zwischen den einzelnen Worten seiner Stimme alles Auffallende zu nehmen.",langen,7256,7262,I-process,O,O,O
metamorphosis,CURATION_USER_Kafka_Franz_Die_Verwandlung,52,"« Nach beiden Seiten hin antwortete Gregor: »Bin schon fertig,« und bemühte sich, durch die sorgfältigste Aussprache und durch Einschaltung von langen Pausen zwischen den einzelnen Worten seiner Stimme alles Auffallende zu nehmen.",Pausen,7263,7269,I-process,O,O,O
metamorphosis,CURATION_USER_Kafka_Franz_Die_Verwandlung,52,"« Nach beiden Seiten hin antwortete Gregor: »Bin schon fertig,« und bemühte sich, durch die sorgfältigste Aussprache und durch Einschaltung von langen Pausen zwischen den einzelnen Worten seiner Stimme alles Auffallende zu nehmen.",zwischen,7270,7278,I-process,O,O,O
metamorphosis,CURATION_USER_Kafka_Franz_Die_Verwandlung,52,"« Nach beiden Seiten hin antwortete Gregor: »Bin schon fertig,« und bemühte sich, durch die sorgfältigste Aussprache und durch Einschaltung von langen Pausen zwischen den einzelnen Worten seiner Stimme alles Auffallende zu nehmen.",den,7279,7282,I-process,O,O,O
metamorphosis,CURATION_USER_Kafka_Franz_Die_Verwandlung,52,"« Nach beiden Seiten hin antwortete Gregor: »Bin schon fertig,« und bemühte sich, durch die sorgfältigste Aussprache und durch Einschaltung von langen Pausen zwischen den einzelnen Worten seiner Stimme alles Auffallende zu nehmen.",einzelnen,7283,7292,I-process,O,O,O
metamorphosis,CURATION_USER_Kafka_Franz_Die_Verwandlung,52,"« Nach beiden Seiten hin antwortete Gregor: »Bin schon fertig,« und bemühte sich, durch die sorgfältigste Aussprache und durch Einschaltung von langen Pausen zwischen den einzelnen Worten seiner Stimme alles Auffallende zu nehmen.",Worten,7293,7299,I-process,O,O,O
metamorphosis,CURATION_USER_Kafka_Franz_Die_Verwandlung,52,"« Nach beiden Seiten hin antwortete Gregor: »Bin schon fertig,« und bemühte sich, durch die sorgfältigste Aussprache und durch Einschaltung von langen Pausen zwischen den einzelnen Worten seiner Stimme alles Auffallende zu nehmen.",seiner,7300,7306,I-process,O,O,O
metamorphosis,CURATION_USER_Kafka_Franz_Die_Verwandlung,52,"« Nach beiden Seiten hin antwortete Gregor: »Bin schon fertig,« und bemühte sich, durch die sorgfältigste Aussprache und durch Einschaltung von langen Pausen zwischen den einzelnen Worten seiner Stimme alles Auffallende zu nehmen.",Stimme,7307,7313,I-process,O,O,O
metamorphosis,CURATION_USER_Kafka_Franz_Die_Verwandlung,52,"« Nach beiden Seiten hin antwortete Gregor: »Bin schon fertig,« und bemühte sich, durch die sorgfältigste Aussprache und durch Einschaltung von langen Pausen zwischen den einzelnen Worten seiner Stimme alles Auffallende zu nehmen.",alles,7314,7319,I-process,O,O,O
metamorphosis,CURATION_USER_Kafka_Franz_Die_Verwandlung,52,"« Nach beiden Seiten hin antwortete Gregor: »Bin schon fertig,« und bemühte sich, durch die sorgfältigste Aussprache und durch Einschaltung von langen Pausen zwischen den einzelnen Worten seiner Stimme alles Auffallende zu nehmen.",Auffallende,7320,7331,I-process,O,O,O
metamorphosis,CURATION_USER_Kafka_Franz_Die_Verwandlung,52,"« Nach beiden Seiten hin antwortete Gregor: »Bin schon fertig,« und bemühte sich, durch die sorgfältigste Aussprache und durch Einschaltung von langen Pausen zwischen den einzelnen Worten seiner Stimme alles Auffallende zu nehmen.",zu,7332,7334,I-process,O,O,O
metamorphosis,CURATION_USER_Kafka_Franz_Die_Verwandlung,52,"« Nach beiden Seiten hin antwortete Gregor: »Bin schon fertig,« und bemühte sich, durch die sorgfältigste Aussprache und durch Einschaltung von langen Pausen zwischen den einzelnen Worten seiner Stimme alles Auffallende zu nehmen.",nehmen,7335,7341,I-process,O,O,O
metamorphosis,CURATION_USER_Kafka_Franz_Die_Verwandlung,52,"« Nach beiden Seiten hin antwortete Gregor: »Bin schon fertig,« und bemühte sich, durch die sorgfältigste Aussprache und durch Einschaltung von langen Pausen zwischen den einzelnen Worten seiner Stimme alles Auffallende zu nehmen.",.,7341,7342,O,O,O,O
metamorphosis,CURATION_USER_Kafka_Franz_Die_Verwandlung,53,"Der Vater kehrte auch zu seinem Frühstück zurück, die Schwester aber flüsterte: »Gregor, mach auf, ich beschwöre dich.« Gregor aber dachte gar nicht daran aufzumachen, sondern lobte die vom Reisen her übernommene Vorsicht, auch zu Hause alle Türen während der Nacht zu versperren.",Der,7343,7346,B-process,O,O,O
metamorphosis,CURATION_USER_Kafka_Franz_Die_Verwandlung,53,"Der Vater kehrte auch zu seinem Frühstück zurück, die Schwester aber flüsterte: »Gregor, mach auf, ich beschwöre dich.« Gregor aber dachte gar nicht daran aufzumachen, sondern lobte die vom Reisen her übernommene Vorsicht, auch zu Hause alle Türen während der Nacht zu versperren.",Vater,7347,7352,I-process,O,O,O
metamorphosis,CURATION_USER_Kafka_Franz_Die_Verwandlung,53,"Der Vater kehrte auch zu seinem Frühstück zurück, die Schwester aber flüsterte: »Gregor, mach auf, ich beschwöre dich.« Gregor aber dachte gar nicht daran aufzumachen, sondern lobte die vom Reisen her übernommene Vorsicht, auch zu Hause alle Türen während der Nacht zu versperren.",kehrte,7353,7359,I-process,O,O,O
metamorphosis,CURATION_USER_Kafka_Franz_Die_Verwandlung,53,"Der Vater kehrte auch zu seinem Frühstück zurück, die Schwester aber flüsterte: »Gregor, mach auf, ich beschwöre dich.« Gregor aber dachte gar nicht daran aufzumachen, sondern lobte die vom Reisen her übernommene Vorsicht, auch zu Hause alle Türen während der Nacht zu versperren.",auch,7360,7364,I-process,O,O,O
metamorphosis,CURATION_USER_Kafka_Franz_Die_Verwandlung,53,"Der Vater kehrte auch zu seinem Frühstück zurück, die Schwester aber flüsterte: »Gregor, mach auf, ich beschwöre dich.« Gregor aber dachte gar nicht daran aufzumachen, sondern lobte die vom Reisen her übernommene Vorsicht, auch zu Hause alle Türen während der Nacht zu versperren.",zu,7365,7367,I-process,O,O,O
metamorphosis,CURATION_USER_Kafka_Franz_Die_Verwandlung,53,"Der Vater kehrte auch zu seinem Frühstück zurück, die Schwester aber flüsterte: »Gregor, mach auf, ich beschwöre dich.« Gregor aber dachte gar nicht daran aufzumachen, sondern lobte die vom Reisen her übernommene Vorsicht, auch zu Hause alle Türen während der Nacht zu versperren.",seinem,7368,7374,I-process,O,O,O
metamorphosis,CURATION_USER_Kafka_Franz_Die_Verwandlung,53,"Der Vater kehrte auch zu seinem Frühstück zurück, die Schwester aber flüsterte: »Gregor, mach auf, ich beschwöre dich.« Gregor aber dachte gar nicht daran aufzumachen, sondern lobte die vom Reisen her übernommene Vorsicht, auch zu Hause alle Türen während der Nacht zu versperren.",Frühstück,7375,7384,I-process,O,O,O
metamorphosis,CURATION_USER_Kafka_Franz_Die_Verwandlung,53,"Der Vater kehrte auch zu seinem Frühstück zurück, die Schwester aber flüsterte: »Gregor, mach auf, ich beschwöre dich.« Gregor aber dachte gar nicht daran aufzumachen, sondern lobte die vom Reisen her übernommene Vorsicht, auch zu Hause alle Türen während der Nacht zu versperren.",zurück,7385,7391,I-process,O,O,O
metamorphosis,CURATION_USER_Kafka_Franz_Die_Verwandlung,53,"Der Vater kehrte auch zu seinem Frühstück zurück, die Schwester aber flüsterte: »Gregor, mach auf, ich beschwöre dich.« Gregor aber dachte gar nicht daran aufzumachen, sondern lobte die vom Reisen her übernommene Vorsicht, auch zu Hause alle Türen während der Nacht zu versperren.",",",7391,7392,O,O,O,O
metamorphosis,CURATION_USER_Kafka_Franz_Die_Verwandlung,53,"Der Vater kehrte auch zu seinem Frühstück zurück, die Schwester aber flüsterte: »Gregor, mach auf, ich beschwöre dich.« Gregor aber dachte gar nicht daran aufzumachen, sondern lobte die vom Reisen her übernommene Vorsicht, auch zu Hause alle Türen während der Nacht zu versperren.",die,7393,7396,B-process,O,O,O
metamorphosis,CURATION_USER_Kafka_Franz_Die_Verwandlung,53,"Der Vater kehrte auch zu seinem Frühstück zurück, die Schwester aber flüsterte: »Gregor, mach auf, ich beschwöre dich.« Gregor aber dachte gar nicht daran aufzumachen, sondern lobte die vom Reisen her übernommene Vorsicht, auch zu Hause alle Türen während der Nacht zu versperren.",Schwester,7397,7406,I-process,O,O,O
metamorphosis,CURATION_USER_Kafka_Franz_Die_Verwandlung,53,"Der Vater kehrte auch zu seinem Frühstück zurück, die Schwester aber flüsterte: »Gregor, mach auf, ich beschwöre dich.« Gregor aber dachte gar nicht daran aufzumachen, sondern lobte die vom Reisen her übernommene Vorsicht, auch zu Hause alle Türen während der Nacht zu versperren.",aber,7407,7411,I-process,O,O,O
metamorphosis,CURATION_USER_Kafka_Franz_Die_Verwandlung,53,"Der Vater kehrte auch zu seinem Frühstück zurück, die Schwester aber flüsterte: »Gregor, mach auf, ich beschwöre dich.« Gregor aber dachte gar nicht daran aufzumachen, sondern lobte die vom Reisen her übernommene Vorsicht, auch zu Hause alle Türen während der Nacht zu versperren.",flüsterte,7412,7421,I-process,O,O,O
metamorphosis,CURATION_USER_Kafka_Franz_Die_Verwandlung,53,"Der Vater kehrte auch zu seinem Frühstück zurück, die Schwester aber flüsterte: »Gregor, mach auf, ich beschwöre dich.« Gregor aber dachte gar nicht daran aufzumachen, sondern lobte die vom Reisen her übernommene Vorsicht, auch zu Hause alle Türen während der Nacht zu versperren.",:,7421,7422,O,O,O,O
metamorphosis,CURATION_USER_Kafka_Franz_Die_Verwandlung,53,"Der Vater kehrte auch zu seinem Frühstück zurück, die Schwester aber flüsterte: »Gregor, mach auf, ich beschwöre dich.« Gregor aber dachte gar nicht daran aufzumachen, sondern lobte die vom Reisen her übernommene Vorsicht, auch zu Hause alle Türen während der Nacht zu versperren.",»,7423,7424,O,O,O,O
metamorphosis,CURATION_USER_Kafka_Franz_Die_Verwandlung,53,"Der Vater kehrte auch zu seinem Frühstück zurück, die Schwester aber flüsterte: »Gregor, mach auf, ich beschwöre dich.« Gregor aber dachte gar nicht daran aufzumachen, sondern lobte die vom Reisen her übernommene Vorsicht, auch zu Hause alle Türen während der Nacht zu versperren.",Gregor,7424,7430,B-non_event,O,B-Direct speech,O
metamorphosis,CURATION_USER_Kafka_Franz_Die_Verwandlung,53,"Der Vater kehrte auch zu seinem Frühstück zurück, die Schwester aber flüsterte: »Gregor, mach auf, ich beschwöre dich.« Gregor aber dachte gar nicht daran aufzumachen, sondern lobte die vom Reisen her übernommene Vorsicht, auch zu Hause alle Türen während der Nacht zu versperren.",",",7430,7431,I-non_event,O,I-Direct speech,O
metamorphosis,CURATION_USER_Kafka_Franz_Die_Verwandlung,53,"Der Vater kehrte auch zu seinem Frühstück zurück, die Schwester aber flüsterte: »Gregor, mach auf, ich beschwöre dich.« Gregor aber dachte gar nicht daran aufzumachen, sondern lobte die vom Reisen her übernommene Vorsicht, auch zu Hause alle Türen während der Nacht zu versperren.",mach,7432,7436,I-non_event,O,I-Direct speech,O
metamorphosis,CURATION_USER_Kafka_Franz_Die_Verwandlung,53,"Der Vater kehrte auch zu seinem Frühstück zurück, die Schwester aber flüsterte: »Gregor, mach auf, ich beschwöre dich.« Gregor aber dachte gar nicht daran aufzumachen, sondern lobte die vom Reisen her übernommene Vorsicht, auch zu Hause alle Türen während der Nacht zu versperren.",auf,7437,7440,I-non_event,O,I-Direct speech,O
metamorphosis,CURATION_USER_Kafka_Franz_Die_Verwandlung,53,"Der Vater kehrte auch zu seinem Frühstück zurück, die Schwester aber flüsterte: »Gregor, mach auf, ich beschwöre dich.« Gregor aber dachte gar nicht daran aufzumachen, sondern lobte die vom Reisen her übernommene Vorsicht, auch zu Hause alle Türen während der Nacht zu versperren.",",",7440,7441,O,O,O,O
metamorphosis,CURATION_USER_Kafka_Franz_Die_Verwandlung,53,"Der Vater kehrte auch zu seinem Frühstück zurück, die Schwester aber flüsterte: »Gregor, mach auf, ich beschwöre dich.« Gregor aber dachte gar nicht daran aufzumachen, sondern lobte die vom Reisen her übernommene Vorsicht, auch zu Hause alle Türen während der Nacht zu versperren.",ich,7442,7445,B-process,O,B-Direct speech,O
metamorphosis,CURATION_USER_Kafka_Franz_Die_Verwandlung,53,"Der Vater kehrte auch zu seinem Frühstück zurück, die Schwester aber flüsterte: »Gregor, mach auf, ich beschwöre dich.« Gregor aber dachte gar nicht daran aufzumachen, sondern lobte die vom Reisen her übernommene Vorsicht, auch zu Hause alle Türen während der Nacht zu versperren.",beschwöre,7446,7455,I-process,O,I-Direct speech,O
metamorphosis,CURATION_USER_Kafka_Franz_Die_Verwandlung,53,"Der Vater kehrte auch zu seinem Frühstück zurück, die Schwester aber flüsterte: »Gregor, mach auf, ich beschwöre dich.« Gregor aber dachte gar nicht daran aufzumachen, sondern lobte die vom Reisen her übernommene Vorsicht, auch zu Hause alle Türen während der Nacht zu versperren.",dich,7456,7460,I-process,O,I-Direct speech,O
metamorphosis,CURATION_USER_Kafka_Franz_Die_Verwandlung,53,"Der Vater kehrte auch zu seinem Frühstück zurück, die Schwester aber flüsterte: »Gregor, mach auf, ich beschwöre dich.« Gregor aber dachte gar nicht daran aufzumachen, sondern lobte die vom Reisen her übernommene Vorsicht, auch zu Hause alle Türen während der Nacht zu versperren.",.,7460,7461,O,O,O,O
metamorphosis,CURATION_USER_Kafka_Franz_Die_Verwandlung,53,"Der Vater kehrte auch zu seinem Frühstück zurück, die Schwester aber flüsterte: »Gregor, mach auf, ich beschwöre dich.« Gregor aber dachte gar nicht daran aufzumachen, sondern lobte die vom Reisen her übernommene Vorsicht, auch zu Hause alle Türen während der Nacht zu versperren.",«,7461,7462,O,O,O,O
metamorphosis,CURATION_USER_Kafka_Franz_Die_Verwandlung,53,"Der Vater kehrte auch zu seinem Frühstück zurück, die Schwester aber flüsterte: »Gregor, mach auf, ich beschwöre dich.« Gregor aber dachte gar nicht daran aufzumachen, sondern lobte die vom Reisen her übernommene Vorsicht, auch zu Hause alle Türen während der Nacht zu versperren.",Gregor,7463,7469,B-non_event,O,O,O
metamorphosis,CURATION_USER_Kafka_Franz_Die_Verwandlung,53,"Der Vater kehrte auch zu seinem Frühstück zurück, die Schwester aber flüsterte: »Gregor, mach auf, ich beschwöre dich.« Gregor aber dachte gar nicht daran aufzumachen, sondern lobte die vom Reisen her übernommene Vorsicht, auch zu Hause alle Türen während der Nacht zu versperren.",aber,7470,7474,I-non_event,O,O,O
metamorphosis,CURATION_USER_Kafka_Franz_Die_Verwandlung,53,"Der Vater kehrte auch zu seinem Frühstück zurück, die Schwester aber flüsterte: »Gregor, mach auf, ich beschwöre dich.« Gregor aber dachte gar nicht daran aufzumachen, sondern lobte die vom Reisen her übernommene Vorsicht, auch zu Hause alle Türen während der Nacht zu versperren.",dachte,7475,7481,I-non_event,O,O,O
metamorphosis,CURATION_USER_Kafka_Franz_Die_Verwandlung,53,"Der Vater kehrte auch zu seinem Frühstück zurück, die Schwester aber flüsterte: »Gregor, mach auf, ich beschwöre dich.« Gregor aber dachte gar nicht daran aufzumachen, sondern lobte die vom Reisen her übernommene Vorsicht, auch zu Hause alle Türen während der Nacht zu versperren.",gar,7482,7485,I-non_event,O,O,O
metamorphosis,CURATION_USER_Kafka_Franz_Die_Verwandlung,53,"Der Vater kehrte auch zu seinem Frühstück zurück, die Schwester aber flüsterte: »Gregor, mach auf, ich beschwöre dich.« Gregor aber dachte gar nicht daran aufzumachen, sondern lobte die vom Reisen her übernommene Vorsicht, auch zu Hause alle Türen während der Nacht zu versperren.",nicht,7486,7491,I-non_event,O,O,O
metamorphosis,CURATION_USER_Kafka_Franz_Die_Verwandlung,53,"Der Vater kehrte auch zu seinem Frühstück zurück, die Schwester aber flüsterte: »Gregor, mach auf, ich beschwöre dich.« Gregor aber dachte gar nicht daran aufzumachen, sondern lobte die vom Reisen her übernommene Vorsicht, auch zu Hause alle Türen während der Nacht zu versperren.",daran,7492,7497,I-non_event,O,O,O
metamorphosis,CURATION_USER_Kafka_Franz_Die_Verwandlung,53,"Der Vater kehrte auch zu seinem Frühstück zurück, die Schwester aber flüsterte: »Gregor, mach auf, ich beschwöre dich.« Gregor aber dachte gar nicht daran aufzumachen, sondern lobte die vom Reisen her übernommene Vorsicht, auch zu Hause alle Türen während der Nacht zu versperren.",aufzumachen,7498,7509,I-non_event,O,O,O
metamorphosis,CURATION_USER_Kafka_Franz_Die_Verwandlung,53,"Der Vater kehrte auch zu seinem Frühstück zurück, die Schwester aber flüsterte: »Gregor, mach auf, ich beschwöre dich.« Gregor aber dachte gar nicht daran aufzumachen, sondern lobte die vom Reisen her übernommene Vorsicht, auch zu Hause alle Türen während der Nacht zu versperren.",",",7509,7510,O,O,O,O
metamorphosis,CURATION_USER_Kafka_Franz_Die_Verwandlung,53,"Der Vater kehrte auch zu seinem Frühstück zurück, die Schwester aber flüsterte: »Gregor, mach auf, ich beschwöre dich.« Gregor aber dachte gar nicht daran aufzumachen, sondern lobte die vom Reisen her übernommene Vorsicht, auch zu Hause alle Türen während der Nacht zu versperren.",sondern,7511,7518,B-process,O,O,O
metamorphosis,CURATION_USER_Kafka_Franz_Die_Verwandlung,53,"Der Vater kehrte auch zu seinem Frühstück zurück, die Schwester aber flüsterte: »Gregor, mach auf, ich beschwöre dich.« Gregor aber dachte gar nicht daran aufzumachen, sondern lobte die vom Reisen her übernommene Vorsicht, auch zu Hause alle Türen während der Nacht zu versperren.",lobte,7519,7524,I-process,O,O,O
metamorphosis,CURATION_USER_Kafka_Franz_Die_Verwandlung,53,"Der Vater kehrte auch zu seinem Frühstück zurück, die Schwester aber flüsterte: »Gregor, mach auf, ich beschwöre dich.« Gregor aber dachte gar nicht daran aufzumachen, sondern lobte die vom Reisen her übernommene Vorsicht, auch zu Hause alle Türen während der Nacht zu versperren.",die,7525,7528,I-process,O,O,O
metamorphosis,CURATION_USER_Kafka_Franz_Die_Verwandlung,53,"Der Vater kehrte auch zu seinem Frühstück zurück, die Schwester aber flüsterte: »Gregor, mach auf, ich beschwöre dich.« Gregor aber dachte gar nicht daran aufzumachen, sondern lobte die vom Reisen her übernommene Vorsicht, auch zu Hause alle Türen während der Nacht zu versperren.",vom,7529,7532,I-process,O,O,O
metamorphosis,CURATION_USER_Kafka_Franz_Die_Verwandlung,53,"Der Vater kehrte auch zu seinem Frühstück zurück, die Schwester aber flüsterte: »Gregor, mach auf, ich beschwöre dich.« Gregor aber dachte gar nicht daran aufzumachen, sondern lobte die vom Reisen her übernommene Vorsicht, auch zu Hause alle Türen während der Nacht zu versperren.",Reisen,7533,7539,I-process,O,O,O
metamorphosis,CURATION_USER_Kafka_Franz_Die_Verwandlung,53,"Der Vater kehrte auch zu seinem Frühstück zurück, die Schwester aber flüsterte: »Gregor, mach auf, ich beschwöre dich.« Gregor aber dachte gar nicht daran aufzumachen, sondern lobte die vom Reisen her übernommene Vorsicht, auch zu Hause alle Türen während der Nacht zu versperren.",her,7540,7543,I-process,O,O,O
metamorphosis,CURATION_USER_Kafka_Franz_Die_Verwandlung,53,"Der Vater kehrte auch zu seinem Frühstück zurück, die Schwester aber flüsterte: »Gregor, mach auf, ich beschwöre dich.« Gregor aber dachte gar nicht daran aufzumachen, sondern lobte die vom Reisen her übernommene Vorsicht, auch zu Hause alle Türen während der Nacht zu versperren.",übernommene,7544,7555,I-process,O,O,O
metamorphosis,CURATION_USER_Kafka_Franz_Die_Verwandlung,53,"Der Vater kehrte auch zu seinem Frühstück zurück, die Schwester aber flüsterte: »Gregor, mach auf, ich beschwöre dich.« Gregor aber dachte gar nicht daran aufzumachen, sondern lobte die vom Reisen her übernommene Vorsicht, auch zu Hause alle Türen während der Nacht zu versperren.",Vorsicht,7556,7564,I-process,O,O,O
metamorphosis,CURATION_USER_Kafka_Franz_Die_Verwandlung,53,"Der Vater kehrte auch zu seinem Frühstück zurück, die Schwester aber flüsterte: »Gregor, mach auf, ich beschwöre dich.« Gregor aber dachte gar nicht daran aufzumachen, sondern lobte die vom Reisen her übernommene Vorsicht, auch zu Hause alle Türen während der Nacht zu versperren.",",",7564,7565,I-process,O,O,O
metamorphosis,CURATION_USER_Kafka_Franz_Die_Verwandlung,53,"Der Vater kehrte auch zu seinem Frühstück zurück, die Schwester aber flüsterte: »Gregor, mach auf, ich beschwöre dich.« Gregor aber dachte gar nicht daran aufzumachen, sondern lobte die vom Reisen her übernommene Vorsicht, auch zu Hause alle Türen während der Nacht zu versperren.",auch,7566,7570,I-process,O,O,O
metamorphosis,CURATION_USER_Kafka_Franz_Die_Verwandlung,53,"Der Vater kehrte auch zu seinem Frühstück zurück, die Schwester aber flüsterte: »Gregor, mach auf, ich beschwöre dich.« Gregor aber dachte gar nicht daran aufzumachen, sondern lobte die vom Reisen her übernommene Vorsicht, auch zu Hause alle Türen während der Nacht zu versperren.",zu,7571,7573,I-process,O,O,O
metamorphosis,CURATION_USER_Kafka_Franz_Die_Verwandlung,53,"Der Vater kehrte auch zu seinem Frühstück zurück, die Schwester aber flüsterte: »Gregor, mach auf, ich beschwöre dich.« Gregor aber dachte gar nicht daran aufzumachen, sondern lobte die vom Reisen her übernommene Vorsicht, auch zu Hause alle Türen während der Nacht zu versperren.",Hause,7574,7579,I-process,O,O,O
metamorphosis,CURATION_USER_Kafka_Franz_Die_Verwandlung,53,"Der Vater kehrte auch zu seinem Frühstück zurück, die Schwester aber flüsterte: »Gregor, mach auf, ich beschwöre dich.« Gregor aber dachte gar nicht daran aufzumachen, sondern lobte die vom Reisen her übernommene Vorsicht, auch zu Hause alle Türen während der Nacht zu versperren.",alle,7580,7584,I-process,O,O,O
metamorphosis,CURATION_USER_Kafka_Franz_Die_Verwandlung,53,"Der Vater kehrte auch zu seinem Frühstück zurück, die Schwester aber flüsterte: »Gregor, mach auf, ich beschwöre dich.« Gregor aber dachte gar nicht daran aufzumachen, sondern lobte die vom Reisen her übernommene Vorsicht, auch zu Hause alle Türen während der Nacht zu versperren.",Türen,7585,7590,I-process,O,O,O
metamorphosis,CURATION_USER_Kafka_Franz_Die_Verwandlung,53,"Der Vater kehrte auch zu seinem Frühstück zurück, die Schwester aber flüsterte: »Gregor, mach auf, ich beschwöre dich.« Gregor aber dachte gar nicht daran aufzumachen, sondern lobte die vom Reisen her übernommene Vorsicht, auch zu Hause alle Türen während der Nacht zu versperren.",während,7591,7598,I-process,O,O,O
metamorphosis,CURATION_USER_Kafka_Franz_Die_Verwandlung,53,"Der Vater kehrte auch zu seinem Frühstück zurück, die Schwester aber flüsterte: »Gregor, mach auf, ich beschwöre dich.« Gregor aber dachte gar nicht daran aufzumachen, sondern lobte die vom Reisen her übernommene Vorsicht, auch zu Hause alle Türen während der Nacht zu versperren.",der,7599,7602,I-process,O,O,O
metamorphosis,CURATION_USER_Kafka_Franz_Die_Verwandlung,53,"Der Vater kehrte auch zu seinem Frühstück zurück, die Schwester aber flüsterte: »Gregor, mach auf, ich beschwöre dich.« Gregor aber dachte gar nicht daran aufzumachen, sondern lobte die vom Reisen her übernommene Vorsicht, auch zu Hause alle Türen während der Nacht zu versperren.",Nacht,7603,7608,I-process,O,O,O
metamorphosis,CURATION_USER_Kafka_Franz_Die_Verwandlung,53,"Der Vater kehrte auch zu seinem Frühstück zurück, die Schwester aber flüsterte: »Gregor, mach auf, ich beschwöre dich.« Gregor aber dachte gar nicht daran aufzumachen, sondern lobte die vom Reisen her übernommene Vorsicht, auch zu Hause alle Türen während der Nacht zu versperren.",zu,7609,7611,I-process,O,O,O
metamorphosis,CURATION_USER_Kafka_Franz_Die_Verwandlung,53,"Der Vater kehrte auch zu seinem Frühstück zurück, die Schwester aber flüsterte: »Gregor, mach auf, ich beschwöre dich.« Gregor aber dachte gar nicht daran aufzumachen, sondern lobte die vom Reisen her übernommene Vorsicht, auch zu Hause alle Türen während der Nacht zu versperren.",versperren,7612,7622,I-process,O,O,O
metamorphosis,CURATION_USER_Kafka_Franz_Die_Verwandlung,53,"Der Vater kehrte auch zu seinem Frühstück zurück, die Schwester aber flüsterte: »Gregor, mach auf, ich beschwöre dich.« Gregor aber dachte gar nicht daran aufzumachen, sondern lobte die vom Reisen her übernommene Vorsicht, auch zu Hause alle Türen während der Nacht zu versperren.",.,7622,7623,O,O,O,O
