source_file,annotator,sentence_id,sentence_text,token,start,stop,event_bio,event_bio_2,pmode_bio,pmode_bio_2
De_gedaante_verwisseling.txt,CURATION_USER,1,"Toen Gregor Samsa op een ochtend uit onrustige dromen ontwaakte, ontdekte hij dat hij in zijn bed in een reusachtig ondier was veranderd.",Toen,0,4,B-process,O,O,O
De_gedaante_verwisseling.txt,CURATION_USER,1,"Toen Gregor Samsa op een ochtend uit onrustige dromen ontwaakte, ontdekte hij dat hij in zijn bed in een reusachtig ondier was veranderd.",Gregor,5,11,I-process,O,O,O
De_gedaante_verwisseling.txt,CURATION_USER,1,"Toen Gregor Samsa op een ochtend uit onrustige dromen ontwaakte, ontdekte hij dat hij in zijn bed in een reusachtig ondier was veranderd.",Samsa,12,17,I-process,O,O,O
De_gedaante_verwisseling.txt,CURATION_USER,1,"Toen Gregor Samsa op een ochtend uit onrustige dromen ontwaakte, ontdekte hij dat hij in zijn bed in een reusachtig ondier was veranderd.",op,18,20,I-process,O,O,O
De_gedaante_verwisseling.txt,CURATION_USER,1,"Toen Gregor Samsa op een ochtend uit onrustige dromen ontwaakte, ontdekte hij dat hij in zijn bed in een reusachtig ondier was veranderd.",een,21,24,I-process,O,O,O
De_gedaante_verwisseling.txt,CURATION_USER,1,"Toen Gregor Samsa op een ochtend uit onrustige dromen ontwaakte, ontdekte hij dat hij in zijn bed in een reusachtig ondier was veranderd.",ochtend,25,32,I-process,O,O,O
De_gedaante_verwisseling.txt,CURATION_USER,1,"Toen Gregor Samsa op een ochtend uit onrustige dromen ontwaakte, ontdekte hij dat hij in zijn bed in een reusachtig ondier was veranderd.",uit,33,36,I-process,O,O,O
De_gedaante_verwisseling.txt,CURATION_USER,1,"Toen Gregor Samsa op een ochtend uit onrustige dromen ontwaakte, ontdekte hij dat hij in zijn bed in een reusachtig ondier was veranderd.",onrustige,37,46,I-process,O,O,O
De_gedaante_verwisseling.txt,CURATION_USER,1,"Toen Gregor Samsa op een ochtend uit onrustige dromen ontwaakte, ontdekte hij dat hij in zijn bed in een reusachtig ondier was veranderd.",dromen,47,53,I-process,O,O,O
De_gedaante_verwisseling.txt,CURATION_USER,1,"Toen Gregor Samsa op een ochtend uit onrustige dromen ontwaakte, ontdekte hij dat hij in zijn bed in een reusachtig ondier was veranderd.",ontwaakte,54,63,I-process,O,O,O
De_gedaante_verwisseling.txt,CURATION_USER,1,"Toen Gregor Samsa op een ochtend uit onrustige dromen ontwaakte, ontdekte hij dat hij in zijn bed in een reusachtig ondier was veranderd.",",",63,64,O,O,O,O
De_gedaante_verwisseling.txt,CURATION_USER,1,"Toen Gregor Samsa op een ochtend uit onrustige dromen ontwaakte, ontdekte hij dat hij in zijn bed in een reusachtig ondier was veranderd.",ontdekte,65,73,B-process,O,O,O
De_gedaante_verwisseling.txt,CURATION_USER,1,"Toen Gregor Samsa op een ochtend uit onrustige dromen ontwaakte, ontdekte hij dat hij in zijn bed in een reusachtig ondier was veranderd.",hij,74,77,I-process,O,O,O
De_gedaante_verwisseling.txt,CURATION_USER,1,"Toen Gregor Samsa op een ochtend uit onrustige dromen ontwaakte, ontdekte hij dat hij in zijn bed in een reusachtig ondier was veranderd.",dat,78,81,B-change_of_state,O,O,O
De_gedaante_verwisseling.txt,CURATION_USER,1,"Toen Gregor Samsa op een ochtend uit onrustige dromen ontwaakte, ontdekte hij dat hij in zijn bed in een reusachtig ondier was veranderd.",hij,82,85,I-change_of_state,O,O,O
De_gedaante_verwisseling.txt,CURATION_USER,1,"Toen Gregor Samsa op een ochtend uit onrustige dromen ontwaakte, ontdekte hij dat hij in zijn bed in een reusachtig ondier was veranderd.",in,86,88,I-change_of_state,O,O,O
De_gedaante_verwisseling.txt,CURATION_USER,1,"Toen Gregor Samsa op een ochtend uit onrustige dromen ontwaakte, ontdekte hij dat hij in zijn bed in een reusachtig ondier was veranderd.",zijn,89,93,I-change_of_state,O,O,O
De_gedaante_verwisseling.txt,CURATION_USER,1,"Toen Gregor Samsa op een ochtend uit onrustige dromen ontwaakte, ontdekte hij dat hij in zijn bed in een reusachtig ondier was veranderd.",bed,94,97,I-change_of_state,O,O,O
De_gedaante_verwisseling.txt,CURATION_USER,1,"Toen Gregor Samsa op een ochtend uit onrustige dromen ontwaakte, ontdekte hij dat hij in zijn bed in een reusachtig ondier was veranderd.",in,98,100,I-change_of_state,O,O,O
De_gedaante_verwisseling.txt,CURATION_USER,1,"Toen Gregor Samsa op een ochtend uit onrustige dromen ontwaakte, ontdekte hij dat hij in zijn bed in een reusachtig ondier was veranderd.",een,101,104,I-change_of_state,O,O,O
De_gedaante_verwisseling.txt,CURATION_USER,1,"Toen Gregor Samsa op een ochtend uit onrustige dromen ontwaakte, ontdekte hij dat hij in zijn bed in een reusachtig ondier was veranderd.",reusachtig,105,115,I-change_of_state,O,O,O
De_gedaante_verwisseling.txt,CURATION_USER,1,"Toen Gregor Samsa op een ochtend uit onrustige dromen ontwaakte, ontdekte hij dat hij in zijn bed in een reusachtig ondier was veranderd.",ondier,116,122,I-change_of_state,O,O,O
De_gedaante_verwisseling.txt,CURATION_USER,1,"Toen Gregor Samsa op een ochtend uit onrustige dromen ontwaakte, ontdekte hij dat hij in zijn bed in een reusachtig ondier was veranderd.",was,123,126,I-change_of_state,O,O,O
De_gedaante_verwisseling.txt,CURATION_USER,1,"Toen Gregor Samsa op een ochtend uit onrustige dromen ontwaakte, ontdekte hij dat hij in zijn bed in een reusachtig ondier was veranderd.",veranderd,127,136,I-change_of_state,O,O,O
De_gedaante_verwisseling.txt,CURATION_USER,1,"Toen Gregor Samsa op een ochtend uit onrustige dromen ontwaakte, ontdekte hij dat hij in zijn bed in een reusachtig ondier was veranderd.",.,136,137,O,O,O,O
De_gedaante_verwisseling.txt,CURATION_USER,2,"Hij lag op zijn pantserachtig harde rug en zag, als hij zijn kop een beetje optilde, zijn gewelfde, bruine, uit boogvormige stijve delen samengestelde buik, op de welving waarvan de deken, die op het punt stond er helemaal af te glijden, nauwelijks houvast kon vinden.",Hij,138,141,B-stative_event,O,O,O
De_gedaante_verwisseling.txt,CURATION_USER,2,"Hij lag op zijn pantserachtig harde rug en zag, als hij zijn kop een beetje optilde, zijn gewelfde, bruine, uit boogvormige stijve delen samengestelde buik, op de welving waarvan de deken, die op het punt stond er helemaal af te glijden, nauwelijks houvast kon vinden.",lag,142,145,I-stative_event,O,O,O
De_gedaante_verwisseling.txt,CURATION_USER,2,"Hij lag op zijn pantserachtig harde rug en zag, als hij zijn kop een beetje optilde, zijn gewelfde, bruine, uit boogvormige stijve delen samengestelde buik, op de welving waarvan de deken, die op het punt stond er helemaal af te glijden, nauwelijks houvast kon vinden.",op,146,148,I-stative_event,O,O,O
De_gedaante_verwisseling.txt,CURATION_USER,2,"Hij lag op zijn pantserachtig harde rug en zag, als hij zijn kop een beetje optilde, zijn gewelfde, bruine, uit boogvormige stijve delen samengestelde buik, op de welving waarvan de deken, die op het punt stond er helemaal af te glijden, nauwelijks houvast kon vinden.",zijn,149,153,I-stative_event,O,O,O
De_gedaante_verwisseling.txt,CURATION_USER,2,"Hij lag op zijn pantserachtig harde rug en zag, als hij zijn kop een beetje optilde, zijn gewelfde, bruine, uit boogvormige stijve delen samengestelde buik, op de welving waarvan de deken, die op het punt stond er helemaal af te glijden, nauwelijks houvast kon vinden.",pantserachtig,154,167,I-stative_event,O,O,O
De_gedaante_verwisseling.txt,CURATION_USER,2,"Hij lag op zijn pantserachtig harde rug en zag, als hij zijn kop een beetje optilde, zijn gewelfde, bruine, uit boogvormige stijve delen samengestelde buik, op de welving waarvan de deken, die op het punt stond er helemaal af te glijden, nauwelijks houvast kon vinden.",harde,168,173,I-stative_event,O,O,O
De_gedaante_verwisseling.txt,CURATION_USER,2,"Hij lag op zijn pantserachtig harde rug en zag, als hij zijn kop een beetje optilde, zijn gewelfde, bruine, uit boogvormige stijve delen samengestelde buik, op de welving waarvan de deken, die op het punt stond er helemaal af te glijden, nauwelijks houvast kon vinden.",rug,174,177,I-stative_event,O,O,O
De_gedaante_verwisseling.txt,CURATION_USER,2,"Hij lag op zijn pantserachtig harde rug en zag, als hij zijn kop een beetje optilde, zijn gewelfde, bruine, uit boogvormige stijve delen samengestelde buik, op de welving waarvan de deken, die op het punt stond er helemaal af te glijden, nauwelijks houvast kon vinden.",en,178,180,B-process,O,O,O
De_gedaante_verwisseling.txt,CURATION_USER,2,"Hij lag op zijn pantserachtig harde rug en zag, als hij zijn kop een beetje optilde, zijn gewelfde, bruine, uit boogvormige stijve delen samengestelde buik, op de welving waarvan de deken, die op het punt stond er helemaal af te glijden, nauwelijks houvast kon vinden.",zag,181,184,I-process,O,O,O
De_gedaante_verwisseling.txt,CURATION_USER,2,"Hij lag op zijn pantserachtig harde rug en zag, als hij zijn kop een beetje optilde, zijn gewelfde, bruine, uit boogvormige stijve delen samengestelde buik, op de welving waarvan de deken, die op het punt stond er helemaal af te glijden, nauwelijks houvast kon vinden.",",",184,185,I-process,O,O,O
De_gedaante_verwisseling.txt,CURATION_USER,2,"Hij lag op zijn pantserachtig harde rug en zag, als hij zijn kop een beetje optilde, zijn gewelfde, bruine, uit boogvormige stijve delen samengestelde buik, op de welving waarvan de deken, die op het punt stond er helemaal af te glijden, nauwelijks houvast kon vinden.",als,186,189,I-process,B-process,O,O
De_gedaante_verwisseling.txt,CURATION_USER,2,"Hij lag op zijn pantserachtig harde rug en zag, als hij zijn kop een beetje optilde, zijn gewelfde, bruine, uit boogvormige stijve delen samengestelde buik, op de welving waarvan de deken, die op het punt stond er helemaal af te glijden, nauwelijks houvast kon vinden.",hij,190,193,I-process,I-process,O,O
De_gedaante_verwisseling.txt,CURATION_USER,2,"Hij lag op zijn pantserachtig harde rug en zag, als hij zijn kop een beetje optilde, zijn gewelfde, bruine, uit boogvormige stijve delen samengestelde buik, op de welving waarvan de deken, die op het punt stond er helemaal af te glijden, nauwelijks houvast kon vinden.",zijn,194,198,I-process,I-process,O,O
De_gedaante_verwisseling.txt,CURATION_USER,2,"Hij lag op zijn pantserachtig harde rug en zag, als hij zijn kop een beetje optilde, zijn gewelfde, bruine, uit boogvormige stijve delen samengestelde buik, op de welving waarvan de deken, die op het punt stond er helemaal af te glijden, nauwelijks houvast kon vinden.",kop,199,202,I-process,I-process,O,O
De_gedaante_verwisseling.txt,CURATION_USER,2,"Hij lag op zijn pantserachtig harde rug en zag, als hij zijn kop een beetje optilde, zijn gewelfde, bruine, uit boogvormige stijve delen samengestelde buik, op de welving waarvan de deken, die op het punt stond er helemaal af te glijden, nauwelijks houvast kon vinden.",een,203,206,I-process,I-process,O,O
De_gedaante_verwisseling.txt,CURATION_USER,2,"Hij lag op zijn pantserachtig harde rug en zag, als hij zijn kop een beetje optilde, zijn gewelfde, bruine, uit boogvormige stijve delen samengestelde buik, op de welving waarvan de deken, die op het punt stond er helemaal af te glijden, nauwelijks houvast kon vinden.",beetje,207,213,I-process,I-process,O,O
De_gedaante_verwisseling.txt,CURATION_USER,2,"Hij lag op zijn pantserachtig harde rug en zag, als hij zijn kop een beetje optilde, zijn gewelfde, bruine, uit boogvormige stijve delen samengestelde buik, op de welving waarvan de deken, die op het punt stond er helemaal af te glijden, nauwelijks houvast kon vinden.",optilde,214,221,I-process,I-process,O,O
De_gedaante_verwisseling.txt,CURATION_USER,2,"Hij lag op zijn pantserachtig harde rug en zag, als hij zijn kop een beetje optilde, zijn gewelfde, bruine, uit boogvormige stijve delen samengestelde buik, op de welving waarvan de deken, die op het punt stond er helemaal af te glijden, nauwelijks houvast kon vinden.",",",221,222,I-process,O,O,O
De_gedaante_verwisseling.txt,CURATION_USER,2,"Hij lag op zijn pantserachtig harde rug en zag, als hij zijn kop een beetje optilde, zijn gewelfde, bruine, uit boogvormige stijve delen samengestelde buik, op de welving waarvan de deken, die op het punt stond er helemaal af te glijden, nauwelijks houvast kon vinden.",zijn,223,227,I-process,O,O,O
De_gedaante_verwisseling.txt,CURATION_USER,2,"Hij lag op zijn pantserachtig harde rug en zag, als hij zijn kop een beetje optilde, zijn gewelfde, bruine, uit boogvormige stijve delen samengestelde buik, op de welving waarvan de deken, die op het punt stond er helemaal af te glijden, nauwelijks houvast kon vinden.",gewelfde,228,236,I-process,O,O,O
De_gedaante_verwisseling.txt,CURATION_USER,2,"Hij lag op zijn pantserachtig harde rug en zag, als hij zijn kop een beetje optilde, zijn gewelfde, bruine, uit boogvormige stijve delen samengestelde buik, op de welving waarvan de deken, die op het punt stond er helemaal af te glijden, nauwelijks houvast kon vinden.",",",236,237,I-process,O,O,O
De_gedaante_verwisseling.txt,CURATION_USER,2,"Hij lag op zijn pantserachtig harde rug en zag, als hij zijn kop een beetje optilde, zijn gewelfde, bruine, uit boogvormige stijve delen samengestelde buik, op de welving waarvan de deken, die op het punt stond er helemaal af te glijden, nauwelijks houvast kon vinden.",bruine,238,244,I-process,O,O,O
De_gedaante_verwisseling.txt,CURATION_USER,2,"Hij lag op zijn pantserachtig harde rug en zag, als hij zijn kop een beetje optilde, zijn gewelfde, bruine, uit boogvormige stijve delen samengestelde buik, op de welving waarvan de deken, die op het punt stond er helemaal af te glijden, nauwelijks houvast kon vinden.",",",244,245,I-process,O,O,O
De_gedaante_verwisseling.txt,CURATION_USER,2,"Hij lag op zijn pantserachtig harde rug en zag, als hij zijn kop een beetje optilde, zijn gewelfde, bruine, uit boogvormige stijve delen samengestelde buik, op de welving waarvan de deken, die op het punt stond er helemaal af te glijden, nauwelijks houvast kon vinden.",uit,246,249,I-process,O,O,O
De_gedaante_verwisseling.txt,CURATION_USER,2,"Hij lag op zijn pantserachtig harde rug en zag, als hij zijn kop een beetje optilde, zijn gewelfde, bruine, uit boogvormige stijve delen samengestelde buik, op de welving waarvan de deken, die op het punt stond er helemaal af te glijden, nauwelijks houvast kon vinden.",boogvormige,250,261,I-process,O,O,O
De_gedaante_verwisseling.txt,CURATION_USER,2,"Hij lag op zijn pantserachtig harde rug en zag, als hij zijn kop een beetje optilde, zijn gewelfde, bruine, uit boogvormige stijve delen samengestelde buik, op de welving waarvan de deken, die op het punt stond er helemaal af te glijden, nauwelijks houvast kon vinden.",stijve,262,268,I-process,O,O,O
De_gedaante_verwisseling.txt,CURATION_USER,2,"Hij lag op zijn pantserachtig harde rug en zag, als hij zijn kop een beetje optilde, zijn gewelfde, bruine, uit boogvormige stijve delen samengestelde buik, op de welving waarvan de deken, die op het punt stond er helemaal af te glijden, nauwelijks houvast kon vinden.",delen,269,274,I-process,O,O,O
De_gedaante_verwisseling.txt,CURATION_USER,2,"Hij lag op zijn pantserachtig harde rug en zag, als hij zijn kop een beetje optilde, zijn gewelfde, bruine, uit boogvormige stijve delen samengestelde buik, op de welving waarvan de deken, die op het punt stond er helemaal af te glijden, nauwelijks houvast kon vinden.",samengestelde,275,288,I-process,O,O,O
De_gedaante_verwisseling.txt,CURATION_USER,2,"Hij lag op zijn pantserachtig harde rug en zag, als hij zijn kop een beetje optilde, zijn gewelfde, bruine, uit boogvormige stijve delen samengestelde buik, op de welving waarvan de deken, die op het punt stond er helemaal af te glijden, nauwelijks houvast kon vinden.",buik,289,293,I-process,O,O,O
De_gedaante_verwisseling.txt,CURATION_USER,2,"Hij lag op zijn pantserachtig harde rug en zag, als hij zijn kop een beetje optilde, zijn gewelfde, bruine, uit boogvormige stijve delen samengestelde buik, op de welving waarvan de deken, die op het punt stond er helemaal af te glijden, nauwelijks houvast kon vinden.",",",293,294,I-process,O,O,O
De_gedaante_verwisseling.txt,CURATION_USER,2,"Hij lag op zijn pantserachtig harde rug en zag, als hij zijn kop een beetje optilde, zijn gewelfde, bruine, uit boogvormige stijve delen samengestelde buik, op de welving waarvan de deken, die op het punt stond er helemaal af te glijden, nauwelijks houvast kon vinden.",op,295,297,I-process,O,O,O
De_gedaante_verwisseling.txt,CURATION_USER,2,"Hij lag op zijn pantserachtig harde rug en zag, als hij zijn kop een beetje optilde, zijn gewelfde, bruine, uit boogvormige stijve delen samengestelde buik, op de welving waarvan de deken, die op het punt stond er helemaal af te glijden, nauwelijks houvast kon vinden.",de,298,300,I-process,O,O,O
De_gedaante_verwisseling.txt,CURATION_USER,2,"Hij lag op zijn pantserachtig harde rug en zag, als hij zijn kop een beetje optilde, zijn gewelfde, bruine, uit boogvormige stijve delen samengestelde buik, op de welving waarvan de deken, die op het punt stond er helemaal af te glijden, nauwelijks houvast kon vinden.",welving,301,308,I-process,O,O,O
De_gedaante_verwisseling.txt,CURATION_USER,2,"Hij lag op zijn pantserachtig harde rug en zag, als hij zijn kop een beetje optilde, zijn gewelfde, bruine, uit boogvormige stijve delen samengestelde buik, op de welving waarvan de deken, die op het punt stond er helemaal af te glijden, nauwelijks houvast kon vinden.",waarvan,309,316,I-process,O,O,O
De_gedaante_verwisseling.txt,CURATION_USER,2,"Hij lag op zijn pantserachtig harde rug en zag, als hij zijn kop een beetje optilde, zijn gewelfde, bruine, uit boogvormige stijve delen samengestelde buik, op de welving waarvan de deken, die op het punt stond er helemaal af te glijden, nauwelijks houvast kon vinden.",de,317,319,I-process,O,O,O
De_gedaante_verwisseling.txt,CURATION_USER,2,"Hij lag op zijn pantserachtig harde rug en zag, als hij zijn kop een beetje optilde, zijn gewelfde, bruine, uit boogvormige stijve delen samengestelde buik, op de welving waarvan de deken, die op het punt stond er helemaal af te glijden, nauwelijks houvast kon vinden.",deken,320,325,I-process,O,O,O
De_gedaante_verwisseling.txt,CURATION_USER,2,"Hij lag op zijn pantserachtig harde rug en zag, als hij zijn kop een beetje optilde, zijn gewelfde, bruine, uit boogvormige stijve delen samengestelde buik, op de welving waarvan de deken, die op het punt stond er helemaal af te glijden, nauwelijks houvast kon vinden.",",",325,326,O,O,O,O
De_gedaante_verwisseling.txt,CURATION_USER,2,"Hij lag op zijn pantserachtig harde rug en zag, als hij zijn kop een beetje optilde, zijn gewelfde, bruine, uit boogvormige stijve delen samengestelde buik, op de welving waarvan de deken, die op het punt stond er helemaal af te glijden, nauwelijks houvast kon vinden.",die,327,330,B-stative_event,O,O,O
De_gedaante_verwisseling.txt,CURATION_USER,2,"Hij lag op zijn pantserachtig harde rug en zag, als hij zijn kop een beetje optilde, zijn gewelfde, bruine, uit boogvormige stijve delen samengestelde buik, op de welving waarvan de deken, die op het punt stond er helemaal af te glijden, nauwelijks houvast kon vinden.",op,331,333,I-stative_event,O,O,O
De_gedaante_verwisseling.txt,CURATION_USER,2,"Hij lag op zijn pantserachtig harde rug en zag, als hij zijn kop een beetje optilde, zijn gewelfde, bruine, uit boogvormige stijve delen samengestelde buik, op de welving waarvan de deken, die op het punt stond er helemaal af te glijden, nauwelijks houvast kon vinden.",het,334,337,I-stative_event,O,O,O
De_gedaante_verwisseling.txt,CURATION_USER,2,"Hij lag op zijn pantserachtig harde rug en zag, als hij zijn kop een beetje optilde, zijn gewelfde, bruine, uit boogvormige stijve delen samengestelde buik, op de welving waarvan de deken, die op het punt stond er helemaal af te glijden, nauwelijks houvast kon vinden.",punt,338,342,I-stative_event,O,O,O
De_gedaante_verwisseling.txt,CURATION_USER,2,"Hij lag op zijn pantserachtig harde rug en zag, als hij zijn kop een beetje optilde, zijn gewelfde, bruine, uit boogvormige stijve delen samengestelde buik, op de welving waarvan de deken, die op het punt stond er helemaal af te glijden, nauwelijks houvast kon vinden.",stond,343,348,I-stative_event,O,O,O
De_gedaante_verwisseling.txt,CURATION_USER,2,"Hij lag op zijn pantserachtig harde rug en zag, als hij zijn kop een beetje optilde, zijn gewelfde, bruine, uit boogvormige stijve delen samengestelde buik, op de welving waarvan de deken, die op het punt stond er helemaal af te glijden, nauwelijks houvast kon vinden.",er,349,351,I-stative_event,O,O,O
De_gedaante_verwisseling.txt,CURATION_USER,2,"Hij lag op zijn pantserachtig harde rug en zag, als hij zijn kop een beetje optilde, zijn gewelfde, bruine, uit boogvormige stijve delen samengestelde buik, op de welving waarvan de deken, die op het punt stond er helemaal af te glijden, nauwelijks houvast kon vinden.",helemaal,352,360,I-stative_event,O,O,O
De_gedaante_verwisseling.txt,CURATION_USER,2,"Hij lag op zijn pantserachtig harde rug en zag, als hij zijn kop een beetje optilde, zijn gewelfde, bruine, uit boogvormige stijve delen samengestelde buik, op de welving waarvan de deken, die op het punt stond er helemaal af te glijden, nauwelijks houvast kon vinden.",af,361,363,I-stative_event,O,O,O
De_gedaante_verwisseling.txt,CURATION_USER,2,"Hij lag op zijn pantserachtig harde rug en zag, als hij zijn kop een beetje optilde, zijn gewelfde, bruine, uit boogvormige stijve delen samengestelde buik, op de welving waarvan de deken, die op het punt stond er helemaal af te glijden, nauwelijks houvast kon vinden.",te,364,366,I-stative_event,O,O,O
De_gedaante_verwisseling.txt,CURATION_USER,2,"Hij lag op zijn pantserachtig harde rug en zag, als hij zijn kop een beetje optilde, zijn gewelfde, bruine, uit boogvormige stijve delen samengestelde buik, op de welving waarvan de deken, die op het punt stond er helemaal af te glijden, nauwelijks houvast kon vinden.",glijden,367,374,I-stative_event,O,O,O
De_gedaante_verwisseling.txt,CURATION_USER,2,"Hij lag op zijn pantserachtig harde rug en zag, als hij zijn kop een beetje optilde, zijn gewelfde, bruine, uit boogvormige stijve delen samengestelde buik, op de welving waarvan de deken, die op het punt stond er helemaal af te glijden, nauwelijks houvast kon vinden.",",",374,375,O,O,O,O
De_gedaante_verwisseling.txt,CURATION_USER,2,"Hij lag op zijn pantserachtig harde rug en zag, als hij zijn kop een beetje optilde, zijn gewelfde, bruine, uit boogvormige stijve delen samengestelde buik, op de welving waarvan de deken, die op het punt stond er helemaal af te glijden, nauwelijks houvast kon vinden.",nauwelijks,376,386,B-non_event,O,O,O
De_gedaante_verwisseling.txt,CURATION_USER,2,"Hij lag op zijn pantserachtig harde rug en zag, als hij zijn kop een beetje optilde, zijn gewelfde, bruine, uit boogvormige stijve delen samengestelde buik, op de welving waarvan de deken, die op het punt stond er helemaal af te glijden, nauwelijks houvast kon vinden.",houvast,387,394,I-non_event,O,O,O
De_gedaante_verwisseling.txt,CURATION_USER,2,"Hij lag op zijn pantserachtig harde rug en zag, als hij zijn kop een beetje optilde, zijn gewelfde, bruine, uit boogvormige stijve delen samengestelde buik, op de welving waarvan de deken, die op het punt stond er helemaal af te glijden, nauwelijks houvast kon vinden.",kon,395,398,I-non_event,O,O,O
De_gedaante_verwisseling.txt,CURATION_USER,2,"Hij lag op zijn pantserachtig harde rug en zag, als hij zijn kop een beetje optilde, zijn gewelfde, bruine, uit boogvormige stijve delen samengestelde buik, op de welving waarvan de deken, die op het punt stond er helemaal af te glijden, nauwelijks houvast kon vinden.",vinden,399,405,I-non_event,O,O,O
De_gedaante_verwisseling.txt,CURATION_USER,2,"Hij lag op zijn pantserachtig harde rug en zag, als hij zijn kop een beetje optilde, zijn gewelfde, bruine, uit boogvormige stijve delen samengestelde buik, op de welving waarvan de deken, die op het punt stond er helemaal af te glijden, nauwelijks houvast kon vinden.",.,405,406,O,O,O,O
De_gedaante_verwisseling.txt,CURATION_USER,3,"Zijn vele, in vergelijking met zijn verdere omvang jammerlijk dunne pootjes trilden hulpeloos voor zijn ogen.",Zijn,407,411,B-process,O,O,O
De_gedaante_verwisseling.txt,CURATION_USER,3,"Zijn vele, in vergelijking met zijn verdere omvang jammerlijk dunne pootjes trilden hulpeloos voor zijn ogen.",vele,412,416,I-process,O,O,O
De_gedaante_verwisseling.txt,CURATION_USER,3,"Zijn vele, in vergelijking met zijn verdere omvang jammerlijk dunne pootjes trilden hulpeloos voor zijn ogen.",",",416,417,I-process,O,O,O
De_gedaante_verwisseling.txt,CURATION_USER,3,"Zijn vele, in vergelijking met zijn verdere omvang jammerlijk dunne pootjes trilden hulpeloos voor zijn ogen.",in,418,420,I-process,O,O,O
De_gedaante_verwisseling.txt,CURATION_USER,3,"Zijn vele, in vergelijking met zijn verdere omvang jammerlijk dunne pootjes trilden hulpeloos voor zijn ogen.",vergelijking,421,433,I-process,O,O,O
De_gedaante_verwisseling.txt,CURATION_USER,3,"Zijn vele, in vergelijking met zijn verdere omvang jammerlijk dunne pootjes trilden hulpeloos voor zijn ogen.",met,434,437,I-process,O,O,O
De_gedaante_verwisseling.txt,CURATION_USER,3,"Zijn vele, in vergelijking met zijn verdere omvang jammerlijk dunne pootjes trilden hulpeloos voor zijn ogen.",zijn,438,442,I-process,O,O,O
De_gedaante_verwisseling.txt,CURATION_USER,3,"Zijn vele, in vergelijking met zijn verdere omvang jammerlijk dunne pootjes trilden hulpeloos voor zijn ogen.",verdere,443,450,I-process,O,O,O
De_gedaante_verwisseling.txt,CURATION_USER,3,"Zijn vele, in vergelijking met zijn verdere omvang jammerlijk dunne pootjes trilden hulpeloos voor zijn ogen.",omvang,451,457,I-process,O,O,O
De_gedaante_verwisseling.txt,CURATION_USER,3,"Zijn vele, in vergelijking met zijn verdere omvang jammerlijk dunne pootjes trilden hulpeloos voor zijn ogen.",jammerlijk,458,468,I-process,O,O,O
De_gedaante_verwisseling.txt,CURATION_USER,3,"Zijn vele, in vergelijking met zijn verdere omvang jammerlijk dunne pootjes trilden hulpeloos voor zijn ogen.",dunne,469,474,I-process,O,O,O
De_gedaante_verwisseling.txt,CURATION_USER,3,"Zijn vele, in vergelijking met zijn verdere omvang jammerlijk dunne pootjes trilden hulpeloos voor zijn ogen.",pootjes,475,482,I-process,O,O,O
De_gedaante_verwisseling.txt,CURATION_USER,3,"Zijn vele, in vergelijking met zijn verdere omvang jammerlijk dunne pootjes trilden hulpeloos voor zijn ogen.",trilden,483,490,I-process,O,O,O
De_gedaante_verwisseling.txt,CURATION_USER,3,"Zijn vele, in vergelijking met zijn verdere omvang jammerlijk dunne pootjes trilden hulpeloos voor zijn ogen.",hulpeloos,491,500,I-process,O,O,O
De_gedaante_verwisseling.txt,CURATION_USER,3,"Zijn vele, in vergelijking met zijn verdere omvang jammerlijk dunne pootjes trilden hulpeloos voor zijn ogen.",voor,501,505,I-process,O,O,O
De_gedaante_verwisseling.txt,CURATION_USER,3,"Zijn vele, in vergelijking met zijn verdere omvang jammerlijk dunne pootjes trilden hulpeloos voor zijn ogen.",zijn,506,510,I-process,O,O,O
De_gedaante_verwisseling.txt,CURATION_USER,3,"Zijn vele, in vergelijking met zijn verdere omvang jammerlijk dunne pootjes trilden hulpeloos voor zijn ogen.",ogen,511,515,I-process,O,O,O
De_gedaante_verwisseling.txt,CURATION_USER,3,"Zijn vele, in vergelijking met zijn verdere omvang jammerlijk dunne pootjes trilden hulpeloos voor zijn ogen.",.,515,516,O,O,O,O
De_gedaante_verwisseling.txt,CURATION_USER,4,‘Wat is er met mij gebeurd?’,‘,519,520,O,O,O,O
De_gedaante_verwisseling.txt,CURATION_USER,4,‘Wat is er met mij gebeurd?’,Wat,520,523,B-non_event,O,B-Direct thought,O
De_gedaante_verwisseling.txt,CURATION_USER,4,‘Wat is er met mij gebeurd?’,is,524,526,I-non_event,O,I-Direct thought,O
De_gedaante_verwisseling.txt,CURATION_USER,4,‘Wat is er met mij gebeurd?’,er,527,529,I-non_event,O,I-Direct thought,O
De_gedaante_verwisseling.txt,CURATION_USER,4,‘Wat is er met mij gebeurd?’,met,530,533,I-non_event,O,I-Direct thought,O
De_gedaante_verwisseling.txt,CURATION_USER,4,‘Wat is er met mij gebeurd?’,mij,534,537,I-non_event,O,I-Direct thought,O
De_gedaante_verwisseling.txt,CURATION_USER,4,‘Wat is er met mij gebeurd?’,gebeurd,538,545,I-non_event,O,I-Direct thought,O
De_gedaante_verwisseling.txt,CURATION_USER,4,‘Wat is er met mij gebeurd?’,?,545,546,O,O,O,O
De_gedaante_verwisseling.txt,CURATION_USER,4,‘Wat is er met mij gebeurd?’,’,546,547,O,O,O,O
De_gedaante_verwisseling.txt,CURATION_USER,5,dacht hij.,dacht,548,553,B-process,O,O,O
De_gedaante_verwisseling.txt,CURATION_USER,5,dacht hij.,hij,554,557,I-process,O,O,O
De_gedaante_verwisseling.txt,CURATION_USER,5,dacht hij.,.,557,558,O,O,O,O
De_gedaante_verwisseling.txt,CURATION_USER,6,Het was geen droom.,Het,559,562,B-non_event,O,O,O
De_gedaante_verwisseling.txt,CURATION_USER,6,Het was geen droom.,was,563,566,I-non_event,O,O,O
De_gedaante_verwisseling.txt,CURATION_USER,6,Het was geen droom.,geen,567,571,I-non_event,O,O,O
De_gedaante_verwisseling.txt,CURATION_USER,6,Het was geen droom.,droom,572,577,I-non_event,O,O,O
De_gedaante_verwisseling.txt,CURATION_USER,6,Het was geen droom.,.,577,578,O,O,O,O
De_gedaante_verwisseling.txt,CURATION_USER,7,"Zijn kamer, een echte, zij het wat te kleine mensenkamer lag rustig tussen de vier welbekende wanden.",Zijn,579,583,B-stative_event,O,O,O
De_gedaante_verwisseling.txt,CURATION_USER,7,"Zijn kamer, een echte, zij het wat te kleine mensenkamer lag rustig tussen de vier welbekende wanden.",kamer,584,589,I-stative_event,O,O,O
De_gedaante_verwisseling.txt,CURATION_USER,7,"Zijn kamer, een echte, zij het wat te kleine mensenkamer lag rustig tussen de vier welbekende wanden.",",",589,590,I-stative_event,O,O,O
De_gedaante_verwisseling.txt,CURATION_USER,7,"Zijn kamer, een echte, zij het wat te kleine mensenkamer lag rustig tussen de vier welbekende wanden.",een,591,594,I-stative_event,O,O,O
De_gedaante_verwisseling.txt,CURATION_USER,7,"Zijn kamer, een echte, zij het wat te kleine mensenkamer lag rustig tussen de vier welbekende wanden.",echte,595,600,I-stative_event,O,O,O
De_gedaante_verwisseling.txt,CURATION_USER,7,"Zijn kamer, een echte, zij het wat te kleine mensenkamer lag rustig tussen de vier welbekende wanden.",",",600,601,I-stative_event,O,O,O
De_gedaante_verwisseling.txt,CURATION_USER,7,"Zijn kamer, een echte, zij het wat te kleine mensenkamer lag rustig tussen de vier welbekende wanden.",zij,602,605,I-stative_event,O,O,O
De_gedaante_verwisseling.txt,CURATION_USER,7,"Zijn kamer, een echte, zij het wat te kleine mensenkamer lag rustig tussen de vier welbekende wanden.",het,606,609,I-stative_event,O,O,O
De_gedaante_verwisseling.txt,CURATION_USER,7,"Zijn kamer, een echte, zij het wat te kleine mensenkamer lag rustig tussen de vier welbekende wanden.",wat,610,613,I-stative_event,O,O,O
De_gedaante_verwisseling.txt,CURATION_USER,7,"Zijn kamer, een echte, zij het wat te kleine mensenkamer lag rustig tussen de vier welbekende wanden.",te,614,616,I-stative_event,O,O,O
De_gedaante_verwisseling.txt,CURATION_USER,7,"Zijn kamer, een echte, zij het wat te kleine mensenkamer lag rustig tussen de vier welbekende wanden.",kleine,617,623,I-stative_event,O,O,O
De_gedaante_verwisseling.txt,CURATION_USER,7,"Zijn kamer, een echte, zij het wat te kleine mensenkamer lag rustig tussen de vier welbekende wanden.",mensenkamer,624,635,I-stative_event,O,O,O
De_gedaante_verwisseling.txt,CURATION_USER,7,"Zijn kamer, een echte, zij het wat te kleine mensenkamer lag rustig tussen de vier welbekende wanden.",lag,636,639,I-stative_event,O,O,O
De_gedaante_verwisseling.txt,CURATION_USER,7,"Zijn kamer, een echte, zij het wat te kleine mensenkamer lag rustig tussen de vier welbekende wanden.",rustig,640,646,I-stative_event,O,O,O
De_gedaante_verwisseling.txt,CURATION_USER,7,"Zijn kamer, een echte, zij het wat te kleine mensenkamer lag rustig tussen de vier welbekende wanden.",tussen,647,653,I-stative_event,O,O,O
De_gedaante_verwisseling.txt,CURATION_USER,7,"Zijn kamer, een echte, zij het wat te kleine mensenkamer lag rustig tussen de vier welbekende wanden.",de,654,656,I-stative_event,O,O,O
De_gedaante_verwisseling.txt,CURATION_USER,7,"Zijn kamer, een echte, zij het wat te kleine mensenkamer lag rustig tussen de vier welbekende wanden.",vier,657,661,I-stative_event,O,O,O
De_gedaante_verwisseling.txt,CURATION_USER,7,"Zijn kamer, een echte, zij het wat te kleine mensenkamer lag rustig tussen de vier welbekende wanden.",welbekende,662,672,I-stative_event,O,O,O
De_gedaante_verwisseling.txt,CURATION_USER,7,"Zijn kamer, een echte, zij het wat te kleine mensenkamer lag rustig tussen de vier welbekende wanden.",wanden,673,679,I-stative_event,O,O,O
De_gedaante_verwisseling.txt,CURATION_USER,7,"Zijn kamer, een echte, zij het wat te kleine mensenkamer lag rustig tussen de vier welbekende wanden.",.,679,680,O,O,O,O
De_gedaante_verwisseling.txt,CURATION_USER,8,"Boven de tafel, waarop een uitgepakte monstercollectie stoffen lag uitgespreid – Samsa was handelsreiziger – hing de plaat die hij onlangs uit een geïllustreerd tijdschrift had geknipt en in een mooie vergulde lijst gedaan.",Boven,681,686,B-stative_event,O,O,O
De_gedaante_verwisseling.txt,CURATION_USER,8,"Boven de tafel, waarop een uitgepakte monstercollectie stoffen lag uitgespreid – Samsa was handelsreiziger – hing de plaat die hij onlangs uit een geïllustreerd tijdschrift had geknipt en in een mooie vergulde lijst gedaan.",de,687,689,I-stative_event,O,O,O
De_gedaante_verwisseling.txt,CURATION_USER,8,"Boven de tafel, waarop een uitgepakte monstercollectie stoffen lag uitgespreid – Samsa was handelsreiziger – hing de plaat die hij onlangs uit een geïllustreerd tijdschrift had geknipt en in een mooie vergulde lijst gedaan.",tafel,690,695,I-stative_event,O,O,O
De_gedaante_verwisseling.txt,CURATION_USER,8,"Boven de tafel, waarop een uitgepakte monstercollectie stoffen lag uitgespreid – Samsa was handelsreiziger – hing de plaat die hij onlangs uit een geïllustreerd tijdschrift had geknipt en in een mooie vergulde lijst gedaan.",",",695,696,I-stative_event,O,O,O
De_gedaante_verwisseling.txt,CURATION_USER,8,"Boven de tafel, waarop een uitgepakte monstercollectie stoffen lag uitgespreid – Samsa was handelsreiziger – hing de plaat die hij onlangs uit een geïllustreerd tijdschrift had geknipt en in een mooie vergulde lijst gedaan.",waarop,697,703,I-stative_event,B-stative_event,O,O
De_gedaante_verwisseling.txt,CURATION_USER,8,"Boven de tafel, waarop een uitgepakte monstercollectie stoffen lag uitgespreid – Samsa was handelsreiziger – hing de plaat die hij onlangs uit een geïllustreerd tijdschrift had geknipt en in een mooie vergulde lijst gedaan.",een,704,707,I-stative_event,I-stative_event,O,O
De_gedaante_verwisseling.txt,CURATION_USER,8,"Boven de tafel, waarop een uitgepakte monstercollectie stoffen lag uitgespreid – Samsa was handelsreiziger – hing de plaat die hij onlangs uit een geïllustreerd tijdschrift had geknipt en in een mooie vergulde lijst gedaan.",uitgepakte,708,718,I-stative_event,I-stative_event,O,O
De_gedaante_verwisseling.txt,CURATION_USER,8,"Boven de tafel, waarop een uitgepakte monstercollectie stoffen lag uitgespreid – Samsa was handelsreiziger – hing de plaat die hij onlangs uit een geïllustreerd tijdschrift had geknipt en in een mooie vergulde lijst gedaan.",monstercollectie,719,735,I-stative_event,I-stative_event,O,O
De_gedaante_verwisseling.txt,CURATION_USER,8,"Boven de tafel, waarop een uitgepakte monstercollectie stoffen lag uitgespreid – Samsa was handelsreiziger – hing de plaat die hij onlangs uit een geïllustreerd tijdschrift had geknipt en in een mooie vergulde lijst gedaan.",stoffen,736,743,I-stative_event,I-stative_event,O,O
De_gedaante_verwisseling.txt,CURATION_USER,8,"Boven de tafel, waarop een uitgepakte monstercollectie stoffen lag uitgespreid – Samsa was handelsreiziger – hing de plaat die hij onlangs uit een geïllustreerd tijdschrift had geknipt en in een mooie vergulde lijst gedaan.",lag,744,747,I-stative_event,I-stative_event,O,O
De_gedaante_verwisseling.txt,CURATION_USER,8,"Boven de tafel, waarop een uitgepakte monstercollectie stoffen lag uitgespreid – Samsa was handelsreiziger – hing de plaat die hij onlangs uit een geïllustreerd tijdschrift had geknipt en in een mooie vergulde lijst gedaan.",uitgespreid,748,759,I-stative_event,I-stative_event,O,O
De_gedaante_verwisseling.txt,CURATION_USER,8,"Boven de tafel, waarop een uitgepakte monstercollectie stoffen lag uitgespreid – Samsa was handelsreiziger – hing de plaat die hij onlangs uit een geïllustreerd tijdschrift had geknipt en in een mooie vergulde lijst gedaan.",–,760,761,I-stative_event,O,O,O
De_gedaante_verwisseling.txt,CURATION_USER,8,"Boven de tafel, waarop een uitgepakte monstercollectie stoffen lag uitgespreid – Samsa was handelsreiziger – hing de plaat die hij onlangs uit een geïllustreerd tijdschrift had geknipt en in een mooie vergulde lijst gedaan.",Samsa,762,767,I-stative_event,B-stative_event,O,O
De_gedaante_verwisseling.txt,CURATION_USER,8,"Boven de tafel, waarop een uitgepakte monstercollectie stoffen lag uitgespreid – Samsa was handelsreiziger – hing de plaat die hij onlangs uit een geïllustreerd tijdschrift had geknipt en in een mooie vergulde lijst gedaan.",was,768,771,I-stative_event,I-stative_event,O,O
De_gedaante_verwisseling.txt,CURATION_USER,8,"Boven de tafel, waarop een uitgepakte monstercollectie stoffen lag uitgespreid – Samsa was handelsreiziger – hing de plaat die hij onlangs uit een geïllustreerd tijdschrift had geknipt en in een mooie vergulde lijst gedaan.",handelsreiziger,772,787,I-stative_event,I-stative_event,O,O
De_gedaante_verwisseling.txt,CURATION_USER,8,"Boven de tafel, waarop een uitgepakte monstercollectie stoffen lag uitgespreid – Samsa was handelsreiziger – hing de plaat die hij onlangs uit een geïllustreerd tijdschrift had geknipt en in een mooie vergulde lijst gedaan.",–,788,789,I-stative_event,O,O,O
De_gedaante_verwisseling.txt,CURATION_USER,8,"Boven de tafel, waarop een uitgepakte monstercollectie stoffen lag uitgespreid – Samsa was handelsreiziger – hing de plaat die hij onlangs uit een geïllustreerd tijdschrift had geknipt en in een mooie vergulde lijst gedaan.",hing,790,794,I-stative_event,O,O,O
De_gedaante_verwisseling.txt,CURATION_USER,8,"Boven de tafel, waarop een uitgepakte monstercollectie stoffen lag uitgespreid – Samsa was handelsreiziger – hing de plaat die hij onlangs uit een geïllustreerd tijdschrift had geknipt en in een mooie vergulde lijst gedaan.",de,795,797,I-stative_event,O,O,O
De_gedaante_verwisseling.txt,CURATION_USER,8,"Boven de tafel, waarop een uitgepakte monstercollectie stoffen lag uitgespreid – Samsa was handelsreiziger – hing de plaat die hij onlangs uit een geïllustreerd tijdschrift had geknipt en in een mooie vergulde lijst gedaan.",plaat,798,803,I-stative_event,O,O,O
De_gedaante_verwisseling.txt,CURATION_USER,8,"Boven de tafel, waarop een uitgepakte monstercollectie stoffen lag uitgespreid – Samsa was handelsreiziger – hing de plaat die hij onlangs uit een geïllustreerd tijdschrift had geknipt en in een mooie vergulde lijst gedaan.",die,804,807,B-process,O,O,O
De_gedaante_verwisseling.txt,CURATION_USER,8,"Boven de tafel, waarop een uitgepakte monstercollectie stoffen lag uitgespreid – Samsa was handelsreiziger – hing de plaat die hij onlangs uit een geïllustreerd tijdschrift had geknipt en in een mooie vergulde lijst gedaan.",hij,808,811,I-process,O,O,O
De_gedaante_verwisseling.txt,CURATION_USER,8,"Boven de tafel, waarop een uitgepakte monstercollectie stoffen lag uitgespreid – Samsa was handelsreiziger – hing de plaat die hij onlangs uit een geïllustreerd tijdschrift had geknipt en in een mooie vergulde lijst gedaan.",onlangs,812,819,I-process,O,O,O
De_gedaante_verwisseling.txt,CURATION_USER,8,"Boven de tafel, waarop een uitgepakte monstercollectie stoffen lag uitgespreid – Samsa was handelsreiziger – hing de plaat die hij onlangs uit een geïllustreerd tijdschrift had geknipt en in een mooie vergulde lijst gedaan.",uit,820,823,I-process,O,O,O
De_gedaante_verwisseling.txt,CURATION_USER,8,"Boven de tafel, waarop een uitgepakte monstercollectie stoffen lag uitgespreid – Samsa was handelsreiziger – hing de plaat die hij onlangs uit een geïllustreerd tijdschrift had geknipt en in een mooie vergulde lijst gedaan.",een,824,827,I-process,O,O,O
De_gedaante_verwisseling.txt,CURATION_USER,8,"Boven de tafel, waarop een uitgepakte monstercollectie stoffen lag uitgespreid – Samsa was handelsreiziger – hing de plaat die hij onlangs uit een geïllustreerd tijdschrift had geknipt en in een mooie vergulde lijst gedaan.",geïllustreerd,828,841,I-process,O,O,O
De_gedaante_verwisseling.txt,CURATION_USER,8,"Boven de tafel, waarop een uitgepakte monstercollectie stoffen lag uitgespreid – Samsa was handelsreiziger – hing de plaat die hij onlangs uit een geïllustreerd tijdschrift had geknipt en in een mooie vergulde lijst gedaan.",tijdschrift,842,853,I-process,O,O,O
De_gedaante_verwisseling.txt,CURATION_USER,8,"Boven de tafel, waarop een uitgepakte monstercollectie stoffen lag uitgespreid – Samsa was handelsreiziger – hing de plaat die hij onlangs uit een geïllustreerd tijdschrift had geknipt en in een mooie vergulde lijst gedaan.",had,854,857,I-process,O,O,O
De_gedaante_verwisseling.txt,CURATION_USER,8,"Boven de tafel, waarop een uitgepakte monstercollectie stoffen lag uitgespreid – Samsa was handelsreiziger – hing de plaat die hij onlangs uit een geïllustreerd tijdschrift had geknipt en in een mooie vergulde lijst gedaan.",geknipt,858,865,I-process,O,O,O
De_gedaante_verwisseling.txt,CURATION_USER,8,"Boven de tafel, waarop een uitgepakte monstercollectie stoffen lag uitgespreid – Samsa was handelsreiziger – hing de plaat die hij onlangs uit een geïllustreerd tijdschrift had geknipt en in een mooie vergulde lijst gedaan.",en,866,868,B-process,O,O,O
De_gedaante_verwisseling.txt,CURATION_USER,8,"Boven de tafel, waarop een uitgepakte monstercollectie stoffen lag uitgespreid – Samsa was handelsreiziger – hing de plaat die hij onlangs uit een geïllustreerd tijdschrift had geknipt en in een mooie vergulde lijst gedaan.",in,869,871,I-process,O,O,O
De_gedaante_verwisseling.txt,CURATION_USER,8,"Boven de tafel, waarop een uitgepakte monstercollectie stoffen lag uitgespreid – Samsa was handelsreiziger – hing de plaat die hij onlangs uit een geïllustreerd tijdschrift had geknipt en in een mooie vergulde lijst gedaan.",een,872,875,I-process,O,O,O
De_gedaante_verwisseling.txt,CURATION_USER,8,"Boven de tafel, waarop een uitgepakte monstercollectie stoffen lag uitgespreid – Samsa was handelsreiziger – hing de plaat die hij onlangs uit een geïllustreerd tijdschrift had geknipt en in een mooie vergulde lijst gedaan.",mooie,876,881,I-process,O,O,O
De_gedaante_verwisseling.txt,CURATION_USER,8,"Boven de tafel, waarop een uitgepakte monstercollectie stoffen lag uitgespreid – Samsa was handelsreiziger – hing de plaat die hij onlangs uit een geïllustreerd tijdschrift had geknipt en in een mooie vergulde lijst gedaan.",vergulde,882,890,I-process,O,O,O
De_gedaante_verwisseling.txt,CURATION_USER,8,"Boven de tafel, waarop een uitgepakte monstercollectie stoffen lag uitgespreid – Samsa was handelsreiziger – hing de plaat die hij onlangs uit een geïllustreerd tijdschrift had geknipt en in een mooie vergulde lijst gedaan.",lijst,891,896,I-process,O,O,O
De_gedaante_verwisseling.txt,CURATION_USER,8,"Boven de tafel, waarop een uitgepakte monstercollectie stoffen lag uitgespreid – Samsa was handelsreiziger – hing de plaat die hij onlangs uit een geïllustreerd tijdschrift had geknipt en in een mooie vergulde lijst gedaan.",gedaan,897,903,I-process,O,O,O
De_gedaante_verwisseling.txt,CURATION_USER,8,"Boven de tafel, waarop een uitgepakte monstercollectie stoffen lag uitgespreid – Samsa was handelsreiziger – hing de plaat die hij onlangs uit een geïllustreerd tijdschrift had geknipt en in een mooie vergulde lijst gedaan.",.,903,904,O,O,O,O
De_gedaante_verwisseling.txt,CURATION_USER,9,"Er stond een dame op die, voorzien van een bontmuts en een bontboa, rechtop zat en naar de beschouwer een zware bontmof, waarin haar hele onderarm was verdwenen, ophief.",Er,905,907,B-stative_event,O,O,O
De_gedaante_verwisseling.txt,CURATION_USER,9,"Er stond een dame op die, voorzien van een bontmuts en een bontboa, rechtop zat en naar de beschouwer een zware bontmof, waarin haar hele onderarm was verdwenen, ophief.",stond,908,913,I-stative_event,O,O,O
De_gedaante_verwisseling.txt,CURATION_USER,9,"Er stond een dame op die, voorzien van een bontmuts en een bontboa, rechtop zat en naar de beschouwer een zware bontmof, waarin haar hele onderarm was verdwenen, ophief.",een,914,917,I-stative_event,O,O,O
De_gedaante_verwisseling.txt,CURATION_USER,9,"Er stond een dame op die, voorzien van een bontmuts en een bontboa, rechtop zat en naar de beschouwer een zware bontmof, waarin haar hele onderarm was verdwenen, ophief.",dame,918,922,I-stative_event,O,O,O
De_gedaante_verwisseling.txt,CURATION_USER,9,"Er stond een dame op die, voorzien van een bontmuts en een bontboa, rechtop zat en naar de beschouwer een zware bontmof, waarin haar hele onderarm was verdwenen, ophief.",op,923,925,I-stative_event,O,O,O
De_gedaante_verwisseling.txt,CURATION_USER,9,"Er stond een dame op die, voorzien van een bontmuts en een bontboa, rechtop zat en naar de beschouwer een zware bontmof, waarin haar hele onderarm was verdwenen, ophief.",die,926,929,B-stative_event,O,O,O
De_gedaante_verwisseling.txt,CURATION_USER,9,"Er stond een dame op die, voorzien van een bontmuts en een bontboa, rechtop zat en naar de beschouwer een zware bontmof, waarin haar hele onderarm was verdwenen, ophief.",",",929,930,I-stative_event,O,O,O
De_gedaante_verwisseling.txt,CURATION_USER,9,"Er stond een dame op die, voorzien van een bontmuts en een bontboa, rechtop zat en naar de beschouwer een zware bontmof, waarin haar hele onderarm was verdwenen, ophief.",voorzien,931,939,I-stative_event,O,O,O
De_gedaante_verwisseling.txt,CURATION_USER,9,"Er stond een dame op die, voorzien van een bontmuts en een bontboa, rechtop zat en naar de beschouwer een zware bontmof, waarin haar hele onderarm was verdwenen, ophief.",van,940,943,I-stative_event,O,O,O
De_gedaante_verwisseling.txt,CURATION_USER,9,"Er stond een dame op die, voorzien van een bontmuts en een bontboa, rechtop zat en naar de beschouwer een zware bontmof, waarin haar hele onderarm was verdwenen, ophief.",een,944,947,I-stative_event,O,O,O
De_gedaante_verwisseling.txt,CURATION_USER,9,"Er stond een dame op die, voorzien van een bontmuts en een bontboa, rechtop zat en naar de beschouwer een zware bontmof, waarin haar hele onderarm was verdwenen, ophief.",bontmuts,948,956,I-stative_event,O,O,O
De_gedaante_verwisseling.txt,CURATION_USER,9,"Er stond een dame op die, voorzien van een bontmuts en een bontboa, rechtop zat en naar de beschouwer een zware bontmof, waarin haar hele onderarm was verdwenen, ophief.",en,957,959,I-stative_event,O,O,O
De_gedaante_verwisseling.txt,CURATION_USER,9,"Er stond een dame op die, voorzien van een bontmuts en een bontboa, rechtop zat en naar de beschouwer een zware bontmof, waarin haar hele onderarm was verdwenen, ophief.",een,960,963,I-stative_event,O,O,O
De_gedaante_verwisseling.txt,CURATION_USER,9,"Er stond een dame op die, voorzien van een bontmuts en een bontboa, rechtop zat en naar de beschouwer een zware bontmof, waarin haar hele onderarm was verdwenen, ophief.",bontboa,964,971,I-stative_event,O,O,O
De_gedaante_verwisseling.txt,CURATION_USER,9,"Er stond een dame op die, voorzien van een bontmuts en een bontboa, rechtop zat en naar de beschouwer een zware bontmof, waarin haar hele onderarm was verdwenen, ophief.",",",971,972,I-stative_event,O,O,O
De_gedaante_verwisseling.txt,CURATION_USER,9,"Er stond een dame op die, voorzien van een bontmuts en een bontboa, rechtop zat en naar de beschouwer een zware bontmof, waarin haar hele onderarm was verdwenen, ophief.",rechtop,973,980,I-stative_event,O,O,O
De_gedaante_verwisseling.txt,CURATION_USER,9,"Er stond een dame op die, voorzien van een bontmuts en een bontboa, rechtop zat en naar de beschouwer een zware bontmof, waarin haar hele onderarm was verdwenen, ophief.",zat,981,984,I-stative_event,O,O,O
De_gedaante_verwisseling.txt,CURATION_USER,9,"Er stond een dame op die, voorzien van een bontmuts en een bontboa, rechtop zat en naar de beschouwer een zware bontmof, waarin haar hele onderarm was verdwenen, ophief.",en,985,987,B-process,O,O,O
De_gedaante_verwisseling.txt,CURATION_USER,9,"Er stond een dame op die, voorzien van een bontmuts en een bontboa, rechtop zat en naar de beschouwer een zware bontmof, waarin haar hele onderarm was verdwenen, ophief.",naar,988,992,I-process,O,O,O
De_gedaante_verwisseling.txt,CURATION_USER,9,"Er stond een dame op die, voorzien van een bontmuts en een bontboa, rechtop zat en naar de beschouwer een zware bontmof, waarin haar hele onderarm was verdwenen, ophief.",de,993,995,I-process,O,O,O
De_gedaante_verwisseling.txt,CURATION_USER,9,"Er stond een dame op die, voorzien van een bontmuts en een bontboa, rechtop zat en naar de beschouwer een zware bontmof, waarin haar hele onderarm was verdwenen, ophief.",beschouwer,996,1006,I-process,O,O,O
De_gedaante_verwisseling.txt,CURATION_USER,9,"Er stond een dame op die, voorzien van een bontmuts en een bontboa, rechtop zat en naar de beschouwer een zware bontmof, waarin haar hele onderarm was verdwenen, ophief.",een,1007,1010,I-process,O,O,O
De_gedaante_verwisseling.txt,CURATION_USER,9,"Er stond een dame op die, voorzien van een bontmuts en een bontboa, rechtop zat en naar de beschouwer een zware bontmof, waarin haar hele onderarm was verdwenen, ophief.",zware,1011,1016,I-process,O,O,O
De_gedaante_verwisseling.txt,CURATION_USER,9,"Er stond een dame op die, voorzien van een bontmuts en een bontboa, rechtop zat en naar de beschouwer een zware bontmof, waarin haar hele onderarm was verdwenen, ophief.",bontmof,1017,1024,I-process,O,O,O
De_gedaante_verwisseling.txt,CURATION_USER,9,"Er stond een dame op die, voorzien van een bontmuts en een bontboa, rechtop zat en naar de beschouwer een zware bontmof, waarin haar hele onderarm was verdwenen, ophief.",",",1024,1025,I-process,O,O,O
De_gedaante_verwisseling.txt,CURATION_USER,9,"Er stond een dame op die, voorzien van een bontmuts en een bontboa, rechtop zat en naar de beschouwer een zware bontmof, waarin haar hele onderarm was verdwenen, ophief.",waarin,1026,1032,I-process,B-change_of_state,O,O
De_gedaante_verwisseling.txt,CURATION_USER,9,"Er stond een dame op die, voorzien van een bontmuts en een bontboa, rechtop zat en naar de beschouwer een zware bontmof, waarin haar hele onderarm was verdwenen, ophief.",haar,1033,1037,I-process,I-change_of_state,O,O
De_gedaante_verwisseling.txt,CURATION_USER,9,"Er stond een dame op die, voorzien van een bontmuts en een bontboa, rechtop zat en naar de beschouwer een zware bontmof, waarin haar hele onderarm was verdwenen, ophief.",hele,1038,1042,I-process,I-change_of_state,O,O
De_gedaante_verwisseling.txt,CURATION_USER,9,"Er stond een dame op die, voorzien van een bontmuts en een bontboa, rechtop zat en naar de beschouwer een zware bontmof, waarin haar hele onderarm was verdwenen, ophief.",onderarm,1043,1051,I-process,I-change_of_state,O,O
De_gedaante_verwisseling.txt,CURATION_USER,9,"Er stond een dame op die, voorzien van een bontmuts en een bontboa, rechtop zat en naar de beschouwer een zware bontmof, waarin haar hele onderarm was verdwenen, ophief.",was,1052,1055,I-process,I-change_of_state,O,O
De_gedaante_verwisseling.txt,CURATION_USER,9,"Er stond een dame op die, voorzien van een bontmuts en een bontboa, rechtop zat en naar de beschouwer een zware bontmof, waarin haar hele onderarm was verdwenen, ophief.",verdwenen,1056,1065,I-process,I-change_of_state,O,O
De_gedaante_verwisseling.txt,CURATION_USER,9,"Er stond een dame op die, voorzien van een bontmuts en een bontboa, rechtop zat en naar de beschouwer een zware bontmof, waarin haar hele onderarm was verdwenen, ophief.",",",1065,1066,I-process,O,O,O
De_gedaante_verwisseling.txt,CURATION_USER,9,"Er stond een dame op die, voorzien van een bontmuts en een bontboa, rechtop zat en naar de beschouwer een zware bontmof, waarin haar hele onderarm was verdwenen, ophief.",ophief,1067,1073,I-process,O,O,O
De_gedaante_verwisseling.txt,CURATION_USER,9,"Er stond een dame op die, voorzien van een bontmuts en een bontboa, rechtop zat en naar de beschouwer een zware bontmof, waarin haar hele onderarm was verdwenen, ophief.",.,1073,1074,O,O,O,O
De_gedaante_verwisseling.txt,CURATION_USER,10,Gregors blik richtte zich vervolgens op het raam en het treurige weer – je hoorde regendruppels neerkomen op het zink van de vensterbank – maakte hem helemaal melancholiek.,Gregors,1077,1084,B-process,O,O,O
De_gedaante_verwisseling.txt,CURATION_USER,10,Gregors blik richtte zich vervolgens op het raam en het treurige weer – je hoorde regendruppels neerkomen op het zink van de vensterbank – maakte hem helemaal melancholiek.,blik,1085,1089,I-process,O,O,O
De_gedaante_verwisseling.txt,CURATION_USER,10,Gregors blik richtte zich vervolgens op het raam en het treurige weer – je hoorde regendruppels neerkomen op het zink van de vensterbank – maakte hem helemaal melancholiek.,richtte,1090,1097,I-process,O,O,O
De_gedaante_verwisseling.txt,CURATION_USER,10,Gregors blik richtte zich vervolgens op het raam en het treurige weer – je hoorde regendruppels neerkomen op het zink van de vensterbank – maakte hem helemaal melancholiek.,zich,1098,1102,I-process,O,O,O
De_gedaante_verwisseling.txt,CURATION_USER,10,Gregors blik richtte zich vervolgens op het raam en het treurige weer – je hoorde regendruppels neerkomen op het zink van de vensterbank – maakte hem helemaal melancholiek.,vervolgens,1103,1113,I-process,O,O,O
De_gedaante_verwisseling.txt,CURATION_USER,10,Gregors blik richtte zich vervolgens op het raam en het treurige weer – je hoorde regendruppels neerkomen op het zink van de vensterbank – maakte hem helemaal melancholiek.,op,1114,1116,I-process,O,O,O
De_gedaante_verwisseling.txt,CURATION_USER,10,Gregors blik richtte zich vervolgens op het raam en het treurige weer – je hoorde regendruppels neerkomen op het zink van de vensterbank – maakte hem helemaal melancholiek.,het,1117,1120,I-process,O,O,O
De_gedaante_verwisseling.txt,CURATION_USER,10,Gregors blik richtte zich vervolgens op het raam en het treurige weer – je hoorde regendruppels neerkomen op het zink van de vensterbank – maakte hem helemaal melancholiek.,raam,1121,1125,I-process,O,O,O
De_gedaante_verwisseling.txt,CURATION_USER,10,Gregors blik richtte zich vervolgens op het raam en het treurige weer – je hoorde regendruppels neerkomen op het zink van de vensterbank – maakte hem helemaal melancholiek.,en,1126,1128,I-process,O,O,O
De_gedaante_verwisseling.txt,CURATION_USER,10,Gregors blik richtte zich vervolgens op het raam en het treurige weer – je hoorde regendruppels neerkomen op het zink van de vensterbank – maakte hem helemaal melancholiek.,het,1129,1132,I-process,O,O,O
De_gedaante_verwisseling.txt,CURATION_USER,10,Gregors blik richtte zich vervolgens op het raam en het treurige weer – je hoorde regendruppels neerkomen op het zink van de vensterbank – maakte hem helemaal melancholiek.,treurige,1133,1141,I-process,O,O,O
De_gedaante_verwisseling.txt,CURATION_USER,10,Gregors blik richtte zich vervolgens op het raam en het treurige weer – je hoorde regendruppels neerkomen op het zink van de vensterbank – maakte hem helemaal melancholiek.,weer,1142,1146,I-process,O,O,O
De_gedaante_verwisseling.txt,CURATION_USER,10,Gregors blik richtte zich vervolgens op het raam en het treurige weer – je hoorde regendruppels neerkomen op het zink van de vensterbank – maakte hem helemaal melancholiek.,–,1147,1148,O,O,O,O
De_gedaante_verwisseling.txt,CURATION_USER,10,Gregors blik richtte zich vervolgens op het raam en het treurige weer – je hoorde regendruppels neerkomen op het zink van de vensterbank – maakte hem helemaal melancholiek.,je,1149,1151,B-process,O,O,O
De_gedaante_verwisseling.txt,CURATION_USER,10,Gregors blik richtte zich vervolgens op het raam en het treurige weer – je hoorde regendruppels neerkomen op het zink van de vensterbank – maakte hem helemaal melancholiek.,hoorde,1152,1158,I-process,O,O,O
De_gedaante_verwisseling.txt,CURATION_USER,10,Gregors blik richtte zich vervolgens op het raam en het treurige weer – je hoorde regendruppels neerkomen op het zink van de vensterbank – maakte hem helemaal melancholiek.,regendruppels,1159,1172,I-process,O,O,O
De_gedaante_verwisseling.txt,CURATION_USER,10,Gregors blik richtte zich vervolgens op het raam en het treurige weer – je hoorde regendruppels neerkomen op het zink van de vensterbank – maakte hem helemaal melancholiek.,neerkomen,1173,1182,I-process,O,O,O
De_gedaante_verwisseling.txt,CURATION_USER,10,Gregors blik richtte zich vervolgens op het raam en het treurige weer – je hoorde regendruppels neerkomen op het zink van de vensterbank – maakte hem helemaal melancholiek.,op,1183,1185,I-process,O,O,O
De_gedaante_verwisseling.txt,CURATION_USER,10,Gregors blik richtte zich vervolgens op het raam en het treurige weer – je hoorde regendruppels neerkomen op het zink van de vensterbank – maakte hem helemaal melancholiek.,het,1186,1189,I-process,O,O,O
De_gedaante_verwisseling.txt,CURATION_USER,10,Gregors blik richtte zich vervolgens op het raam en het treurige weer – je hoorde regendruppels neerkomen op het zink van de vensterbank – maakte hem helemaal melancholiek.,zink,1190,1194,I-process,O,O,O
De_gedaante_verwisseling.txt,CURATION_USER,10,Gregors blik richtte zich vervolgens op het raam en het treurige weer – je hoorde regendruppels neerkomen op het zink van de vensterbank – maakte hem helemaal melancholiek.,van,1195,1198,I-process,O,O,O
De_gedaante_verwisseling.txt,CURATION_USER,10,Gregors blik richtte zich vervolgens op het raam en het treurige weer – je hoorde regendruppels neerkomen op het zink van de vensterbank – maakte hem helemaal melancholiek.,de,1199,1201,I-process,O,O,O
De_gedaante_verwisseling.txt,CURATION_USER,10,Gregors blik richtte zich vervolgens op het raam en het treurige weer – je hoorde regendruppels neerkomen op het zink van de vensterbank – maakte hem helemaal melancholiek.,vensterbank,1202,1213,I-process,O,O,O
De_gedaante_verwisseling.txt,CURATION_USER,10,Gregors blik richtte zich vervolgens op het raam en het treurige weer – je hoorde regendruppels neerkomen op het zink van de vensterbank – maakte hem helemaal melancholiek.,–,1214,1215,O,O,O,O
De_gedaante_verwisseling.txt,CURATION_USER,10,Gregors blik richtte zich vervolgens op het raam en het treurige weer – je hoorde regendruppels neerkomen op het zink van de vensterbank – maakte hem helemaal melancholiek.,maakte,1216,1222,B-process,O,O,O
De_gedaante_verwisseling.txt,CURATION_USER,10,Gregors blik richtte zich vervolgens op het raam en het treurige weer – je hoorde regendruppels neerkomen op het zink van de vensterbank – maakte hem helemaal melancholiek.,hem,1223,1226,I-process,O,O,O
De_gedaante_verwisseling.txt,CURATION_USER,10,Gregors blik richtte zich vervolgens op het raam en het treurige weer – je hoorde regendruppels neerkomen op het zink van de vensterbank – maakte hem helemaal melancholiek.,helemaal,1227,1235,I-process,O,O,O
De_gedaante_verwisseling.txt,CURATION_USER,10,Gregors blik richtte zich vervolgens op het raam en het treurige weer – je hoorde regendruppels neerkomen op het zink van de vensterbank – maakte hem helemaal melancholiek.,melancholiek,1236,1248,I-process,O,O,O
De_gedaante_verwisseling.txt,CURATION_USER,10,Gregors blik richtte zich vervolgens op het raam en het treurige weer – je hoorde regendruppels neerkomen op het zink van de vensterbank – maakte hem helemaal melancholiek.,.,1248,1249,O,O,O,O
De_gedaante_verwisseling.txt,CURATION_USER,11,"‘Hoe zou het zijn als ik nog even door zou slapen en alle malligheid vergeten,’ dacht hij, maar dat was volstrekt onuitvoerbaar, want hij was eraan gewend op zijn rechterzij te slapen, maar kon zich in zijn huidige toestand niet in die positie manoeuvreren.",‘,1250,1251,O,O,O,O
De_gedaante_verwisseling.txt,CURATION_USER,11,"‘Hoe zou het zijn als ik nog even door zou slapen en alle malligheid vergeten,’ dacht hij, maar dat was volstrekt onuitvoerbaar, want hij was eraan gewend op zijn rechterzij te slapen, maar kon zich in zijn huidige toestand niet in die positie manoeuvreren.",Hoe,1251,1254,B-non_event,O,B-Direct thought,O
De_gedaante_verwisseling.txt,CURATION_USER,11,"‘Hoe zou het zijn als ik nog even door zou slapen en alle malligheid vergeten,’ dacht hij, maar dat was volstrekt onuitvoerbaar, want hij was eraan gewend op zijn rechterzij te slapen, maar kon zich in zijn huidige toestand niet in die positie manoeuvreren.",zou,1255,1258,I-non_event,O,I-Direct thought,O
De_gedaante_verwisseling.txt,CURATION_USER,11,"‘Hoe zou het zijn als ik nog even door zou slapen en alle malligheid vergeten,’ dacht hij, maar dat was volstrekt onuitvoerbaar, want hij was eraan gewend op zijn rechterzij te slapen, maar kon zich in zijn huidige toestand niet in die positie manoeuvreren.",het,1259,1262,I-non_event,O,I-Direct thought,O
De_gedaante_verwisseling.txt,CURATION_USER,11,"‘Hoe zou het zijn als ik nog even door zou slapen en alle malligheid vergeten,’ dacht hij, maar dat was volstrekt onuitvoerbaar, want hij was eraan gewend op zijn rechterzij te slapen, maar kon zich in zijn huidige toestand niet in die positie manoeuvreren.",zijn,1263,1267,I-non_event,O,I-Direct thought,O
De_gedaante_verwisseling.txt,CURATION_USER,11,"‘Hoe zou het zijn als ik nog even door zou slapen en alle malligheid vergeten,’ dacht hij, maar dat was volstrekt onuitvoerbaar, want hij was eraan gewend op zijn rechterzij te slapen, maar kon zich in zijn huidige toestand niet in die positie manoeuvreren.",als,1268,1271,I-non_event,O,I-Direct thought,O
De_gedaante_verwisseling.txt,CURATION_USER,11,"‘Hoe zou het zijn als ik nog even door zou slapen en alle malligheid vergeten,’ dacht hij, maar dat was volstrekt onuitvoerbaar, want hij was eraan gewend op zijn rechterzij te slapen, maar kon zich in zijn huidige toestand niet in die positie manoeuvreren.",ik,1272,1274,I-non_event,O,I-Direct thought,O
De_gedaante_verwisseling.txt,CURATION_USER,11,"‘Hoe zou het zijn als ik nog even door zou slapen en alle malligheid vergeten,’ dacht hij, maar dat was volstrekt onuitvoerbaar, want hij was eraan gewend op zijn rechterzij te slapen, maar kon zich in zijn huidige toestand niet in die positie manoeuvreren.",nog,1275,1278,I-non_event,O,I-Direct thought,O
De_gedaante_verwisseling.txt,CURATION_USER,11,"‘Hoe zou het zijn als ik nog even door zou slapen en alle malligheid vergeten,’ dacht hij, maar dat was volstrekt onuitvoerbaar, want hij was eraan gewend op zijn rechterzij te slapen, maar kon zich in zijn huidige toestand niet in die positie manoeuvreren.",even,1279,1283,I-non_event,O,I-Direct thought,O
De_gedaante_verwisseling.txt,CURATION_USER,11,"‘Hoe zou het zijn als ik nog even door zou slapen en alle malligheid vergeten,’ dacht hij, maar dat was volstrekt onuitvoerbaar, want hij was eraan gewend op zijn rechterzij te slapen, maar kon zich in zijn huidige toestand niet in die positie manoeuvreren.",door,1284,1288,I-non_event,O,I-Direct thought,O
De_gedaante_verwisseling.txt,CURATION_USER,11,"‘Hoe zou het zijn als ik nog even door zou slapen en alle malligheid vergeten,’ dacht hij, maar dat was volstrekt onuitvoerbaar, want hij was eraan gewend op zijn rechterzij te slapen, maar kon zich in zijn huidige toestand niet in die positie manoeuvreren.",zou,1289,1292,I-non_event,O,I-Direct thought,O
De_gedaante_verwisseling.txt,CURATION_USER,11,"‘Hoe zou het zijn als ik nog even door zou slapen en alle malligheid vergeten,’ dacht hij, maar dat was volstrekt onuitvoerbaar, want hij was eraan gewend op zijn rechterzij te slapen, maar kon zich in zijn huidige toestand niet in die positie manoeuvreren.",slapen,1293,1299,I-non_event,O,I-Direct thought,O
De_gedaante_verwisseling.txt,CURATION_USER,11,"‘Hoe zou het zijn als ik nog even door zou slapen en alle malligheid vergeten,’ dacht hij, maar dat was volstrekt onuitvoerbaar, want hij was eraan gewend op zijn rechterzij te slapen, maar kon zich in zijn huidige toestand niet in die positie manoeuvreren.",en,1300,1302,B-non_event,O,B-Direct thought,O
De_gedaante_verwisseling.txt,CURATION_USER,11,"‘Hoe zou het zijn als ik nog even door zou slapen en alle malligheid vergeten,’ dacht hij, maar dat was volstrekt onuitvoerbaar, want hij was eraan gewend op zijn rechterzij te slapen, maar kon zich in zijn huidige toestand niet in die positie manoeuvreren.",alle,1303,1307,I-non_event,O,I-Direct thought,O
De_gedaante_verwisseling.txt,CURATION_USER,11,"‘Hoe zou het zijn als ik nog even door zou slapen en alle malligheid vergeten,’ dacht hij, maar dat was volstrekt onuitvoerbaar, want hij was eraan gewend op zijn rechterzij te slapen, maar kon zich in zijn huidige toestand niet in die positie manoeuvreren.",malligheid,1308,1318,I-non_event,O,I-Direct thought,O
De_gedaante_verwisseling.txt,CURATION_USER,11,"‘Hoe zou het zijn als ik nog even door zou slapen en alle malligheid vergeten,’ dacht hij, maar dat was volstrekt onuitvoerbaar, want hij was eraan gewend op zijn rechterzij te slapen, maar kon zich in zijn huidige toestand niet in die positie manoeuvreren.",vergeten,1319,1327,I-non_event,O,I-Direct thought,O
De_gedaante_verwisseling.txt,CURATION_USER,11,"‘Hoe zou het zijn als ik nog even door zou slapen en alle malligheid vergeten,’ dacht hij, maar dat was volstrekt onuitvoerbaar, want hij was eraan gewend op zijn rechterzij te slapen, maar kon zich in zijn huidige toestand niet in die positie manoeuvreren.",",",1327,1328,O,O,O,O
De_gedaante_verwisseling.txt,CURATION_USER,11,"‘Hoe zou het zijn als ik nog even door zou slapen en alle malligheid vergeten,’ dacht hij, maar dat was volstrekt onuitvoerbaar, want hij was eraan gewend op zijn rechterzij te slapen, maar kon zich in zijn huidige toestand niet in die positie manoeuvreren.",’,1328,1329,O,O,O,O
De_gedaante_verwisseling.txt,CURATION_USER,11,"‘Hoe zou het zijn als ik nog even door zou slapen en alle malligheid vergeten,’ dacht hij, maar dat was volstrekt onuitvoerbaar, want hij was eraan gewend op zijn rechterzij te slapen, maar kon zich in zijn huidige toestand niet in die positie manoeuvreren.",dacht,1330,1335,B-process,O,O,O
De_gedaante_verwisseling.txt,CURATION_USER,11,"‘Hoe zou het zijn als ik nog even door zou slapen en alle malligheid vergeten,’ dacht hij, maar dat was volstrekt onuitvoerbaar, want hij was eraan gewend op zijn rechterzij te slapen, maar kon zich in zijn huidige toestand niet in die positie manoeuvreren.",hij,1336,1339,I-process,O,O,O
De_gedaante_verwisseling.txt,CURATION_USER,11,"‘Hoe zou het zijn als ik nog even door zou slapen en alle malligheid vergeten,’ dacht hij, maar dat was volstrekt onuitvoerbaar, want hij was eraan gewend op zijn rechterzij te slapen, maar kon zich in zijn huidige toestand niet in die positie manoeuvreren.",",",1339,1340,O,O,O,O
De_gedaante_verwisseling.txt,CURATION_USER,11,"‘Hoe zou het zijn als ik nog even door zou slapen en alle malligheid vergeten,’ dacht hij, maar dat was volstrekt onuitvoerbaar, want hij was eraan gewend op zijn rechterzij te slapen, maar kon zich in zijn huidige toestand niet in die positie manoeuvreren.",maar,1341,1345,B-stative_event,O,O,O
De_gedaante_verwisseling.txt,CURATION_USER,11,"‘Hoe zou het zijn als ik nog even door zou slapen en alle malligheid vergeten,’ dacht hij, maar dat was volstrekt onuitvoerbaar, want hij was eraan gewend op zijn rechterzij te slapen, maar kon zich in zijn huidige toestand niet in die positie manoeuvreren.",dat,1346,1349,I-stative_event,O,O,O
De_gedaante_verwisseling.txt,CURATION_USER,11,"‘Hoe zou het zijn als ik nog even door zou slapen en alle malligheid vergeten,’ dacht hij, maar dat was volstrekt onuitvoerbaar, want hij was eraan gewend op zijn rechterzij te slapen, maar kon zich in zijn huidige toestand niet in die positie manoeuvreren.",was,1350,1353,I-stative_event,O,O,O
De_gedaante_verwisseling.txt,CURATION_USER,11,"‘Hoe zou het zijn als ik nog even door zou slapen en alle malligheid vergeten,’ dacht hij, maar dat was volstrekt onuitvoerbaar, want hij was eraan gewend op zijn rechterzij te slapen, maar kon zich in zijn huidige toestand niet in die positie manoeuvreren.",volstrekt,1354,1363,I-stative_event,O,O,O
De_gedaante_verwisseling.txt,CURATION_USER,11,"‘Hoe zou het zijn als ik nog even door zou slapen en alle malligheid vergeten,’ dacht hij, maar dat was volstrekt onuitvoerbaar, want hij was eraan gewend op zijn rechterzij te slapen, maar kon zich in zijn huidige toestand niet in die positie manoeuvreren.",onuitvoerbaar,1364,1377,I-stative_event,O,O,O
De_gedaante_verwisseling.txt,CURATION_USER,11,"‘Hoe zou het zijn als ik nog even door zou slapen en alle malligheid vergeten,’ dacht hij, maar dat was volstrekt onuitvoerbaar, want hij was eraan gewend op zijn rechterzij te slapen, maar kon zich in zijn huidige toestand niet in die positie manoeuvreren.",",",1377,1378,O,O,O,O
De_gedaante_verwisseling.txt,CURATION_USER,11,"‘Hoe zou het zijn als ik nog even door zou slapen en alle malligheid vergeten,’ dacht hij, maar dat was volstrekt onuitvoerbaar, want hij was eraan gewend op zijn rechterzij te slapen, maar kon zich in zijn huidige toestand niet in die positie manoeuvreren.",want,1379,1383,B-stative_event,O,O,O
De_gedaante_verwisseling.txt,CURATION_USER,11,"‘Hoe zou het zijn als ik nog even door zou slapen en alle malligheid vergeten,’ dacht hij, maar dat was volstrekt onuitvoerbaar, want hij was eraan gewend op zijn rechterzij te slapen, maar kon zich in zijn huidige toestand niet in die positie manoeuvreren.",hij,1384,1387,I-stative_event,O,O,O
De_gedaante_verwisseling.txt,CURATION_USER,11,"‘Hoe zou het zijn als ik nog even door zou slapen en alle malligheid vergeten,’ dacht hij, maar dat was volstrekt onuitvoerbaar, want hij was eraan gewend op zijn rechterzij te slapen, maar kon zich in zijn huidige toestand niet in die positie manoeuvreren.",was,1388,1391,I-stative_event,O,O,O
De_gedaante_verwisseling.txt,CURATION_USER,11,"‘Hoe zou het zijn als ik nog even door zou slapen en alle malligheid vergeten,’ dacht hij, maar dat was volstrekt onuitvoerbaar, want hij was eraan gewend op zijn rechterzij te slapen, maar kon zich in zijn huidige toestand niet in die positie manoeuvreren.",eraan,1392,1397,I-stative_event,O,O,O
De_gedaante_verwisseling.txt,CURATION_USER,11,"‘Hoe zou het zijn als ik nog even door zou slapen en alle malligheid vergeten,’ dacht hij, maar dat was volstrekt onuitvoerbaar, want hij was eraan gewend op zijn rechterzij te slapen, maar kon zich in zijn huidige toestand niet in die positie manoeuvreren.",gewend,1398,1404,I-stative_event,O,O,O
De_gedaante_verwisseling.txt,CURATION_USER,11,"‘Hoe zou het zijn als ik nog even door zou slapen en alle malligheid vergeten,’ dacht hij, maar dat was volstrekt onuitvoerbaar, want hij was eraan gewend op zijn rechterzij te slapen, maar kon zich in zijn huidige toestand niet in die positie manoeuvreren.",op,1405,1407,I-stative_event,O,O,O
De_gedaante_verwisseling.txt,CURATION_USER,11,"‘Hoe zou het zijn als ik nog even door zou slapen en alle malligheid vergeten,’ dacht hij, maar dat was volstrekt onuitvoerbaar, want hij was eraan gewend op zijn rechterzij te slapen, maar kon zich in zijn huidige toestand niet in die positie manoeuvreren.",zijn,1408,1412,I-stative_event,O,O,O
De_gedaante_verwisseling.txt,CURATION_USER,11,"‘Hoe zou het zijn als ik nog even door zou slapen en alle malligheid vergeten,’ dacht hij, maar dat was volstrekt onuitvoerbaar, want hij was eraan gewend op zijn rechterzij te slapen, maar kon zich in zijn huidige toestand niet in die positie manoeuvreren.",rechterzij,1413,1423,I-stative_event,O,O,O
De_gedaante_verwisseling.txt,CURATION_USER,11,"‘Hoe zou het zijn als ik nog even door zou slapen en alle malligheid vergeten,’ dacht hij, maar dat was volstrekt onuitvoerbaar, want hij was eraan gewend op zijn rechterzij te slapen, maar kon zich in zijn huidige toestand niet in die positie manoeuvreren.",te,1424,1426,I-stative_event,O,O,O
De_gedaante_verwisseling.txt,CURATION_USER,11,"‘Hoe zou het zijn als ik nog even door zou slapen en alle malligheid vergeten,’ dacht hij, maar dat was volstrekt onuitvoerbaar, want hij was eraan gewend op zijn rechterzij te slapen, maar kon zich in zijn huidige toestand niet in die positie manoeuvreren.",slapen,1427,1433,I-stative_event,O,O,O
De_gedaante_verwisseling.txt,CURATION_USER,11,"‘Hoe zou het zijn als ik nog even door zou slapen en alle malligheid vergeten,’ dacht hij, maar dat was volstrekt onuitvoerbaar, want hij was eraan gewend op zijn rechterzij te slapen, maar kon zich in zijn huidige toestand niet in die positie manoeuvreren.",",",1433,1434,O,O,O,O
De_gedaante_verwisseling.txt,CURATION_USER,11,"‘Hoe zou het zijn als ik nog even door zou slapen en alle malligheid vergeten,’ dacht hij, maar dat was volstrekt onuitvoerbaar, want hij was eraan gewend op zijn rechterzij te slapen, maar kon zich in zijn huidige toestand niet in die positie manoeuvreren.",maar,1435,1439,B-non_event,O,O,O
De_gedaante_verwisseling.txt,CURATION_USER,11,"‘Hoe zou het zijn als ik nog even door zou slapen en alle malligheid vergeten,’ dacht hij, maar dat was volstrekt onuitvoerbaar, want hij was eraan gewend op zijn rechterzij te slapen, maar kon zich in zijn huidige toestand niet in die positie manoeuvreren.",kon,1440,1443,I-non_event,O,O,O
De_gedaante_verwisseling.txt,CURATION_USER,11,"‘Hoe zou het zijn als ik nog even door zou slapen en alle malligheid vergeten,’ dacht hij, maar dat was volstrekt onuitvoerbaar, want hij was eraan gewend op zijn rechterzij te slapen, maar kon zich in zijn huidige toestand niet in die positie manoeuvreren.",zich,1444,1448,I-non_event,O,O,O
De_gedaante_verwisseling.txt,CURATION_USER,11,"‘Hoe zou het zijn als ik nog even door zou slapen en alle malligheid vergeten,’ dacht hij, maar dat was volstrekt onuitvoerbaar, want hij was eraan gewend op zijn rechterzij te slapen, maar kon zich in zijn huidige toestand niet in die positie manoeuvreren.",in,1449,1451,I-non_event,O,O,O
De_gedaante_verwisseling.txt,CURATION_USER,11,"‘Hoe zou het zijn als ik nog even door zou slapen en alle malligheid vergeten,’ dacht hij, maar dat was volstrekt onuitvoerbaar, want hij was eraan gewend op zijn rechterzij te slapen, maar kon zich in zijn huidige toestand niet in die positie manoeuvreren.",zijn,1452,1456,I-non_event,O,O,O
De_gedaante_verwisseling.txt,CURATION_USER,11,"‘Hoe zou het zijn als ik nog even door zou slapen en alle malligheid vergeten,’ dacht hij, maar dat was volstrekt onuitvoerbaar, want hij was eraan gewend op zijn rechterzij te slapen, maar kon zich in zijn huidige toestand niet in die positie manoeuvreren.",huidige,1457,1464,I-non_event,O,O,O
De_gedaante_verwisseling.txt,CURATION_USER,11,"‘Hoe zou het zijn als ik nog even door zou slapen en alle malligheid vergeten,’ dacht hij, maar dat was volstrekt onuitvoerbaar, want hij was eraan gewend op zijn rechterzij te slapen, maar kon zich in zijn huidige toestand niet in die positie manoeuvreren.",toestand,1465,1473,I-non_event,O,O,O
De_gedaante_verwisseling.txt,CURATION_USER,11,"‘Hoe zou het zijn als ik nog even door zou slapen en alle malligheid vergeten,’ dacht hij, maar dat was volstrekt onuitvoerbaar, want hij was eraan gewend op zijn rechterzij te slapen, maar kon zich in zijn huidige toestand niet in die positie manoeuvreren.",niet,1474,1478,I-non_event,O,O,O
De_gedaante_verwisseling.txt,CURATION_USER,11,"‘Hoe zou het zijn als ik nog even door zou slapen en alle malligheid vergeten,’ dacht hij, maar dat was volstrekt onuitvoerbaar, want hij was eraan gewend op zijn rechterzij te slapen, maar kon zich in zijn huidige toestand niet in die positie manoeuvreren.",in,1479,1481,I-non_event,O,O,O
De_gedaante_verwisseling.txt,CURATION_USER,11,"‘Hoe zou het zijn als ik nog even door zou slapen en alle malligheid vergeten,’ dacht hij, maar dat was volstrekt onuitvoerbaar, want hij was eraan gewend op zijn rechterzij te slapen, maar kon zich in zijn huidige toestand niet in die positie manoeuvreren.",die,1482,1485,I-non_event,O,O,O
De_gedaante_verwisseling.txt,CURATION_USER,11,"‘Hoe zou het zijn als ik nog even door zou slapen en alle malligheid vergeten,’ dacht hij, maar dat was volstrekt onuitvoerbaar, want hij was eraan gewend op zijn rechterzij te slapen, maar kon zich in zijn huidige toestand niet in die positie manoeuvreren.",positie,1486,1493,I-non_event,O,O,O
De_gedaante_verwisseling.txt,CURATION_USER,11,"‘Hoe zou het zijn als ik nog even door zou slapen en alle malligheid vergeten,’ dacht hij, maar dat was volstrekt onuitvoerbaar, want hij was eraan gewend op zijn rechterzij te slapen, maar kon zich in zijn huidige toestand niet in die positie manoeuvreren.",manoeuvreren,1494,1506,I-non_event,O,O,O
De_gedaante_verwisseling.txt,CURATION_USER,11,"‘Hoe zou het zijn als ik nog even door zou slapen en alle malligheid vergeten,’ dacht hij, maar dat was volstrekt onuitvoerbaar, want hij was eraan gewend op zijn rechterzij te slapen, maar kon zich in zijn huidige toestand niet in die positie manoeuvreren.",.,1506,1507,O,O,O,O
De_gedaante_verwisseling.txt,CURATION_USER,12,"Met hoeveel kracht hij zich ook op zijn rechterzij wierp, steeds weer schommelde hij terug op zijn rug.",Met,1508,1511,B-stative_event,O,O,O
De_gedaante_verwisseling.txt,CURATION_USER,12,"Met hoeveel kracht hij zich ook op zijn rechterzij wierp, steeds weer schommelde hij terug op zijn rug.",hoeveel,1512,1519,I-stative_event,O,O,O
De_gedaante_verwisseling.txt,CURATION_USER,12,"Met hoeveel kracht hij zich ook op zijn rechterzij wierp, steeds weer schommelde hij terug op zijn rug.",kracht,1520,1526,I-stative_event,O,O,O
De_gedaante_verwisseling.txt,CURATION_USER,12,"Met hoeveel kracht hij zich ook op zijn rechterzij wierp, steeds weer schommelde hij terug op zijn rug.",hij,1527,1530,I-stative_event,O,O,O
De_gedaante_verwisseling.txt,CURATION_USER,12,"Met hoeveel kracht hij zich ook op zijn rechterzij wierp, steeds weer schommelde hij terug op zijn rug.",zich,1531,1535,I-stative_event,O,O,O
De_gedaante_verwisseling.txt,CURATION_USER,12,"Met hoeveel kracht hij zich ook op zijn rechterzij wierp, steeds weer schommelde hij terug op zijn rug.",ook,1536,1539,I-stative_event,O,O,O
De_gedaante_verwisseling.txt,CURATION_USER,12,"Met hoeveel kracht hij zich ook op zijn rechterzij wierp, steeds weer schommelde hij terug op zijn rug.",op,1540,1542,I-stative_event,O,O,O
De_gedaante_verwisseling.txt,CURATION_USER,12,"Met hoeveel kracht hij zich ook op zijn rechterzij wierp, steeds weer schommelde hij terug op zijn rug.",zijn,1543,1547,I-stative_event,O,O,O
De_gedaante_verwisseling.txt,CURATION_USER,12,"Met hoeveel kracht hij zich ook op zijn rechterzij wierp, steeds weer schommelde hij terug op zijn rug.",rechterzij,1548,1558,I-stative_event,O,O,O
De_gedaante_verwisseling.txt,CURATION_USER,12,"Met hoeveel kracht hij zich ook op zijn rechterzij wierp, steeds weer schommelde hij terug op zijn rug.",wierp,1559,1564,I-stative_event,O,O,O
De_gedaante_verwisseling.txt,CURATION_USER,12,"Met hoeveel kracht hij zich ook op zijn rechterzij wierp, steeds weer schommelde hij terug op zijn rug.",",",1564,1565,O,O,O,O
De_gedaante_verwisseling.txt,CURATION_USER,12,"Met hoeveel kracht hij zich ook op zijn rechterzij wierp, steeds weer schommelde hij terug op zijn rug.",steeds,1566,1572,B-stative_event,O,O,O
De_gedaante_verwisseling.txt,CURATION_USER,12,"Met hoeveel kracht hij zich ook op zijn rechterzij wierp, steeds weer schommelde hij terug op zijn rug.",weer,1573,1577,I-stative_event,O,O,O
De_gedaante_verwisseling.txt,CURATION_USER,12,"Met hoeveel kracht hij zich ook op zijn rechterzij wierp, steeds weer schommelde hij terug op zijn rug.",schommelde,1578,1588,I-stative_event,O,O,O
De_gedaante_verwisseling.txt,CURATION_USER,12,"Met hoeveel kracht hij zich ook op zijn rechterzij wierp, steeds weer schommelde hij terug op zijn rug.",hij,1589,1592,I-stative_event,O,O,O
De_gedaante_verwisseling.txt,CURATION_USER,12,"Met hoeveel kracht hij zich ook op zijn rechterzij wierp, steeds weer schommelde hij terug op zijn rug.",terug,1593,1598,I-stative_event,O,O,O
De_gedaante_verwisseling.txt,CURATION_USER,12,"Met hoeveel kracht hij zich ook op zijn rechterzij wierp, steeds weer schommelde hij terug op zijn rug.",op,1599,1601,I-stative_event,O,O,O
De_gedaante_verwisseling.txt,CURATION_USER,12,"Met hoeveel kracht hij zich ook op zijn rechterzij wierp, steeds weer schommelde hij terug op zijn rug.",zijn,1602,1606,I-stative_event,O,O,O
De_gedaante_verwisseling.txt,CURATION_USER,12,"Met hoeveel kracht hij zich ook op zijn rechterzij wierp, steeds weer schommelde hij terug op zijn rug.",rug,1607,1610,I-stative_event,O,O,O
De_gedaante_verwisseling.txt,CURATION_USER,12,"Met hoeveel kracht hij zich ook op zijn rechterzij wierp, steeds weer schommelde hij terug op zijn rug.",.,1610,1611,O,O,O,O
De_gedaante_verwisseling.txt,CURATION_USER,13,"Hij probeerde het wel honderd keer, deed zijn ogen dicht om zijn spartelende pootjes niet te hoeven zien en hield er pas mee op toen hij in zijn zij een nooit eerder ervaren, lichte, doffe pijn begon te voelen.",Hij,1612,1615,B-process,O,O,O
De_gedaante_verwisseling.txt,CURATION_USER,13,"Hij probeerde het wel honderd keer, deed zijn ogen dicht om zijn spartelende pootjes niet te hoeven zien en hield er pas mee op toen hij in zijn zij een nooit eerder ervaren, lichte, doffe pijn begon te voelen.",probeerde,1616,1625,I-process,O,O,O
De_gedaante_verwisseling.txt,CURATION_USER,13,"Hij probeerde het wel honderd keer, deed zijn ogen dicht om zijn spartelende pootjes niet te hoeven zien en hield er pas mee op toen hij in zijn zij een nooit eerder ervaren, lichte, doffe pijn begon te voelen.",het,1626,1629,I-process,O,O,O
De_gedaante_verwisseling.txt,CURATION_USER,13,"Hij probeerde het wel honderd keer, deed zijn ogen dicht om zijn spartelende pootjes niet te hoeven zien en hield er pas mee op toen hij in zijn zij een nooit eerder ervaren, lichte, doffe pijn begon te voelen.",wel,1630,1633,I-process,O,O,O
De_gedaante_verwisseling.txt,CURATION_USER,13,"Hij probeerde het wel honderd keer, deed zijn ogen dicht om zijn spartelende pootjes niet te hoeven zien en hield er pas mee op toen hij in zijn zij een nooit eerder ervaren, lichte, doffe pijn begon te voelen.",honderd,1634,1641,I-process,O,O,O
De_gedaante_verwisseling.txt,CURATION_USER,13,"Hij probeerde het wel honderd keer, deed zijn ogen dicht om zijn spartelende pootjes niet te hoeven zien en hield er pas mee op toen hij in zijn zij een nooit eerder ervaren, lichte, doffe pijn begon te voelen.",keer,1642,1646,I-process,O,O,O
De_gedaante_verwisseling.txt,CURATION_USER,13,"Hij probeerde het wel honderd keer, deed zijn ogen dicht om zijn spartelende pootjes niet te hoeven zien en hield er pas mee op toen hij in zijn zij een nooit eerder ervaren, lichte, doffe pijn begon te voelen.",",",1646,1647,O,O,O,O
De_gedaante_verwisseling.txt,CURATION_USER,13,"Hij probeerde het wel honderd keer, deed zijn ogen dicht om zijn spartelende pootjes niet te hoeven zien en hield er pas mee op toen hij in zijn zij een nooit eerder ervaren, lichte, doffe pijn begon te voelen.",deed,1648,1652,B-process,O,O,O
De_gedaante_verwisseling.txt,CURATION_USER,13,"Hij probeerde het wel honderd keer, deed zijn ogen dicht om zijn spartelende pootjes niet te hoeven zien en hield er pas mee op toen hij in zijn zij een nooit eerder ervaren, lichte, doffe pijn begon te voelen.",zijn,1653,1657,I-process,O,O,O
De_gedaante_verwisseling.txt,CURATION_USER,13,"Hij probeerde het wel honderd keer, deed zijn ogen dicht om zijn spartelende pootjes niet te hoeven zien en hield er pas mee op toen hij in zijn zij een nooit eerder ervaren, lichte, doffe pijn begon te voelen.",ogen,1658,1662,I-process,O,O,O
De_gedaante_verwisseling.txt,CURATION_USER,13,"Hij probeerde het wel honderd keer, deed zijn ogen dicht om zijn spartelende pootjes niet te hoeven zien en hield er pas mee op toen hij in zijn zij een nooit eerder ervaren, lichte, doffe pijn begon te voelen.",dicht,1663,1668,I-process,O,O,O
De_gedaante_verwisseling.txt,CURATION_USER,13,"Hij probeerde het wel honderd keer, deed zijn ogen dicht om zijn spartelende pootjes niet te hoeven zien en hield er pas mee op toen hij in zijn zij een nooit eerder ervaren, lichte, doffe pijn begon te voelen.",om,1669,1671,B-non_event,O,O,O
De_gedaante_verwisseling.txt,CURATION_USER,13,"Hij probeerde het wel honderd keer, deed zijn ogen dicht om zijn spartelende pootjes niet te hoeven zien en hield er pas mee op toen hij in zijn zij een nooit eerder ervaren, lichte, doffe pijn begon te voelen.",zijn,1672,1676,I-non_event,O,O,O
De_gedaante_verwisseling.txt,CURATION_USER,13,"Hij probeerde het wel honderd keer, deed zijn ogen dicht om zijn spartelende pootjes niet te hoeven zien en hield er pas mee op toen hij in zijn zij een nooit eerder ervaren, lichte, doffe pijn begon te voelen.",spartelende,1677,1688,I-non_event,O,O,O
De_gedaante_verwisseling.txt,CURATION_USER,13,"Hij probeerde het wel honderd keer, deed zijn ogen dicht om zijn spartelende pootjes niet te hoeven zien en hield er pas mee op toen hij in zijn zij een nooit eerder ervaren, lichte, doffe pijn begon te voelen.",pootjes,1689,1696,I-non_event,O,O,O
De_gedaante_verwisseling.txt,CURATION_USER,13,"Hij probeerde het wel honderd keer, deed zijn ogen dicht om zijn spartelende pootjes niet te hoeven zien en hield er pas mee op toen hij in zijn zij een nooit eerder ervaren, lichte, doffe pijn begon te voelen.",niet,1697,1701,I-non_event,O,O,O
De_gedaante_verwisseling.txt,CURATION_USER,13,"Hij probeerde het wel honderd keer, deed zijn ogen dicht om zijn spartelende pootjes niet te hoeven zien en hield er pas mee op toen hij in zijn zij een nooit eerder ervaren, lichte, doffe pijn begon te voelen.",te,1702,1704,I-non_event,O,O,O
De_gedaante_verwisseling.txt,CURATION_USER,13,"Hij probeerde het wel honderd keer, deed zijn ogen dicht om zijn spartelende pootjes niet te hoeven zien en hield er pas mee op toen hij in zijn zij een nooit eerder ervaren, lichte, doffe pijn begon te voelen.",hoeven,1705,1711,I-non_event,O,O,O
De_gedaante_verwisseling.txt,CURATION_USER,13,"Hij probeerde het wel honderd keer, deed zijn ogen dicht om zijn spartelende pootjes niet te hoeven zien en hield er pas mee op toen hij in zijn zij een nooit eerder ervaren, lichte, doffe pijn begon te voelen.",zien,1712,1716,I-non_event,O,O,O
De_gedaante_verwisseling.txt,CURATION_USER,13,"Hij probeerde het wel honderd keer, deed zijn ogen dicht om zijn spartelende pootjes niet te hoeven zien en hield er pas mee op toen hij in zijn zij een nooit eerder ervaren, lichte, doffe pijn begon te voelen.",en,1717,1719,B-process,O,O,O
De_gedaante_verwisseling.txt,CURATION_USER,13,"Hij probeerde het wel honderd keer, deed zijn ogen dicht om zijn spartelende pootjes niet te hoeven zien en hield er pas mee op toen hij in zijn zij een nooit eerder ervaren, lichte, doffe pijn begon te voelen.",hield,1720,1725,I-process,O,O,O
De_gedaante_verwisseling.txt,CURATION_USER,13,"Hij probeerde het wel honderd keer, deed zijn ogen dicht om zijn spartelende pootjes niet te hoeven zien en hield er pas mee op toen hij in zijn zij een nooit eerder ervaren, lichte, doffe pijn begon te voelen.",er,1726,1728,I-process,O,O,O
De_gedaante_verwisseling.txt,CURATION_USER,13,"Hij probeerde het wel honderd keer, deed zijn ogen dicht om zijn spartelende pootjes niet te hoeven zien en hield er pas mee op toen hij in zijn zij een nooit eerder ervaren, lichte, doffe pijn begon te voelen.",pas,1729,1732,I-process,O,O,O
De_gedaante_verwisseling.txt,CURATION_USER,13,"Hij probeerde het wel honderd keer, deed zijn ogen dicht om zijn spartelende pootjes niet te hoeven zien en hield er pas mee op toen hij in zijn zij een nooit eerder ervaren, lichte, doffe pijn begon te voelen.",mee,1733,1736,I-process,O,O,O
De_gedaante_verwisseling.txt,CURATION_USER,13,"Hij probeerde het wel honderd keer, deed zijn ogen dicht om zijn spartelende pootjes niet te hoeven zien en hield er pas mee op toen hij in zijn zij een nooit eerder ervaren, lichte, doffe pijn begon te voelen.",op,1737,1739,I-process,O,O,O
De_gedaante_verwisseling.txt,CURATION_USER,13,"Hij probeerde het wel honderd keer, deed zijn ogen dicht om zijn spartelende pootjes niet te hoeven zien en hield er pas mee op toen hij in zijn zij een nooit eerder ervaren, lichte, doffe pijn begon te voelen.",toen,1740,1744,B-process,O,O,O
De_gedaante_verwisseling.txt,CURATION_USER,13,"Hij probeerde het wel honderd keer, deed zijn ogen dicht om zijn spartelende pootjes niet te hoeven zien en hield er pas mee op toen hij in zijn zij een nooit eerder ervaren, lichte, doffe pijn begon te voelen.",hij,1745,1748,I-process,O,O,O
De_gedaante_verwisseling.txt,CURATION_USER,13,"Hij probeerde het wel honderd keer, deed zijn ogen dicht om zijn spartelende pootjes niet te hoeven zien en hield er pas mee op toen hij in zijn zij een nooit eerder ervaren, lichte, doffe pijn begon te voelen.",in,1749,1751,I-process,O,O,O
De_gedaante_verwisseling.txt,CURATION_USER,13,"Hij probeerde het wel honderd keer, deed zijn ogen dicht om zijn spartelende pootjes niet te hoeven zien en hield er pas mee op toen hij in zijn zij een nooit eerder ervaren, lichte, doffe pijn begon te voelen.",zijn,1752,1756,I-process,O,O,O
De_gedaante_verwisseling.txt,CURATION_USER,13,"Hij probeerde het wel honderd keer, deed zijn ogen dicht om zijn spartelende pootjes niet te hoeven zien en hield er pas mee op toen hij in zijn zij een nooit eerder ervaren, lichte, doffe pijn begon te voelen.",zij,1757,1760,I-process,O,O,O
De_gedaante_verwisseling.txt,CURATION_USER,13,"Hij probeerde het wel honderd keer, deed zijn ogen dicht om zijn spartelende pootjes niet te hoeven zien en hield er pas mee op toen hij in zijn zij een nooit eerder ervaren, lichte, doffe pijn begon te voelen.",een,1761,1764,I-process,O,O,O
De_gedaante_verwisseling.txt,CURATION_USER,13,"Hij probeerde het wel honderd keer, deed zijn ogen dicht om zijn spartelende pootjes niet te hoeven zien en hield er pas mee op toen hij in zijn zij een nooit eerder ervaren, lichte, doffe pijn begon te voelen.",nooit,1765,1770,I-process,O,O,O
De_gedaante_verwisseling.txt,CURATION_USER,13,"Hij probeerde het wel honderd keer, deed zijn ogen dicht om zijn spartelende pootjes niet te hoeven zien en hield er pas mee op toen hij in zijn zij een nooit eerder ervaren, lichte, doffe pijn begon te voelen.",eerder,1771,1777,I-process,O,O,O
De_gedaante_verwisseling.txt,CURATION_USER,13,"Hij probeerde het wel honderd keer, deed zijn ogen dicht om zijn spartelende pootjes niet te hoeven zien en hield er pas mee op toen hij in zijn zij een nooit eerder ervaren, lichte, doffe pijn begon te voelen.",ervaren,1778,1785,I-process,O,O,O
De_gedaante_verwisseling.txt,CURATION_USER,13,"Hij probeerde het wel honderd keer, deed zijn ogen dicht om zijn spartelende pootjes niet te hoeven zien en hield er pas mee op toen hij in zijn zij een nooit eerder ervaren, lichte, doffe pijn begon te voelen.",",",1785,1786,I-process,O,O,O
De_gedaante_verwisseling.txt,CURATION_USER,13,"Hij probeerde het wel honderd keer, deed zijn ogen dicht om zijn spartelende pootjes niet te hoeven zien en hield er pas mee op toen hij in zijn zij een nooit eerder ervaren, lichte, doffe pijn begon te voelen.",lichte,1787,1793,I-process,O,O,O
De_gedaante_verwisseling.txt,CURATION_USER,13,"Hij probeerde het wel honderd keer, deed zijn ogen dicht om zijn spartelende pootjes niet te hoeven zien en hield er pas mee op toen hij in zijn zij een nooit eerder ervaren, lichte, doffe pijn begon te voelen.",",",1793,1794,I-process,O,O,O
De_gedaante_verwisseling.txt,CURATION_USER,13,"Hij probeerde het wel honderd keer, deed zijn ogen dicht om zijn spartelende pootjes niet te hoeven zien en hield er pas mee op toen hij in zijn zij een nooit eerder ervaren, lichte, doffe pijn begon te voelen.",doffe,1795,1800,I-process,O,O,O
De_gedaante_verwisseling.txt,CURATION_USER,13,"Hij probeerde het wel honderd keer, deed zijn ogen dicht om zijn spartelende pootjes niet te hoeven zien en hield er pas mee op toen hij in zijn zij een nooit eerder ervaren, lichte, doffe pijn begon te voelen.",pijn,1801,1805,I-process,O,O,O
De_gedaante_verwisseling.txt,CURATION_USER,13,"Hij probeerde het wel honderd keer, deed zijn ogen dicht om zijn spartelende pootjes niet te hoeven zien en hield er pas mee op toen hij in zijn zij een nooit eerder ervaren, lichte, doffe pijn begon te voelen.",begon,1806,1811,I-process,O,O,O
De_gedaante_verwisseling.txt,CURATION_USER,13,"Hij probeerde het wel honderd keer, deed zijn ogen dicht om zijn spartelende pootjes niet te hoeven zien en hield er pas mee op toen hij in zijn zij een nooit eerder ervaren, lichte, doffe pijn begon te voelen.",te,1812,1814,I-process,O,O,O
De_gedaante_verwisseling.txt,CURATION_USER,13,"Hij probeerde het wel honderd keer, deed zijn ogen dicht om zijn spartelende pootjes niet te hoeven zien en hield er pas mee op toen hij in zijn zij een nooit eerder ervaren, lichte, doffe pijn begon te voelen.",voelen,1815,1821,I-process,O,O,O
De_gedaante_verwisseling.txt,CURATION_USER,13,"Hij probeerde het wel honderd keer, deed zijn ogen dicht om zijn spartelende pootjes niet te hoeven zien en hield er pas mee op toen hij in zijn zij een nooit eerder ervaren, lichte, doffe pijn begon te voelen.",.,1821,1822,O,O,O,O
De_gedaante_verwisseling.txt,CURATION_USER,14,"‘Lieve God,’ dacht hij, ‘wat heb ik toch een vermoeiend beroep gekozen!",‘,1825,1826,O,O,O,O
De_gedaante_verwisseling.txt,CURATION_USER,14,"‘Lieve God,’ dacht hij, ‘wat heb ik toch een vermoeiend beroep gekozen!",Lieve,1826,1831,O,O,O,O
De_gedaante_verwisseling.txt,CURATION_USER,14,"‘Lieve God,’ dacht hij, ‘wat heb ik toch een vermoeiend beroep gekozen!",God,1832,1835,O,O,O,O
De_gedaante_verwisseling.txt,CURATION_USER,14,"‘Lieve God,’ dacht hij, ‘wat heb ik toch een vermoeiend beroep gekozen!",",",1835,1836,O,O,O,O
De_gedaante_verwisseling.txt,CURATION_USER,14,"‘Lieve God,’ dacht hij, ‘wat heb ik toch een vermoeiend beroep gekozen!",’,1836,1837,O,O,O,O
De_gedaante_verwisseling.txt,CURATION_USER,14,"‘Lieve God,’ dacht hij, ‘wat heb ik toch een vermoeiend beroep gekozen!",dacht,1838,1843,B-process,O,O,O
De_gedaante_verwisseling.txt,CURATION_USER,14,"‘Lieve God,’ dacht hij, ‘wat heb ik toch een vermoeiend beroep gekozen!",hij,1844,1847,I-process,O,O,O
De_gedaante_verwisseling.txt,CURATION_USER,14,"‘Lieve God,’ dacht hij, ‘wat heb ik toch een vermoeiend beroep gekozen!",",",1847,1848,O,O,O,O
De_gedaante_verwisseling.txt,CURATION_USER,14,"‘Lieve God,’ dacht hij, ‘wat heb ik toch een vermoeiend beroep gekozen!",‘,1849,1850,O,O,O,O
De_gedaante_verwisseling.txt,CURATION_USER,14,"‘Lieve God,’ dacht hij, ‘wat heb ik toch een vermoeiend beroep gekozen!",wat,1850,1853,B-process,O,B-Direct thought,O
De_gedaante_verwisseling.txt,CURATION_USER,14,"‘Lieve God,’ dacht hij, ‘wat heb ik toch een vermoeiend beroep gekozen!",heb,1854,1857,I-process,O,I-Direct thought,O
De_gedaante_verwisseling.txt,CURATION_USER,14,"‘Lieve God,’ dacht hij, ‘wat heb ik toch een vermoeiend beroep gekozen!",ik,1858,1860,I-process,O,I-Direct thought,O
De_gedaante_verwisseling.txt,CURATION_USER,14,"‘Lieve God,’ dacht hij, ‘wat heb ik toch een vermoeiend beroep gekozen!",toch,1861,1865,I-process,O,I-Direct thought,O
De_gedaante_verwisseling.txt,CURATION_USER,14,"‘Lieve God,’ dacht hij, ‘wat heb ik toch een vermoeiend beroep gekozen!",een,1866,1869,I-process,O,I-Direct thought,O
De_gedaante_verwisseling.txt,CURATION_USER,14,"‘Lieve God,’ dacht hij, ‘wat heb ik toch een vermoeiend beroep gekozen!",vermoeiend,1870,1880,I-process,O,I-Direct thought,O
De_gedaante_verwisseling.txt,CURATION_USER,14,"‘Lieve God,’ dacht hij, ‘wat heb ik toch een vermoeiend beroep gekozen!",beroep,1881,1887,I-process,O,I-Direct thought,O
De_gedaante_verwisseling.txt,CURATION_USER,14,"‘Lieve God,’ dacht hij, ‘wat heb ik toch een vermoeiend beroep gekozen!",gekozen,1888,1895,I-process,O,I-Direct thought,O
De_gedaante_verwisseling.txt,CURATION_USER,14,"‘Lieve God,’ dacht hij, ‘wat heb ik toch een vermoeiend beroep gekozen!",!,1895,1896,O,O,O,O
De_gedaante_verwisseling.txt,CURATION_USER,15,Dag in dag uit op reis.,Dag,1897,1900,O,O,O,O
De_gedaante_verwisseling.txt,CURATION_USER,15,Dag in dag uit op reis.,in,1901,1903,O,O,O,O
De_gedaante_verwisseling.txt,CURATION_USER,15,Dag in dag uit op reis.,dag,1904,1907,O,O,O,O
De_gedaante_verwisseling.txt,CURATION_USER,15,Dag in dag uit op reis.,uit,1908,1911,O,O,O,O
De_gedaante_verwisseling.txt,CURATION_USER,15,Dag in dag uit op reis.,op,1912,1914,O,O,O,O
De_gedaante_verwisseling.txt,CURATION_USER,15,Dag in dag uit op reis.,reis,1915,1919,O,O,O,O
De_gedaante_verwisseling.txt,CURATION_USER,15,Dag in dag uit op reis.,.,1919,1920,O,O,O,O
De_gedaante_verwisseling.txt,CURATION_USER,16,"Die manier van zakendoen geeft veel meer opwinding dan op de zaak zelf, en daarbij leg ik mezelf nog die ellende van het reizen op, de zorgen om treinaansluitingen, het onregelmatige, slechte eten, een steeds wisselend, nooit blijvend, nooit hartelijk wordend contact met mensen.",Die,1921,1924,B-process,O,B-Direct thought,O
De_gedaante_verwisseling.txt,CURATION_USER,16,"Die manier van zakendoen geeft veel meer opwinding dan op de zaak zelf, en daarbij leg ik mezelf nog die ellende van het reizen op, de zorgen om treinaansluitingen, het onregelmatige, slechte eten, een steeds wisselend, nooit blijvend, nooit hartelijk wordend contact met mensen.",manier,1925,1931,I-process,O,I-Direct thought,O
De_gedaante_verwisseling.txt,CURATION_USER,16,"Die manier van zakendoen geeft veel meer opwinding dan op de zaak zelf, en daarbij leg ik mezelf nog die ellende van het reizen op, de zorgen om treinaansluitingen, het onregelmatige, slechte eten, een steeds wisselend, nooit blijvend, nooit hartelijk wordend contact met mensen.",van,1932,1935,I-process,O,I-Direct thought,O
De_gedaante_verwisseling.txt,CURATION_USER,16,"Die manier van zakendoen geeft veel meer opwinding dan op de zaak zelf, en daarbij leg ik mezelf nog die ellende van het reizen op, de zorgen om treinaansluitingen, het onregelmatige, slechte eten, een steeds wisselend, nooit blijvend, nooit hartelijk wordend contact met mensen.",zakendoen,1936,1945,I-process,O,I-Direct thought,O
De_gedaante_verwisseling.txt,CURATION_USER,16,"Die manier van zakendoen geeft veel meer opwinding dan op de zaak zelf, en daarbij leg ik mezelf nog die ellende van het reizen op, de zorgen om treinaansluitingen, het onregelmatige, slechte eten, een steeds wisselend, nooit blijvend, nooit hartelijk wordend contact met mensen.",geeft,1946,1951,I-process,O,I-Direct thought,O
De_gedaante_verwisseling.txt,CURATION_USER,16,"Die manier van zakendoen geeft veel meer opwinding dan op de zaak zelf, en daarbij leg ik mezelf nog die ellende van het reizen op, de zorgen om treinaansluitingen, het onregelmatige, slechte eten, een steeds wisselend, nooit blijvend, nooit hartelijk wordend contact met mensen.",veel,1952,1956,I-process,O,I-Direct thought,O
De_gedaante_verwisseling.txt,CURATION_USER,16,"Die manier van zakendoen geeft veel meer opwinding dan op de zaak zelf, en daarbij leg ik mezelf nog die ellende van het reizen op, de zorgen om treinaansluitingen, het onregelmatige, slechte eten, een steeds wisselend, nooit blijvend, nooit hartelijk wordend contact met mensen.",meer,1957,1961,I-process,O,I-Direct thought,O
De_gedaante_verwisseling.txt,CURATION_USER,16,"Die manier van zakendoen geeft veel meer opwinding dan op de zaak zelf, en daarbij leg ik mezelf nog die ellende van het reizen op, de zorgen om treinaansluitingen, het onregelmatige, slechte eten, een steeds wisselend, nooit blijvend, nooit hartelijk wordend contact met mensen.",opwinding,1962,1971,I-process,O,I-Direct thought,O
De_gedaante_verwisseling.txt,CURATION_USER,16,"Die manier van zakendoen geeft veel meer opwinding dan op de zaak zelf, en daarbij leg ik mezelf nog die ellende van het reizen op, de zorgen om treinaansluitingen, het onregelmatige, slechte eten, een steeds wisselend, nooit blijvend, nooit hartelijk wordend contact met mensen.",dan,1972,1975,I-process,O,I-Direct thought,O
De_gedaante_verwisseling.txt,CURATION_USER,16,"Die manier van zakendoen geeft veel meer opwinding dan op de zaak zelf, en daarbij leg ik mezelf nog die ellende van het reizen op, de zorgen om treinaansluitingen, het onregelmatige, slechte eten, een steeds wisselend, nooit blijvend, nooit hartelijk wordend contact met mensen.",op,1976,1978,I-process,O,I-Direct thought,O
De_gedaante_verwisseling.txt,CURATION_USER,16,"Die manier van zakendoen geeft veel meer opwinding dan op de zaak zelf, en daarbij leg ik mezelf nog die ellende van het reizen op, de zorgen om treinaansluitingen, het onregelmatige, slechte eten, een steeds wisselend, nooit blijvend, nooit hartelijk wordend contact met mensen.",de,1979,1981,I-process,O,I-Direct thought,O
De_gedaante_verwisseling.txt,CURATION_USER,16,"Die manier van zakendoen geeft veel meer opwinding dan op de zaak zelf, en daarbij leg ik mezelf nog die ellende van het reizen op, de zorgen om treinaansluitingen, het onregelmatige, slechte eten, een steeds wisselend, nooit blijvend, nooit hartelijk wordend contact met mensen.",zaak,1982,1986,I-process,O,I-Direct thought,O
De_gedaante_verwisseling.txt,CURATION_USER,16,"Die manier van zakendoen geeft veel meer opwinding dan op de zaak zelf, en daarbij leg ik mezelf nog die ellende van het reizen op, de zorgen om treinaansluitingen, het onregelmatige, slechte eten, een steeds wisselend, nooit blijvend, nooit hartelijk wordend contact met mensen.",zelf,1987,1991,I-process,O,I-Direct thought,O
De_gedaante_verwisseling.txt,CURATION_USER,16,"Die manier van zakendoen geeft veel meer opwinding dan op de zaak zelf, en daarbij leg ik mezelf nog die ellende van het reizen op, de zorgen om treinaansluitingen, het onregelmatige, slechte eten, een steeds wisselend, nooit blijvend, nooit hartelijk wordend contact met mensen.",",",1991,1992,O,O,O,O
De_gedaante_verwisseling.txt,CURATION_USER,16,"Die manier van zakendoen geeft veel meer opwinding dan op de zaak zelf, en daarbij leg ik mezelf nog die ellende van het reizen op, de zorgen om treinaansluitingen, het onregelmatige, slechte eten, een steeds wisselend, nooit blijvend, nooit hartelijk wordend contact met mensen.",en,1993,1995,B-process,O,O,O
De_gedaante_verwisseling.txt,CURATION_USER,16,"Die manier van zakendoen geeft veel meer opwinding dan op de zaak zelf, en daarbij leg ik mezelf nog die ellende van het reizen op, de zorgen om treinaansluitingen, het onregelmatige, slechte eten, een steeds wisselend, nooit blijvend, nooit hartelijk wordend contact met mensen.",daarbij,1996,2003,I-process,O,O,O
De_gedaante_verwisseling.txt,CURATION_USER,16,"Die manier van zakendoen geeft veel meer opwinding dan op de zaak zelf, en daarbij leg ik mezelf nog die ellende van het reizen op, de zorgen om treinaansluitingen, het onregelmatige, slechte eten, een steeds wisselend, nooit blijvend, nooit hartelijk wordend contact met mensen.",leg,2004,2007,I-process,O,O,O
De_gedaante_verwisseling.txt,CURATION_USER,16,"Die manier van zakendoen geeft veel meer opwinding dan op de zaak zelf, en daarbij leg ik mezelf nog die ellende van het reizen op, de zorgen om treinaansluitingen, het onregelmatige, slechte eten, een steeds wisselend, nooit blijvend, nooit hartelijk wordend contact met mensen.",ik,2008,2010,I-process,O,O,O
De_gedaante_verwisseling.txt,CURATION_USER,16,"Die manier van zakendoen geeft veel meer opwinding dan op de zaak zelf, en daarbij leg ik mezelf nog die ellende van het reizen op, de zorgen om treinaansluitingen, het onregelmatige, slechte eten, een steeds wisselend, nooit blijvend, nooit hartelijk wordend contact met mensen.",mezelf,2011,2017,I-process,O,O,O
De_gedaante_verwisseling.txt,CURATION_USER,16,"Die manier van zakendoen geeft veel meer opwinding dan op de zaak zelf, en daarbij leg ik mezelf nog die ellende van het reizen op, de zorgen om treinaansluitingen, het onregelmatige, slechte eten, een steeds wisselend, nooit blijvend, nooit hartelijk wordend contact met mensen.",nog,2018,2021,I-process,O,O,O
De_gedaante_verwisseling.txt,CURATION_USER,16,"Die manier van zakendoen geeft veel meer opwinding dan op de zaak zelf, en daarbij leg ik mezelf nog die ellende van het reizen op, de zorgen om treinaansluitingen, het onregelmatige, slechte eten, een steeds wisselend, nooit blijvend, nooit hartelijk wordend contact met mensen.",die,2022,2025,I-process,O,O,O
De_gedaante_verwisseling.txt,CURATION_USER,16,"Die manier van zakendoen geeft veel meer opwinding dan op de zaak zelf, en daarbij leg ik mezelf nog die ellende van het reizen op, de zorgen om treinaansluitingen, het onregelmatige, slechte eten, een steeds wisselend, nooit blijvend, nooit hartelijk wordend contact met mensen.",ellende,2026,2033,I-process,O,O,O
De_gedaante_verwisseling.txt,CURATION_USER,16,"Die manier van zakendoen geeft veel meer opwinding dan op de zaak zelf, en daarbij leg ik mezelf nog die ellende van het reizen op, de zorgen om treinaansluitingen, het onregelmatige, slechte eten, een steeds wisselend, nooit blijvend, nooit hartelijk wordend contact met mensen.",van,2034,2037,I-process,O,O,O
De_gedaante_verwisseling.txt,CURATION_USER,16,"Die manier van zakendoen geeft veel meer opwinding dan op de zaak zelf, en daarbij leg ik mezelf nog die ellende van het reizen op, de zorgen om treinaansluitingen, het onregelmatige, slechte eten, een steeds wisselend, nooit blijvend, nooit hartelijk wordend contact met mensen.",het,2038,2041,I-process,O,O,O
De_gedaante_verwisseling.txt,CURATION_USER,16,"Die manier van zakendoen geeft veel meer opwinding dan op de zaak zelf, en daarbij leg ik mezelf nog die ellende van het reizen op, de zorgen om treinaansluitingen, het onregelmatige, slechte eten, een steeds wisselend, nooit blijvend, nooit hartelijk wordend contact met mensen.",reizen,2042,2048,I-process,O,O,O
De_gedaante_verwisseling.txt,CURATION_USER,16,"Die manier van zakendoen geeft veel meer opwinding dan op de zaak zelf, en daarbij leg ik mezelf nog die ellende van het reizen op, de zorgen om treinaansluitingen, het onregelmatige, slechte eten, een steeds wisselend, nooit blijvend, nooit hartelijk wordend contact met mensen.",op,2049,2051,I-process,O,O,O
De_gedaante_verwisseling.txt,CURATION_USER,16,"Die manier van zakendoen geeft veel meer opwinding dan op de zaak zelf, en daarbij leg ik mezelf nog die ellende van het reizen op, de zorgen om treinaansluitingen, het onregelmatige, slechte eten, een steeds wisselend, nooit blijvend, nooit hartelijk wordend contact met mensen.",",",2051,2052,I-process,O,O,O
De_gedaante_verwisseling.txt,CURATION_USER,16,"Die manier van zakendoen geeft veel meer opwinding dan op de zaak zelf, en daarbij leg ik mezelf nog die ellende van het reizen op, de zorgen om treinaansluitingen, het onregelmatige, slechte eten, een steeds wisselend, nooit blijvend, nooit hartelijk wordend contact met mensen.",de,2053,2055,I-process,O,O,O
De_gedaante_verwisseling.txt,CURATION_USER,16,"Die manier van zakendoen geeft veel meer opwinding dan op de zaak zelf, en daarbij leg ik mezelf nog die ellende van het reizen op, de zorgen om treinaansluitingen, het onregelmatige, slechte eten, een steeds wisselend, nooit blijvend, nooit hartelijk wordend contact met mensen.",zorgen,2056,2062,I-process,O,O,O
De_gedaante_verwisseling.txt,CURATION_USER,16,"Die manier van zakendoen geeft veel meer opwinding dan op de zaak zelf, en daarbij leg ik mezelf nog die ellende van het reizen op, de zorgen om treinaansluitingen, het onregelmatige, slechte eten, een steeds wisselend, nooit blijvend, nooit hartelijk wordend contact met mensen.",om,2063,2065,I-process,O,O,O
De_gedaante_verwisseling.txt,CURATION_USER,16,"Die manier van zakendoen geeft veel meer opwinding dan op de zaak zelf, en daarbij leg ik mezelf nog die ellende van het reizen op, de zorgen om treinaansluitingen, het onregelmatige, slechte eten, een steeds wisselend, nooit blijvend, nooit hartelijk wordend contact met mensen.",treinaansluitingen,2066,2084,I-process,O,O,O
De_gedaante_verwisseling.txt,CURATION_USER,16,"Die manier van zakendoen geeft veel meer opwinding dan op de zaak zelf, en daarbij leg ik mezelf nog die ellende van het reizen op, de zorgen om treinaansluitingen, het onregelmatige, slechte eten, een steeds wisselend, nooit blijvend, nooit hartelijk wordend contact met mensen.",",",2084,2085,I-process,O,O,O
De_gedaante_verwisseling.txt,CURATION_USER,16,"Die manier van zakendoen geeft veel meer opwinding dan op de zaak zelf, en daarbij leg ik mezelf nog die ellende van het reizen op, de zorgen om treinaansluitingen, het onregelmatige, slechte eten, een steeds wisselend, nooit blijvend, nooit hartelijk wordend contact met mensen.",het,2086,2089,I-process,O,O,O
De_gedaante_verwisseling.txt,CURATION_USER,16,"Die manier van zakendoen geeft veel meer opwinding dan op de zaak zelf, en daarbij leg ik mezelf nog die ellende van het reizen op, de zorgen om treinaansluitingen, het onregelmatige, slechte eten, een steeds wisselend, nooit blijvend, nooit hartelijk wordend contact met mensen.",onregelmatige,2090,2103,I-process,O,O,O
De_gedaante_verwisseling.txt,CURATION_USER,16,"Die manier van zakendoen geeft veel meer opwinding dan op de zaak zelf, en daarbij leg ik mezelf nog die ellende van het reizen op, de zorgen om treinaansluitingen, het onregelmatige, slechte eten, een steeds wisselend, nooit blijvend, nooit hartelijk wordend contact met mensen.",",",2103,2104,I-process,O,O,O
De_gedaante_verwisseling.txt,CURATION_USER,16,"Die manier van zakendoen geeft veel meer opwinding dan op de zaak zelf, en daarbij leg ik mezelf nog die ellende van het reizen op, de zorgen om treinaansluitingen, het onregelmatige, slechte eten, een steeds wisselend, nooit blijvend, nooit hartelijk wordend contact met mensen.",slechte,2105,2112,I-process,O,O,O
De_gedaante_verwisseling.txt,CURATION_USER,16,"Die manier van zakendoen geeft veel meer opwinding dan op de zaak zelf, en daarbij leg ik mezelf nog die ellende van het reizen op, de zorgen om treinaansluitingen, het onregelmatige, slechte eten, een steeds wisselend, nooit blijvend, nooit hartelijk wordend contact met mensen.",eten,2113,2117,I-process,O,O,O
De_gedaante_verwisseling.txt,CURATION_USER,16,"Die manier van zakendoen geeft veel meer opwinding dan op de zaak zelf, en daarbij leg ik mezelf nog die ellende van het reizen op, de zorgen om treinaansluitingen, het onregelmatige, slechte eten, een steeds wisselend, nooit blijvend, nooit hartelijk wordend contact met mensen.",",",2117,2118,I-process,O,O,O
De_gedaante_verwisseling.txt,CURATION_USER,16,"Die manier van zakendoen geeft veel meer opwinding dan op de zaak zelf, en daarbij leg ik mezelf nog die ellende van het reizen op, de zorgen om treinaansluitingen, het onregelmatige, slechte eten, een steeds wisselend, nooit blijvend, nooit hartelijk wordend contact met mensen.",een,2119,2122,I-process,O,O,O
De_gedaante_verwisseling.txt,CURATION_USER,16,"Die manier van zakendoen geeft veel meer opwinding dan op de zaak zelf, en daarbij leg ik mezelf nog die ellende van het reizen op, de zorgen om treinaansluitingen, het onregelmatige, slechte eten, een steeds wisselend, nooit blijvend, nooit hartelijk wordend contact met mensen.",steeds,2123,2129,I-process,O,O,O
De_gedaante_verwisseling.txt,CURATION_USER,16,"Die manier van zakendoen geeft veel meer opwinding dan op de zaak zelf, en daarbij leg ik mezelf nog die ellende van het reizen op, de zorgen om treinaansluitingen, het onregelmatige, slechte eten, een steeds wisselend, nooit blijvend, nooit hartelijk wordend contact met mensen.",wisselend,2130,2139,I-process,O,O,O
De_gedaante_verwisseling.txt,CURATION_USER,16,"Die manier van zakendoen geeft veel meer opwinding dan op de zaak zelf, en daarbij leg ik mezelf nog die ellende van het reizen op, de zorgen om treinaansluitingen, het onregelmatige, slechte eten, een steeds wisselend, nooit blijvend, nooit hartelijk wordend contact met mensen.",",",2139,2140,I-process,O,O,O
De_gedaante_verwisseling.txt,CURATION_USER,16,"Die manier van zakendoen geeft veel meer opwinding dan op de zaak zelf, en daarbij leg ik mezelf nog die ellende van het reizen op, de zorgen om treinaansluitingen, het onregelmatige, slechte eten, een steeds wisselend, nooit blijvend, nooit hartelijk wordend contact met mensen.",nooit,2141,2146,I-process,O,O,O
De_gedaante_verwisseling.txt,CURATION_USER,16,"Die manier van zakendoen geeft veel meer opwinding dan op de zaak zelf, en daarbij leg ik mezelf nog die ellende van het reizen op, de zorgen om treinaansluitingen, het onregelmatige, slechte eten, een steeds wisselend, nooit blijvend, nooit hartelijk wordend contact met mensen.",blijvend,2147,2155,I-process,O,O,O
De_gedaante_verwisseling.txt,CURATION_USER,16,"Die manier van zakendoen geeft veel meer opwinding dan op de zaak zelf, en daarbij leg ik mezelf nog die ellende van het reizen op, de zorgen om treinaansluitingen, het onregelmatige, slechte eten, een steeds wisselend, nooit blijvend, nooit hartelijk wordend contact met mensen.",",",2155,2156,I-process,O,O,O
De_gedaante_verwisseling.txt,CURATION_USER,16,"Die manier van zakendoen geeft veel meer opwinding dan op de zaak zelf, en daarbij leg ik mezelf nog die ellende van het reizen op, de zorgen om treinaansluitingen, het onregelmatige, slechte eten, een steeds wisselend, nooit blijvend, nooit hartelijk wordend contact met mensen.",nooit,2157,2162,I-process,O,O,O
De_gedaante_verwisseling.txt,CURATION_USER,16,"Die manier van zakendoen geeft veel meer opwinding dan op de zaak zelf, en daarbij leg ik mezelf nog die ellende van het reizen op, de zorgen om treinaansluitingen, het onregelmatige, slechte eten, een steeds wisselend, nooit blijvend, nooit hartelijk wordend contact met mensen.",hartelijk,2163,2172,I-process,O,O,O
De_gedaante_verwisseling.txt,CURATION_USER,16,"Die manier van zakendoen geeft veel meer opwinding dan op de zaak zelf, en daarbij leg ik mezelf nog die ellende van het reizen op, de zorgen om treinaansluitingen, het onregelmatige, slechte eten, een steeds wisselend, nooit blijvend, nooit hartelijk wordend contact met mensen.",wordend,2173,2180,I-process,O,O,O
De_gedaante_verwisseling.txt,CURATION_USER,16,"Die manier van zakendoen geeft veel meer opwinding dan op de zaak zelf, en daarbij leg ik mezelf nog die ellende van het reizen op, de zorgen om treinaansluitingen, het onregelmatige, slechte eten, een steeds wisselend, nooit blijvend, nooit hartelijk wordend contact met mensen.",contact,2181,2188,I-process,O,O,O
De_gedaante_verwisseling.txt,CURATION_USER,16,"Die manier van zakendoen geeft veel meer opwinding dan op de zaak zelf, en daarbij leg ik mezelf nog die ellende van het reizen op, de zorgen om treinaansluitingen, het onregelmatige, slechte eten, een steeds wisselend, nooit blijvend, nooit hartelijk wordend contact met mensen.",met,2189,2192,I-process,O,O,O
De_gedaante_verwisseling.txt,CURATION_USER,16,"Die manier van zakendoen geeft veel meer opwinding dan op de zaak zelf, en daarbij leg ik mezelf nog die ellende van het reizen op, de zorgen om treinaansluitingen, het onregelmatige, slechte eten, een steeds wisselend, nooit blijvend, nooit hartelijk wordend contact met mensen.",mensen,2193,2199,I-process,O,O,O
De_gedaante_verwisseling.txt,CURATION_USER,16,"Die manier van zakendoen geeft veel meer opwinding dan op de zaak zelf, en daarbij leg ik mezelf nog die ellende van het reizen op, de zorgen om treinaansluitingen, het onregelmatige, slechte eten, een steeds wisselend, nooit blijvend, nooit hartelijk wordend contact met mensen.",.,2199,2200,O,O,O,O
De_gedaante_verwisseling.txt,CURATION_USER,17,De duivel mag het allemaal halen!’,De,2201,2203,B-non_event,O,B-Direct thought,O
De_gedaante_verwisseling.txt,CURATION_USER,17,De duivel mag het allemaal halen!’,duivel,2204,2210,I-non_event,O,I-Direct thought,O
De_gedaante_verwisseling.txt,CURATION_USER,17,De duivel mag het allemaal halen!’,mag,2211,2214,I-non_event,O,I-Direct thought,O
De_gedaante_verwisseling.txt,CURATION_USER,17,De duivel mag het allemaal halen!’,het,2215,2218,I-non_event,O,I-Direct thought,O
De_gedaante_verwisseling.txt,CURATION_USER,17,De duivel mag het allemaal halen!’,allemaal,2219,2227,I-non_event,O,I-Direct thought,O
De_gedaante_verwisseling.txt,CURATION_USER,17,De duivel mag het allemaal halen!’,halen,2228,2233,I-non_event,O,I-Direct thought,O
De_gedaante_verwisseling.txt,CURATION_USER,17,De duivel mag het allemaal halen!’,!,2233,2234,O,O,O,O
De_gedaante_verwisseling.txt,CURATION_USER,17,De duivel mag het allemaal halen!’,’,2234,2235,O,O,O,O
De_gedaante_verwisseling.txt,CURATION_USER,18,"Het jeukte een beetje boven op zijn buik; hij schoof op zijn rug langzaam naar de bedstijl toe om zijn kop beter te kunnen optillen; vond de jeukende plek waar allemaal kleine, witte puntjes op zaten die hij niet kon thuisbrengen; en wilde met een van zijn pootjes de plek betasten, maar trok het meteen weer terug, want bij de aanraking golfden er koude rillingen over hem heen.",Het,2236,2239,B-process,O,O,O
De_gedaante_verwisseling.txt,CURATION_USER,18,"Het jeukte een beetje boven op zijn buik; hij schoof op zijn rug langzaam naar de bedstijl toe om zijn kop beter te kunnen optillen; vond de jeukende plek waar allemaal kleine, witte puntjes op zaten die hij niet kon thuisbrengen; en wilde met een van zijn pootjes de plek betasten, maar trok het meteen weer terug, want bij de aanraking golfden er koude rillingen over hem heen.",jeukte,2240,2246,I-process,O,O,O
De_gedaante_verwisseling.txt,CURATION_USER,18,"Het jeukte een beetje boven op zijn buik; hij schoof op zijn rug langzaam naar de bedstijl toe om zijn kop beter te kunnen optillen; vond de jeukende plek waar allemaal kleine, witte puntjes op zaten die hij niet kon thuisbrengen; en wilde met een van zijn pootjes de plek betasten, maar trok het meteen weer terug, want bij de aanraking golfden er koude rillingen over hem heen.",een,2247,2250,I-process,O,O,O
De_gedaante_verwisseling.txt,CURATION_USER,18,"Het jeukte een beetje boven op zijn buik; hij schoof op zijn rug langzaam naar de bedstijl toe om zijn kop beter te kunnen optillen; vond de jeukende plek waar allemaal kleine, witte puntjes op zaten die hij niet kon thuisbrengen; en wilde met een van zijn pootjes de plek betasten, maar trok het meteen weer terug, want bij de aanraking golfden er koude rillingen over hem heen.",beetje,2251,2257,I-process,O,O,O
De_gedaante_verwisseling.txt,CURATION_USER,18,"Het jeukte een beetje boven op zijn buik; hij schoof op zijn rug langzaam naar de bedstijl toe om zijn kop beter te kunnen optillen; vond de jeukende plek waar allemaal kleine, witte puntjes op zaten die hij niet kon thuisbrengen; en wilde met een van zijn pootjes de plek betasten, maar trok het meteen weer terug, want bij de aanraking golfden er koude rillingen over hem heen.",boven,2258,2263,I-process,O,O,O
De_gedaante_verwisseling.txt,CURATION_USER,18,"Het jeukte een beetje boven op zijn buik; hij schoof op zijn rug langzaam naar de bedstijl toe om zijn kop beter te kunnen optillen; vond de jeukende plek waar allemaal kleine, witte puntjes op zaten die hij niet kon thuisbrengen; en wilde met een van zijn pootjes de plek betasten, maar trok het meteen weer terug, want bij de aanraking golfden er koude rillingen over hem heen.",op,2264,2266,I-process,O,O,O
De_gedaante_verwisseling.txt,CURATION_USER,18,"Het jeukte een beetje boven op zijn buik; hij schoof op zijn rug langzaam naar de bedstijl toe om zijn kop beter te kunnen optillen; vond de jeukende plek waar allemaal kleine, witte puntjes op zaten die hij niet kon thuisbrengen; en wilde met een van zijn pootjes de plek betasten, maar trok het meteen weer terug, want bij de aanraking golfden er koude rillingen over hem heen.",zijn,2267,2271,I-process,O,O,O
De_gedaante_verwisseling.txt,CURATION_USER,18,"Het jeukte een beetje boven op zijn buik; hij schoof op zijn rug langzaam naar de bedstijl toe om zijn kop beter te kunnen optillen; vond de jeukende plek waar allemaal kleine, witte puntjes op zaten die hij niet kon thuisbrengen; en wilde met een van zijn pootjes de plek betasten, maar trok het meteen weer terug, want bij de aanraking golfden er koude rillingen over hem heen.",buik,2272,2276,I-process,O,O,O
De_gedaante_verwisseling.txt,CURATION_USER,18,"Het jeukte een beetje boven op zijn buik; hij schoof op zijn rug langzaam naar de bedstijl toe om zijn kop beter te kunnen optillen; vond de jeukende plek waar allemaal kleine, witte puntjes op zaten die hij niet kon thuisbrengen; en wilde met een van zijn pootjes de plek betasten, maar trok het meteen weer terug, want bij de aanraking golfden er koude rillingen over hem heen.",;,2276,2277,O,O,O,O
De_gedaante_verwisseling.txt,CURATION_USER,18,"Het jeukte een beetje boven op zijn buik; hij schoof op zijn rug langzaam naar de bedstijl toe om zijn kop beter te kunnen optillen; vond de jeukende plek waar allemaal kleine, witte puntjes op zaten die hij niet kon thuisbrengen; en wilde met een van zijn pootjes de plek betasten, maar trok het meteen weer terug, want bij de aanraking golfden er koude rillingen over hem heen.",hij,2278,2281,B-process,O,O,O
De_gedaante_verwisseling.txt,CURATION_USER,18,"Het jeukte een beetje boven op zijn buik; hij schoof op zijn rug langzaam naar de bedstijl toe om zijn kop beter te kunnen optillen; vond de jeukende plek waar allemaal kleine, witte puntjes op zaten die hij niet kon thuisbrengen; en wilde met een van zijn pootjes de plek betasten, maar trok het meteen weer terug, want bij de aanraking golfden er koude rillingen over hem heen.",schoof,2282,2288,I-process,O,O,O
De_gedaante_verwisseling.txt,CURATION_USER,18,"Het jeukte een beetje boven op zijn buik; hij schoof op zijn rug langzaam naar de bedstijl toe om zijn kop beter te kunnen optillen; vond de jeukende plek waar allemaal kleine, witte puntjes op zaten die hij niet kon thuisbrengen; en wilde met een van zijn pootjes de plek betasten, maar trok het meteen weer terug, want bij de aanraking golfden er koude rillingen over hem heen.",op,2289,2291,I-process,O,O,O
De_gedaante_verwisseling.txt,CURATION_USER,18,"Het jeukte een beetje boven op zijn buik; hij schoof op zijn rug langzaam naar de bedstijl toe om zijn kop beter te kunnen optillen; vond de jeukende plek waar allemaal kleine, witte puntjes op zaten die hij niet kon thuisbrengen; en wilde met een van zijn pootjes de plek betasten, maar trok het meteen weer terug, want bij de aanraking golfden er koude rillingen over hem heen.",zijn,2292,2296,I-process,O,O,O
De_gedaante_verwisseling.txt,CURATION_USER,18,"Het jeukte een beetje boven op zijn buik; hij schoof op zijn rug langzaam naar de bedstijl toe om zijn kop beter te kunnen optillen; vond de jeukende plek waar allemaal kleine, witte puntjes op zaten die hij niet kon thuisbrengen; en wilde met een van zijn pootjes de plek betasten, maar trok het meteen weer terug, want bij de aanraking golfden er koude rillingen over hem heen.",rug,2297,2300,I-process,O,O,O
De_gedaante_verwisseling.txt,CURATION_USER,18,"Het jeukte een beetje boven op zijn buik; hij schoof op zijn rug langzaam naar de bedstijl toe om zijn kop beter te kunnen optillen; vond de jeukende plek waar allemaal kleine, witte puntjes op zaten die hij niet kon thuisbrengen; en wilde met een van zijn pootjes de plek betasten, maar trok het meteen weer terug, want bij de aanraking golfden er koude rillingen over hem heen.",langzaam,2301,2309,I-process,O,O,O
De_gedaante_verwisseling.txt,CURATION_USER,18,"Het jeukte een beetje boven op zijn buik; hij schoof op zijn rug langzaam naar de bedstijl toe om zijn kop beter te kunnen optillen; vond de jeukende plek waar allemaal kleine, witte puntjes op zaten die hij niet kon thuisbrengen; en wilde met een van zijn pootjes de plek betasten, maar trok het meteen weer terug, want bij de aanraking golfden er koude rillingen over hem heen.",naar,2310,2314,I-process,O,O,O
De_gedaante_verwisseling.txt,CURATION_USER,18,"Het jeukte een beetje boven op zijn buik; hij schoof op zijn rug langzaam naar de bedstijl toe om zijn kop beter te kunnen optillen; vond de jeukende plek waar allemaal kleine, witte puntjes op zaten die hij niet kon thuisbrengen; en wilde met een van zijn pootjes de plek betasten, maar trok het meteen weer terug, want bij de aanraking golfden er koude rillingen over hem heen.",de,2315,2317,I-process,O,O,O
De_gedaante_verwisseling.txt,CURATION_USER,18,"Het jeukte een beetje boven op zijn buik; hij schoof op zijn rug langzaam naar de bedstijl toe om zijn kop beter te kunnen optillen; vond de jeukende plek waar allemaal kleine, witte puntjes op zaten die hij niet kon thuisbrengen; en wilde met een van zijn pootjes de plek betasten, maar trok het meteen weer terug, want bij de aanraking golfden er koude rillingen over hem heen.",bedstijl,2318,2326,I-process,O,O,O
De_gedaante_verwisseling.txt,CURATION_USER,18,"Het jeukte een beetje boven op zijn buik; hij schoof op zijn rug langzaam naar de bedstijl toe om zijn kop beter te kunnen optillen; vond de jeukende plek waar allemaal kleine, witte puntjes op zaten die hij niet kon thuisbrengen; en wilde met een van zijn pootjes de plek betasten, maar trok het meteen weer terug, want bij de aanraking golfden er koude rillingen over hem heen.",toe,2327,2330,I-process,O,O,O
De_gedaante_verwisseling.txt,CURATION_USER,18,"Het jeukte een beetje boven op zijn buik; hij schoof op zijn rug langzaam naar de bedstijl toe om zijn kop beter te kunnen optillen; vond de jeukende plek waar allemaal kleine, witte puntjes op zaten die hij niet kon thuisbrengen; en wilde met een van zijn pootjes de plek betasten, maar trok het meteen weer terug, want bij de aanraking golfden er koude rillingen over hem heen.",om,2331,2333,I-process,O,O,O
De_gedaante_verwisseling.txt,CURATION_USER,18,"Het jeukte een beetje boven op zijn buik; hij schoof op zijn rug langzaam naar de bedstijl toe om zijn kop beter te kunnen optillen; vond de jeukende plek waar allemaal kleine, witte puntjes op zaten die hij niet kon thuisbrengen; en wilde met een van zijn pootjes de plek betasten, maar trok het meteen weer terug, want bij de aanraking golfden er koude rillingen over hem heen.",zijn,2334,2338,I-process,O,O,O
De_gedaante_verwisseling.txt,CURATION_USER,18,"Het jeukte een beetje boven op zijn buik; hij schoof op zijn rug langzaam naar de bedstijl toe om zijn kop beter te kunnen optillen; vond de jeukende plek waar allemaal kleine, witte puntjes op zaten die hij niet kon thuisbrengen; en wilde met een van zijn pootjes de plek betasten, maar trok het meteen weer terug, want bij de aanraking golfden er koude rillingen over hem heen.",kop,2339,2342,I-process,O,O,O
De_gedaante_verwisseling.txt,CURATION_USER,18,"Het jeukte een beetje boven op zijn buik; hij schoof op zijn rug langzaam naar de bedstijl toe om zijn kop beter te kunnen optillen; vond de jeukende plek waar allemaal kleine, witte puntjes op zaten die hij niet kon thuisbrengen; en wilde met een van zijn pootjes de plek betasten, maar trok het meteen weer terug, want bij de aanraking golfden er koude rillingen over hem heen.",beter,2343,2348,I-process,O,O,O
De_gedaante_verwisseling.txt,CURATION_USER,18,"Het jeukte een beetje boven op zijn buik; hij schoof op zijn rug langzaam naar de bedstijl toe om zijn kop beter te kunnen optillen; vond de jeukende plek waar allemaal kleine, witte puntjes op zaten die hij niet kon thuisbrengen; en wilde met een van zijn pootjes de plek betasten, maar trok het meteen weer terug, want bij de aanraking golfden er koude rillingen over hem heen.",te,2349,2351,I-process,O,O,O
De_gedaante_verwisseling.txt,CURATION_USER,18,"Het jeukte een beetje boven op zijn buik; hij schoof op zijn rug langzaam naar de bedstijl toe om zijn kop beter te kunnen optillen; vond de jeukende plek waar allemaal kleine, witte puntjes op zaten die hij niet kon thuisbrengen; en wilde met een van zijn pootjes de plek betasten, maar trok het meteen weer terug, want bij de aanraking golfden er koude rillingen over hem heen.",kunnen,2352,2358,I-process,O,O,O
De_gedaante_verwisseling.txt,CURATION_USER,18,"Het jeukte een beetje boven op zijn buik; hij schoof op zijn rug langzaam naar de bedstijl toe om zijn kop beter te kunnen optillen; vond de jeukende plek waar allemaal kleine, witte puntjes op zaten die hij niet kon thuisbrengen; en wilde met een van zijn pootjes de plek betasten, maar trok het meteen weer terug, want bij de aanraking golfden er koude rillingen over hem heen.",optillen,2359,2367,I-process,O,O,O
De_gedaante_verwisseling.txt,CURATION_USER,18,"Het jeukte een beetje boven op zijn buik; hij schoof op zijn rug langzaam naar de bedstijl toe om zijn kop beter te kunnen optillen; vond de jeukende plek waar allemaal kleine, witte puntjes op zaten die hij niet kon thuisbrengen; en wilde met een van zijn pootjes de plek betasten, maar trok het meteen weer terug, want bij de aanraking golfden er koude rillingen over hem heen.",;,2367,2368,O,O,O,O
De_gedaante_verwisseling.txt,CURATION_USER,18,"Het jeukte een beetje boven op zijn buik; hij schoof op zijn rug langzaam naar de bedstijl toe om zijn kop beter te kunnen optillen; vond de jeukende plek waar allemaal kleine, witte puntjes op zaten die hij niet kon thuisbrengen; en wilde met een van zijn pootjes de plek betasten, maar trok het meteen weer terug, want bij de aanraking golfden er koude rillingen over hem heen.",vond,2369,2373,B-process,O,O,O
De_gedaante_verwisseling.txt,CURATION_USER,18,"Het jeukte een beetje boven op zijn buik; hij schoof op zijn rug langzaam naar de bedstijl toe om zijn kop beter te kunnen optillen; vond de jeukende plek waar allemaal kleine, witte puntjes op zaten die hij niet kon thuisbrengen; en wilde met een van zijn pootjes de plek betasten, maar trok het meteen weer terug, want bij de aanraking golfden er koude rillingen over hem heen.",de,2374,2376,I-process,O,O,O
De_gedaante_verwisseling.txt,CURATION_USER,18,"Het jeukte een beetje boven op zijn buik; hij schoof op zijn rug langzaam naar de bedstijl toe om zijn kop beter te kunnen optillen; vond de jeukende plek waar allemaal kleine, witte puntjes op zaten die hij niet kon thuisbrengen; en wilde met een van zijn pootjes de plek betasten, maar trok het meteen weer terug, want bij de aanraking golfden er koude rillingen over hem heen.",jeukende,2377,2385,I-process,O,O,O
De_gedaante_verwisseling.txt,CURATION_USER,18,"Het jeukte een beetje boven op zijn buik; hij schoof op zijn rug langzaam naar de bedstijl toe om zijn kop beter te kunnen optillen; vond de jeukende plek waar allemaal kleine, witte puntjes op zaten die hij niet kon thuisbrengen; en wilde met een van zijn pootjes de plek betasten, maar trok het meteen weer terug, want bij de aanraking golfden er koude rillingen over hem heen.",plek,2386,2390,I-process,O,O,O
De_gedaante_verwisseling.txt,CURATION_USER,18,"Het jeukte een beetje boven op zijn buik; hij schoof op zijn rug langzaam naar de bedstijl toe om zijn kop beter te kunnen optillen; vond de jeukende plek waar allemaal kleine, witte puntjes op zaten die hij niet kon thuisbrengen; en wilde met een van zijn pootjes de plek betasten, maar trok het meteen weer terug, want bij de aanraking golfden er koude rillingen over hem heen.",waar,2391,2395,B-stative_event,O,O,O
De_gedaante_verwisseling.txt,CURATION_USER,18,"Het jeukte een beetje boven op zijn buik; hij schoof op zijn rug langzaam naar de bedstijl toe om zijn kop beter te kunnen optillen; vond de jeukende plek waar allemaal kleine, witte puntjes op zaten die hij niet kon thuisbrengen; en wilde met een van zijn pootjes de plek betasten, maar trok het meteen weer terug, want bij de aanraking golfden er koude rillingen over hem heen.",allemaal,2396,2404,I-stative_event,O,O,O
De_gedaante_verwisseling.txt,CURATION_USER,18,"Het jeukte een beetje boven op zijn buik; hij schoof op zijn rug langzaam naar de bedstijl toe om zijn kop beter te kunnen optillen; vond de jeukende plek waar allemaal kleine, witte puntjes op zaten die hij niet kon thuisbrengen; en wilde met een van zijn pootjes de plek betasten, maar trok het meteen weer terug, want bij de aanraking golfden er koude rillingen over hem heen.",kleine,2405,2411,I-stative_event,O,O,O
De_gedaante_verwisseling.txt,CURATION_USER,18,"Het jeukte een beetje boven op zijn buik; hij schoof op zijn rug langzaam naar de bedstijl toe om zijn kop beter te kunnen optillen; vond de jeukende plek waar allemaal kleine, witte puntjes op zaten die hij niet kon thuisbrengen; en wilde met een van zijn pootjes de plek betasten, maar trok het meteen weer terug, want bij de aanraking golfden er koude rillingen over hem heen.",",",2411,2412,I-stative_event,O,O,O
De_gedaante_verwisseling.txt,CURATION_USER,18,"Het jeukte een beetje boven op zijn buik; hij schoof op zijn rug langzaam naar de bedstijl toe om zijn kop beter te kunnen optillen; vond de jeukende plek waar allemaal kleine, witte puntjes op zaten die hij niet kon thuisbrengen; en wilde met een van zijn pootjes de plek betasten, maar trok het meteen weer terug, want bij de aanraking golfden er koude rillingen over hem heen.",witte,2413,2418,I-stative_event,O,O,O
De_gedaante_verwisseling.txt,CURATION_USER,18,"Het jeukte een beetje boven op zijn buik; hij schoof op zijn rug langzaam naar de bedstijl toe om zijn kop beter te kunnen optillen; vond de jeukende plek waar allemaal kleine, witte puntjes op zaten die hij niet kon thuisbrengen; en wilde met een van zijn pootjes de plek betasten, maar trok het meteen weer terug, want bij de aanraking golfden er koude rillingen over hem heen.",puntjes,2419,2426,I-stative_event,O,O,O
De_gedaante_verwisseling.txt,CURATION_USER,18,"Het jeukte een beetje boven op zijn buik; hij schoof op zijn rug langzaam naar de bedstijl toe om zijn kop beter te kunnen optillen; vond de jeukende plek waar allemaal kleine, witte puntjes op zaten die hij niet kon thuisbrengen; en wilde met een van zijn pootjes de plek betasten, maar trok het meteen weer terug, want bij de aanraking golfden er koude rillingen over hem heen.",op,2427,2429,I-stative_event,O,O,O
De_gedaante_verwisseling.txt,CURATION_USER,18,"Het jeukte een beetje boven op zijn buik; hij schoof op zijn rug langzaam naar de bedstijl toe om zijn kop beter te kunnen optillen; vond de jeukende plek waar allemaal kleine, witte puntjes op zaten die hij niet kon thuisbrengen; en wilde met een van zijn pootjes de plek betasten, maar trok het meteen weer terug, want bij de aanraking golfden er koude rillingen over hem heen.",zaten,2430,2435,I-stative_event,O,O,O
De_gedaante_verwisseling.txt,CURATION_USER,18,"Het jeukte een beetje boven op zijn buik; hij schoof op zijn rug langzaam naar de bedstijl toe om zijn kop beter te kunnen optillen; vond de jeukende plek waar allemaal kleine, witte puntjes op zaten die hij niet kon thuisbrengen; en wilde met een van zijn pootjes de plek betasten, maar trok het meteen weer terug, want bij de aanraking golfden er koude rillingen over hem heen.",die,2436,2439,B-non_event,O,O,O
De_gedaante_verwisseling.txt,CURATION_USER,18,"Het jeukte een beetje boven op zijn buik; hij schoof op zijn rug langzaam naar de bedstijl toe om zijn kop beter te kunnen optillen; vond de jeukende plek waar allemaal kleine, witte puntjes op zaten die hij niet kon thuisbrengen; en wilde met een van zijn pootjes de plek betasten, maar trok het meteen weer terug, want bij de aanraking golfden er koude rillingen over hem heen.",hij,2440,2443,I-non_event,O,O,O
De_gedaante_verwisseling.txt,CURATION_USER,18,"Het jeukte een beetje boven op zijn buik; hij schoof op zijn rug langzaam naar de bedstijl toe om zijn kop beter te kunnen optillen; vond de jeukende plek waar allemaal kleine, witte puntjes op zaten die hij niet kon thuisbrengen; en wilde met een van zijn pootjes de plek betasten, maar trok het meteen weer terug, want bij de aanraking golfden er koude rillingen over hem heen.",niet,2444,2448,I-non_event,O,O,O
De_gedaante_verwisseling.txt,CURATION_USER,18,"Het jeukte een beetje boven op zijn buik; hij schoof op zijn rug langzaam naar de bedstijl toe om zijn kop beter te kunnen optillen; vond de jeukende plek waar allemaal kleine, witte puntjes op zaten die hij niet kon thuisbrengen; en wilde met een van zijn pootjes de plek betasten, maar trok het meteen weer terug, want bij de aanraking golfden er koude rillingen over hem heen.",kon,2449,2452,I-non_event,O,O,O
De_gedaante_verwisseling.txt,CURATION_USER,18,"Het jeukte een beetje boven op zijn buik; hij schoof op zijn rug langzaam naar de bedstijl toe om zijn kop beter te kunnen optillen; vond de jeukende plek waar allemaal kleine, witte puntjes op zaten die hij niet kon thuisbrengen; en wilde met een van zijn pootjes de plek betasten, maar trok het meteen weer terug, want bij de aanraking golfden er koude rillingen over hem heen.",thuisbrengen,2453,2465,I-non_event,O,O,O
De_gedaante_verwisseling.txt,CURATION_USER,18,"Het jeukte een beetje boven op zijn buik; hij schoof op zijn rug langzaam naar de bedstijl toe om zijn kop beter te kunnen optillen; vond de jeukende plek waar allemaal kleine, witte puntjes op zaten die hij niet kon thuisbrengen; en wilde met een van zijn pootjes de plek betasten, maar trok het meteen weer terug, want bij de aanraking golfden er koude rillingen over hem heen.",;,2465,2466,O,O,O,O
De_gedaante_verwisseling.txt,CURATION_USER,18,"Het jeukte een beetje boven op zijn buik; hij schoof op zijn rug langzaam naar de bedstijl toe om zijn kop beter te kunnen optillen; vond de jeukende plek waar allemaal kleine, witte puntjes op zaten die hij niet kon thuisbrengen; en wilde met een van zijn pootjes de plek betasten, maar trok het meteen weer terug, want bij de aanraking golfden er koude rillingen over hem heen.",en,2467,2469,B-stative_event,O,O,O
De_gedaante_verwisseling.txt,CURATION_USER,18,"Het jeukte een beetje boven op zijn buik; hij schoof op zijn rug langzaam naar de bedstijl toe om zijn kop beter te kunnen optillen; vond de jeukende plek waar allemaal kleine, witte puntjes op zaten die hij niet kon thuisbrengen; en wilde met een van zijn pootjes de plek betasten, maar trok het meteen weer terug, want bij de aanraking golfden er koude rillingen over hem heen.",wilde,2470,2475,I-stative_event,O,O,O
De_gedaante_verwisseling.txt,CURATION_USER,18,"Het jeukte een beetje boven op zijn buik; hij schoof op zijn rug langzaam naar de bedstijl toe om zijn kop beter te kunnen optillen; vond de jeukende plek waar allemaal kleine, witte puntjes op zaten die hij niet kon thuisbrengen; en wilde met een van zijn pootjes de plek betasten, maar trok het meteen weer terug, want bij de aanraking golfden er koude rillingen over hem heen.",met,2476,2479,I-stative_event,O,O,O
De_gedaante_verwisseling.txt,CURATION_USER,18,"Het jeukte een beetje boven op zijn buik; hij schoof op zijn rug langzaam naar de bedstijl toe om zijn kop beter te kunnen optillen; vond de jeukende plek waar allemaal kleine, witte puntjes op zaten die hij niet kon thuisbrengen; en wilde met een van zijn pootjes de plek betasten, maar trok het meteen weer terug, want bij de aanraking golfden er koude rillingen over hem heen.",een,2480,2483,I-stative_event,O,O,O
De_gedaante_verwisseling.txt,CURATION_USER,18,"Het jeukte een beetje boven op zijn buik; hij schoof op zijn rug langzaam naar de bedstijl toe om zijn kop beter te kunnen optillen; vond de jeukende plek waar allemaal kleine, witte puntjes op zaten die hij niet kon thuisbrengen; en wilde met een van zijn pootjes de plek betasten, maar trok het meteen weer terug, want bij de aanraking golfden er koude rillingen over hem heen.",van,2484,2487,I-stative_event,O,O,O
De_gedaante_verwisseling.txt,CURATION_USER,18,"Het jeukte een beetje boven op zijn buik; hij schoof op zijn rug langzaam naar de bedstijl toe om zijn kop beter te kunnen optillen; vond de jeukende plek waar allemaal kleine, witte puntjes op zaten die hij niet kon thuisbrengen; en wilde met een van zijn pootjes de plek betasten, maar trok het meteen weer terug, want bij de aanraking golfden er koude rillingen over hem heen.",zijn,2488,2492,I-stative_event,O,O,O
De_gedaante_verwisseling.txt,CURATION_USER,18,"Het jeukte een beetje boven op zijn buik; hij schoof op zijn rug langzaam naar de bedstijl toe om zijn kop beter te kunnen optillen; vond de jeukende plek waar allemaal kleine, witte puntjes op zaten die hij niet kon thuisbrengen; en wilde met een van zijn pootjes de plek betasten, maar trok het meteen weer terug, want bij de aanraking golfden er koude rillingen over hem heen.",pootjes,2493,2500,I-stative_event,O,O,O
De_gedaante_verwisseling.txt,CURATION_USER,18,"Het jeukte een beetje boven op zijn buik; hij schoof op zijn rug langzaam naar de bedstijl toe om zijn kop beter te kunnen optillen; vond de jeukende plek waar allemaal kleine, witte puntjes op zaten die hij niet kon thuisbrengen; en wilde met een van zijn pootjes de plek betasten, maar trok het meteen weer terug, want bij de aanraking golfden er koude rillingen over hem heen.",de,2501,2503,I-stative_event,O,O,O
De_gedaante_verwisseling.txt,CURATION_USER,18,"Het jeukte een beetje boven op zijn buik; hij schoof op zijn rug langzaam naar de bedstijl toe om zijn kop beter te kunnen optillen; vond de jeukende plek waar allemaal kleine, witte puntjes op zaten die hij niet kon thuisbrengen; en wilde met een van zijn pootjes de plek betasten, maar trok het meteen weer terug, want bij de aanraking golfden er koude rillingen over hem heen.",plek,2504,2508,I-stative_event,O,O,O
De_gedaante_verwisseling.txt,CURATION_USER,18,"Het jeukte een beetje boven op zijn buik; hij schoof op zijn rug langzaam naar de bedstijl toe om zijn kop beter te kunnen optillen; vond de jeukende plek waar allemaal kleine, witte puntjes op zaten die hij niet kon thuisbrengen; en wilde met een van zijn pootjes de plek betasten, maar trok het meteen weer terug, want bij de aanraking golfden er koude rillingen over hem heen.",betasten,2509,2517,I-stative_event,O,O,O
De_gedaante_verwisseling.txt,CURATION_USER,18,"Het jeukte een beetje boven op zijn buik; hij schoof op zijn rug langzaam naar de bedstijl toe om zijn kop beter te kunnen optillen; vond de jeukende plek waar allemaal kleine, witte puntjes op zaten die hij niet kon thuisbrengen; en wilde met een van zijn pootjes de plek betasten, maar trok het meteen weer terug, want bij de aanraking golfden er koude rillingen over hem heen.",",",2517,2518,O,O,O,O
De_gedaante_verwisseling.txt,CURATION_USER,18,"Het jeukte een beetje boven op zijn buik; hij schoof op zijn rug langzaam naar de bedstijl toe om zijn kop beter te kunnen optillen; vond de jeukende plek waar allemaal kleine, witte puntjes op zaten die hij niet kon thuisbrengen; en wilde met een van zijn pootjes de plek betasten, maar trok het meteen weer terug, want bij de aanraking golfden er koude rillingen over hem heen.",maar,2519,2523,B-process,O,O,O
De_gedaante_verwisseling.txt,CURATION_USER,18,"Het jeukte een beetje boven op zijn buik; hij schoof op zijn rug langzaam naar de bedstijl toe om zijn kop beter te kunnen optillen; vond de jeukende plek waar allemaal kleine, witte puntjes op zaten die hij niet kon thuisbrengen; en wilde met een van zijn pootjes de plek betasten, maar trok het meteen weer terug, want bij de aanraking golfden er koude rillingen over hem heen.",trok,2524,2528,I-process,O,O,O
De_gedaante_verwisseling.txt,CURATION_USER,18,"Het jeukte een beetje boven op zijn buik; hij schoof op zijn rug langzaam naar de bedstijl toe om zijn kop beter te kunnen optillen; vond de jeukende plek waar allemaal kleine, witte puntjes op zaten die hij niet kon thuisbrengen; en wilde met een van zijn pootjes de plek betasten, maar trok het meteen weer terug, want bij de aanraking golfden er koude rillingen over hem heen.",het,2529,2532,I-process,O,O,O
De_gedaante_verwisseling.txt,CURATION_USER,18,"Het jeukte een beetje boven op zijn buik; hij schoof op zijn rug langzaam naar de bedstijl toe om zijn kop beter te kunnen optillen; vond de jeukende plek waar allemaal kleine, witte puntjes op zaten die hij niet kon thuisbrengen; en wilde met een van zijn pootjes de plek betasten, maar trok het meteen weer terug, want bij de aanraking golfden er koude rillingen over hem heen.",meteen,2533,2539,I-process,O,O,O
De_gedaante_verwisseling.txt,CURATION_USER,18,"Het jeukte een beetje boven op zijn buik; hij schoof op zijn rug langzaam naar de bedstijl toe om zijn kop beter te kunnen optillen; vond de jeukende plek waar allemaal kleine, witte puntjes op zaten die hij niet kon thuisbrengen; en wilde met een van zijn pootjes de plek betasten, maar trok het meteen weer terug, want bij de aanraking golfden er koude rillingen over hem heen.",weer,2540,2544,I-process,O,O,O
De_gedaante_verwisseling.txt,CURATION_USER,18,"Het jeukte een beetje boven op zijn buik; hij schoof op zijn rug langzaam naar de bedstijl toe om zijn kop beter te kunnen optillen; vond de jeukende plek waar allemaal kleine, witte puntjes op zaten die hij niet kon thuisbrengen; en wilde met een van zijn pootjes de plek betasten, maar trok het meteen weer terug, want bij de aanraking golfden er koude rillingen over hem heen.",terug,2545,2550,I-process,O,O,O
De_gedaante_verwisseling.txt,CURATION_USER,18,"Het jeukte een beetje boven op zijn buik; hij schoof op zijn rug langzaam naar de bedstijl toe om zijn kop beter te kunnen optillen; vond de jeukende plek waar allemaal kleine, witte puntjes op zaten die hij niet kon thuisbrengen; en wilde met een van zijn pootjes de plek betasten, maar trok het meteen weer terug, want bij de aanraking golfden er koude rillingen over hem heen.",",",2550,2551,O,O,O,O
De_gedaante_verwisseling.txt,CURATION_USER,18,"Het jeukte een beetje boven op zijn buik; hij schoof op zijn rug langzaam naar de bedstijl toe om zijn kop beter te kunnen optillen; vond de jeukende plek waar allemaal kleine, witte puntjes op zaten die hij niet kon thuisbrengen; en wilde met een van zijn pootjes de plek betasten, maar trok het meteen weer terug, want bij de aanraking golfden er koude rillingen over hem heen.",want,2552,2556,B-process,O,O,O
De_gedaante_verwisseling.txt,CURATION_USER,18,"Het jeukte een beetje boven op zijn buik; hij schoof op zijn rug langzaam naar de bedstijl toe om zijn kop beter te kunnen optillen; vond de jeukende plek waar allemaal kleine, witte puntjes op zaten die hij niet kon thuisbrengen; en wilde met een van zijn pootjes de plek betasten, maar trok het meteen weer terug, want bij de aanraking golfden er koude rillingen over hem heen.",bij,2557,2560,I-process,O,O,O
De_gedaante_verwisseling.txt,CURATION_USER,18,"Het jeukte een beetje boven op zijn buik; hij schoof op zijn rug langzaam naar de bedstijl toe om zijn kop beter te kunnen optillen; vond de jeukende plek waar allemaal kleine, witte puntjes op zaten die hij niet kon thuisbrengen; en wilde met een van zijn pootjes de plek betasten, maar trok het meteen weer terug, want bij de aanraking golfden er koude rillingen over hem heen.",de,2561,2563,I-process,O,O,O
De_gedaante_verwisseling.txt,CURATION_USER,18,"Het jeukte een beetje boven op zijn buik; hij schoof op zijn rug langzaam naar de bedstijl toe om zijn kop beter te kunnen optillen; vond de jeukende plek waar allemaal kleine, witte puntjes op zaten die hij niet kon thuisbrengen; en wilde met een van zijn pootjes de plek betasten, maar trok het meteen weer terug, want bij de aanraking golfden er koude rillingen over hem heen.",aanraking,2564,2573,I-process,O,O,O
De_gedaante_verwisseling.txt,CURATION_USER,18,"Het jeukte een beetje boven op zijn buik; hij schoof op zijn rug langzaam naar de bedstijl toe om zijn kop beter te kunnen optillen; vond de jeukende plek waar allemaal kleine, witte puntjes op zaten die hij niet kon thuisbrengen; en wilde met een van zijn pootjes de plek betasten, maar trok het meteen weer terug, want bij de aanraking golfden er koude rillingen over hem heen.",golfden,2574,2581,I-process,O,O,O
De_gedaante_verwisseling.txt,CURATION_USER,18,"Het jeukte een beetje boven op zijn buik; hij schoof op zijn rug langzaam naar de bedstijl toe om zijn kop beter te kunnen optillen; vond de jeukende plek waar allemaal kleine, witte puntjes op zaten die hij niet kon thuisbrengen; en wilde met een van zijn pootjes de plek betasten, maar trok het meteen weer terug, want bij de aanraking golfden er koude rillingen over hem heen.",er,2582,2584,I-process,O,O,O
De_gedaante_verwisseling.txt,CURATION_USER,18,"Het jeukte een beetje boven op zijn buik; hij schoof op zijn rug langzaam naar de bedstijl toe om zijn kop beter te kunnen optillen; vond de jeukende plek waar allemaal kleine, witte puntjes op zaten die hij niet kon thuisbrengen; en wilde met een van zijn pootjes de plek betasten, maar trok het meteen weer terug, want bij de aanraking golfden er koude rillingen over hem heen.",koude,2585,2590,I-process,O,O,O
De_gedaante_verwisseling.txt,CURATION_USER,18,"Het jeukte een beetje boven op zijn buik; hij schoof op zijn rug langzaam naar de bedstijl toe om zijn kop beter te kunnen optillen; vond de jeukende plek waar allemaal kleine, witte puntjes op zaten die hij niet kon thuisbrengen; en wilde met een van zijn pootjes de plek betasten, maar trok het meteen weer terug, want bij de aanraking golfden er koude rillingen over hem heen.",rillingen,2591,2600,I-process,O,O,O
De_gedaante_verwisseling.txt,CURATION_USER,18,"Het jeukte een beetje boven op zijn buik; hij schoof op zijn rug langzaam naar de bedstijl toe om zijn kop beter te kunnen optillen; vond de jeukende plek waar allemaal kleine, witte puntjes op zaten die hij niet kon thuisbrengen; en wilde met een van zijn pootjes de plek betasten, maar trok het meteen weer terug, want bij de aanraking golfden er koude rillingen over hem heen.",over,2601,2605,I-process,O,O,O
De_gedaante_verwisseling.txt,CURATION_USER,18,"Het jeukte een beetje boven op zijn buik; hij schoof op zijn rug langzaam naar de bedstijl toe om zijn kop beter te kunnen optillen; vond de jeukende plek waar allemaal kleine, witte puntjes op zaten die hij niet kon thuisbrengen; en wilde met een van zijn pootjes de plek betasten, maar trok het meteen weer terug, want bij de aanraking golfden er koude rillingen over hem heen.",hem,2606,2609,I-process,O,O,O
De_gedaante_verwisseling.txt,CURATION_USER,18,"Het jeukte een beetje boven op zijn buik; hij schoof op zijn rug langzaam naar de bedstijl toe om zijn kop beter te kunnen optillen; vond de jeukende plek waar allemaal kleine, witte puntjes op zaten die hij niet kon thuisbrengen; en wilde met een van zijn pootjes de plek betasten, maar trok het meteen weer terug, want bij de aanraking golfden er koude rillingen over hem heen.",heen,2610,2614,I-process,O,O,O
De_gedaante_verwisseling.txt,CURATION_USER,18,"Het jeukte een beetje boven op zijn buik; hij schoof op zijn rug langzaam naar de bedstijl toe om zijn kop beter te kunnen optillen; vond de jeukende plek waar allemaal kleine, witte puntjes op zaten die hij niet kon thuisbrengen; en wilde met een van zijn pootjes de plek betasten, maar trok het meteen weer terug, want bij de aanraking golfden er koude rillingen over hem heen.",.,2614,2615,O,O,O,O
De_gedaante_verwisseling.txt,CURATION_USER,19,Hij gleed weer terug in zijn vroegere positie.,Hij,2618,2621,B-process,O,O,O
De_gedaante_verwisseling.txt,CURATION_USER,19,Hij gleed weer terug in zijn vroegere positie.,gleed,2622,2627,I-process,O,O,O
De_gedaante_verwisseling.txt,CURATION_USER,19,Hij gleed weer terug in zijn vroegere positie.,weer,2628,2632,I-process,O,O,O
De_gedaante_verwisseling.txt,CURATION_USER,19,Hij gleed weer terug in zijn vroegere positie.,terug,2633,2638,I-process,O,O,O
De_gedaante_verwisseling.txt,CURATION_USER,19,Hij gleed weer terug in zijn vroegere positie.,in,2639,2641,I-process,O,O,O
De_gedaante_verwisseling.txt,CURATION_USER,19,Hij gleed weer terug in zijn vroegere positie.,zijn,2642,2646,I-process,O,O,O
De_gedaante_verwisseling.txt,CURATION_USER,19,Hij gleed weer terug in zijn vroegere positie.,vroegere,2647,2655,I-process,O,O,O
De_gedaante_verwisseling.txt,CURATION_USER,19,Hij gleed weer terug in zijn vroegere positie.,positie,2656,2663,I-process,O,O,O
De_gedaante_verwisseling.txt,CURATION_USER,19,Hij gleed weer terug in zijn vroegere positie.,.,2663,2664,O,O,O,O
De_gedaante_verwisseling.txt,CURATION_USER,20,"‘Van dat vroege opstaan,’ dacht hij, ‘word je helemaal gek.",‘,2665,2666,O,O,O,O
De_gedaante_verwisseling.txt,CURATION_USER,20,"‘Van dat vroege opstaan,’ dacht hij, ‘word je helemaal gek.",Van,2666,2669,B-process,O,O,O
De_gedaante_verwisseling.txt,CURATION_USER,20,"‘Van dat vroege opstaan,’ dacht hij, ‘word je helemaal gek.",dat,2670,2673,I-process,O,O,O
De_gedaante_verwisseling.txt,CURATION_USER,20,"‘Van dat vroege opstaan,’ dacht hij, ‘word je helemaal gek.",vroege,2674,2680,I-process,O,O,O
De_gedaante_verwisseling.txt,CURATION_USER,20,"‘Van dat vroege opstaan,’ dacht hij, ‘word je helemaal gek.",opstaan,2681,2688,I-process,O,O,O
De_gedaante_verwisseling.txt,CURATION_USER,20,"‘Van dat vroege opstaan,’ dacht hij, ‘word je helemaal gek.",",",2688,2689,I-process,O,O,O
De_gedaante_verwisseling.txt,CURATION_USER,20,"‘Van dat vroege opstaan,’ dacht hij, ‘word je helemaal gek.",’,2689,2690,I-process,O,O,O
De_gedaante_verwisseling.txt,CURATION_USER,20,"‘Van dat vroege opstaan,’ dacht hij, ‘word je helemaal gek.",dacht,2691,2696,I-process,B-process,O,O
De_gedaante_verwisseling.txt,CURATION_USER,20,"‘Van dat vroege opstaan,’ dacht hij, ‘word je helemaal gek.",hij,2697,2700,I-process,I-process,O,O
De_gedaante_verwisseling.txt,CURATION_USER,20,"‘Van dat vroege opstaan,’ dacht hij, ‘word je helemaal gek.",",",2700,2701,I-process,O,O,O
De_gedaante_verwisseling.txt,CURATION_USER,20,"‘Van dat vroege opstaan,’ dacht hij, ‘word je helemaal gek.",‘,2702,2703,I-process,O,O,O
De_gedaante_verwisseling.txt,CURATION_USER,20,"‘Van dat vroege opstaan,’ dacht hij, ‘word je helemaal gek.",word,2703,2707,I-process,O,O,O
De_gedaante_verwisseling.txt,CURATION_USER,20,"‘Van dat vroege opstaan,’ dacht hij, ‘word je helemaal gek.",je,2708,2710,I-process,O,O,O
De_gedaante_verwisseling.txt,CURATION_USER,20,"‘Van dat vroege opstaan,’ dacht hij, ‘word je helemaal gek.",helemaal,2711,2719,I-process,O,O,O
De_gedaante_verwisseling.txt,CURATION_USER,20,"‘Van dat vroege opstaan,’ dacht hij, ‘word je helemaal gek.",gek,2720,2723,I-process,O,O,O
De_gedaante_verwisseling.txt,CURATION_USER,20,"‘Van dat vroege opstaan,’ dacht hij, ‘word je helemaal gek.",.,2723,2724,O,O,O,O
De_gedaante_verwisseling.txt,CURATION_USER,21,Een mens heeft zijn slaap nodig.,Een,2725,2728,B-non_event,O,B-Direct thought,O
De_gedaante_verwisseling.txt,CURATION_USER,21,Een mens heeft zijn slaap nodig.,mens,2729,2733,I-non_event,O,I-Direct thought,O
De_gedaante_verwisseling.txt,CURATION_USER,21,Een mens heeft zijn slaap nodig.,heeft,2734,2739,I-non_event,O,I-Direct thought,O
De_gedaante_verwisseling.txt,CURATION_USER,21,Een mens heeft zijn slaap nodig.,zijn,2740,2744,I-non_event,O,I-Direct thought,O
De_gedaante_verwisseling.txt,CURATION_USER,21,Een mens heeft zijn slaap nodig.,slaap,2745,2750,I-non_event,O,I-Direct thought,O
De_gedaante_verwisseling.txt,CURATION_USER,21,Een mens heeft zijn slaap nodig.,nodig,2751,2756,I-non_event,O,I-Direct thought,O
De_gedaante_verwisseling.txt,CURATION_USER,21,Een mens heeft zijn slaap nodig.,.,2756,2757,O,O,O,O
De_gedaante_verwisseling.txt,CURATION_USER,22,Andere handelsreizigers leven als vrouwen in een harem.,Andere,2758,2764,B-stative_event,O,B-Direct thought,O
De_gedaante_verwisseling.txt,CURATION_USER,22,Andere handelsreizigers leven als vrouwen in een harem.,handelsreizigers,2765,2781,I-stative_event,O,I-Direct thought,O
De_gedaante_verwisseling.txt,CURATION_USER,22,Andere handelsreizigers leven als vrouwen in een harem.,leven,2782,2787,I-stative_event,O,I-Direct thought,O
De_gedaante_verwisseling.txt,CURATION_USER,22,Andere handelsreizigers leven als vrouwen in een harem.,als,2788,2791,I-stative_event,O,I-Direct thought,O
De_gedaante_verwisseling.txt,CURATION_USER,22,Andere handelsreizigers leven als vrouwen in een harem.,vrouwen,2792,2799,I-stative_event,O,I-Direct thought,O
De_gedaante_verwisseling.txt,CURATION_USER,22,Andere handelsreizigers leven als vrouwen in een harem.,in,2800,2802,I-stative_event,O,I-Direct thought,O
De_gedaante_verwisseling.txt,CURATION_USER,22,Andere handelsreizigers leven als vrouwen in een harem.,een,2803,2806,I-stative_event,O,I-Direct thought,O
De_gedaante_verwisseling.txt,CURATION_USER,22,Andere handelsreizigers leven als vrouwen in een harem.,harem,2807,2812,I-stative_event,O,I-Direct thought,O
De_gedaante_verwisseling.txt,CURATION_USER,22,Andere handelsreizigers leven als vrouwen in een harem.,.,2812,2813,O,O,O,O
De_gedaante_verwisseling.txt,CURATION_USER,23,"Als ik bijvoorbeeld in de loop van de ochtend naar het hotel terugga om de verworven orders over te schrijven, zitten die heren nog maar aan het ontbijt.",Als,2814,2817,B-non_event,O,B-Direct thought,O
De_gedaante_verwisseling.txt,CURATION_USER,23,"Als ik bijvoorbeeld in de loop van de ochtend naar het hotel terugga om de verworven orders over te schrijven, zitten die heren nog maar aan het ontbijt.",ik,2818,2820,I-non_event,O,I-Direct thought,O
De_gedaante_verwisseling.txt,CURATION_USER,23,"Als ik bijvoorbeeld in de loop van de ochtend naar het hotel terugga om de verworven orders over te schrijven, zitten die heren nog maar aan het ontbijt.",bijvoorbeeld,2821,2833,I-non_event,O,I-Direct thought,O
De_gedaante_verwisseling.txt,CURATION_USER,23,"Als ik bijvoorbeeld in de loop van de ochtend naar het hotel terugga om de verworven orders over te schrijven, zitten die heren nog maar aan het ontbijt.",in,2834,2836,I-non_event,O,I-Direct thought,O
De_gedaante_verwisseling.txt,CURATION_USER,23,"Als ik bijvoorbeeld in de loop van de ochtend naar het hotel terugga om de verworven orders over te schrijven, zitten die heren nog maar aan het ontbijt.",de,2837,2839,I-non_event,O,I-Direct thought,O
De_gedaante_verwisseling.txt,CURATION_USER,23,"Als ik bijvoorbeeld in de loop van de ochtend naar het hotel terugga om de verworven orders over te schrijven, zitten die heren nog maar aan het ontbijt.",loop,2840,2844,I-non_event,O,I-Direct thought,O
De_gedaante_verwisseling.txt,CURATION_USER,23,"Als ik bijvoorbeeld in de loop van de ochtend naar het hotel terugga om de verworven orders over te schrijven, zitten die heren nog maar aan het ontbijt.",van,2845,2848,I-non_event,O,I-Direct thought,O
De_gedaante_verwisseling.txt,CURATION_USER,23,"Als ik bijvoorbeeld in de loop van de ochtend naar het hotel terugga om de verworven orders over te schrijven, zitten die heren nog maar aan het ontbijt.",de,2849,2851,I-non_event,O,I-Direct thought,O
De_gedaante_verwisseling.txt,CURATION_USER,23,"Als ik bijvoorbeeld in de loop van de ochtend naar het hotel terugga om de verworven orders over te schrijven, zitten die heren nog maar aan het ontbijt.",ochtend,2852,2859,I-non_event,O,I-Direct thought,O
De_gedaante_verwisseling.txt,CURATION_USER,23,"Als ik bijvoorbeeld in de loop van de ochtend naar het hotel terugga om de verworven orders over te schrijven, zitten die heren nog maar aan het ontbijt.",naar,2860,2864,I-non_event,O,I-Direct thought,O
De_gedaante_verwisseling.txt,CURATION_USER,23,"Als ik bijvoorbeeld in de loop van de ochtend naar het hotel terugga om de verworven orders over te schrijven, zitten die heren nog maar aan het ontbijt.",het,2865,2868,I-non_event,O,I-Direct thought,O
De_gedaante_verwisseling.txt,CURATION_USER,23,"Als ik bijvoorbeeld in de loop van de ochtend naar het hotel terugga om de verworven orders over te schrijven, zitten die heren nog maar aan het ontbijt.",hotel,2869,2874,I-non_event,O,I-Direct thought,O
De_gedaante_verwisseling.txt,CURATION_USER,23,"Als ik bijvoorbeeld in de loop van de ochtend naar het hotel terugga om de verworven orders over te schrijven, zitten die heren nog maar aan het ontbijt.",terugga,2875,2882,I-non_event,O,I-Direct thought,O
De_gedaante_verwisseling.txt,CURATION_USER,23,"Als ik bijvoorbeeld in de loop van de ochtend naar het hotel terugga om de verworven orders over te schrijven, zitten die heren nog maar aan het ontbijt.",om,2883,2885,B-non_event,O,B-Direct thought,O
De_gedaante_verwisseling.txt,CURATION_USER,23,"Als ik bijvoorbeeld in de loop van de ochtend naar het hotel terugga om de verworven orders over te schrijven, zitten die heren nog maar aan het ontbijt.",de,2886,2888,I-non_event,O,I-Direct thought,O
De_gedaante_verwisseling.txt,CURATION_USER,23,"Als ik bijvoorbeeld in de loop van de ochtend naar het hotel terugga om de verworven orders over te schrijven, zitten die heren nog maar aan het ontbijt.",verworven,2889,2898,I-non_event,O,I-Direct thought,O
De_gedaante_verwisseling.txt,CURATION_USER,23,"Als ik bijvoorbeeld in de loop van de ochtend naar het hotel terugga om de verworven orders over te schrijven, zitten die heren nog maar aan het ontbijt.",orders,2899,2905,I-non_event,O,I-Direct thought,O
De_gedaante_verwisseling.txt,CURATION_USER,23,"Als ik bijvoorbeeld in de loop van de ochtend naar het hotel terugga om de verworven orders over te schrijven, zitten die heren nog maar aan het ontbijt.",over,2906,2910,I-non_event,O,I-Direct thought,O
De_gedaante_verwisseling.txt,CURATION_USER,23,"Als ik bijvoorbeeld in de loop van de ochtend naar het hotel terugga om de verworven orders over te schrijven, zitten die heren nog maar aan het ontbijt.",te,2911,2913,I-non_event,O,I-Direct thought,O
De_gedaante_verwisseling.txt,CURATION_USER,23,"Als ik bijvoorbeeld in de loop van de ochtend naar het hotel terugga om de verworven orders over te schrijven, zitten die heren nog maar aan het ontbijt.",schrijven,2914,2923,I-non_event,O,I-Direct thought,O
De_gedaante_verwisseling.txt,CURATION_USER,23,"Als ik bijvoorbeeld in de loop van de ochtend naar het hotel terugga om de verworven orders over te schrijven, zitten die heren nog maar aan het ontbijt.",",",2923,2924,O,O,O,O
De_gedaante_verwisseling.txt,CURATION_USER,23,"Als ik bijvoorbeeld in de loop van de ochtend naar het hotel terugga om de verworven orders over te schrijven, zitten die heren nog maar aan het ontbijt.",zitten,2925,2931,B-non_event,O,B-Direct thought,O
De_gedaante_verwisseling.txt,CURATION_USER,23,"Als ik bijvoorbeeld in de loop van de ochtend naar het hotel terugga om de verworven orders over te schrijven, zitten die heren nog maar aan het ontbijt.",die,2932,2935,I-non_event,O,I-Direct thought,O
De_gedaante_verwisseling.txt,CURATION_USER,23,"Als ik bijvoorbeeld in de loop van de ochtend naar het hotel terugga om de verworven orders over te schrijven, zitten die heren nog maar aan het ontbijt.",heren,2936,2941,I-non_event,O,I-Direct thought,O
De_gedaante_verwisseling.txt,CURATION_USER,23,"Als ik bijvoorbeeld in de loop van de ochtend naar het hotel terugga om de verworven orders over te schrijven, zitten die heren nog maar aan het ontbijt.",nog,2942,2945,I-non_event,O,I-Direct thought,O
De_gedaante_verwisseling.txt,CURATION_USER,23,"Als ik bijvoorbeeld in de loop van de ochtend naar het hotel terugga om de verworven orders over te schrijven, zitten die heren nog maar aan het ontbijt.",maar,2946,2950,I-non_event,O,I-Direct thought,O
De_gedaante_verwisseling.txt,CURATION_USER,23,"Als ik bijvoorbeeld in de loop van de ochtend naar het hotel terugga om de verworven orders over te schrijven, zitten die heren nog maar aan het ontbijt.",aan,2951,2954,I-non_event,O,I-Direct thought,O
De_gedaante_verwisseling.txt,CURATION_USER,23,"Als ik bijvoorbeeld in de loop van de ochtend naar het hotel terugga om de verworven orders over te schrijven, zitten die heren nog maar aan het ontbijt.",het,2955,2958,I-non_event,O,I-Direct thought,O
De_gedaante_verwisseling.txt,CURATION_USER,23,"Als ik bijvoorbeeld in de loop van de ochtend naar het hotel terugga om de verworven orders over te schrijven, zitten die heren nog maar aan het ontbijt.",ontbijt,2959,2966,I-non_event,O,I-Direct thought,O
De_gedaante_verwisseling.txt,CURATION_USER,23,"Als ik bijvoorbeeld in de loop van de ochtend naar het hotel terugga om de verworven orders over te schrijven, zitten die heren nog maar aan het ontbijt.",.,2966,2967,O,O,O,O
De_gedaante_verwisseling.txt,CURATION_USER,24,Dat zou ik eens bij mijn directeur moeten proberen; ik zou er op staande voet uitvliegen.,Dat,2968,2971,B-non_event,O,B-Direct thought,O
De_gedaante_verwisseling.txt,CURATION_USER,24,Dat zou ik eens bij mijn directeur moeten proberen; ik zou er op staande voet uitvliegen.,zou,2972,2975,I-non_event,O,I-Direct thought,O
De_gedaante_verwisseling.txt,CURATION_USER,24,Dat zou ik eens bij mijn directeur moeten proberen; ik zou er op staande voet uitvliegen.,ik,2976,2978,I-non_event,O,I-Direct thought,O
De_gedaante_verwisseling.txt,CURATION_USER,24,Dat zou ik eens bij mijn directeur moeten proberen; ik zou er op staande voet uitvliegen.,eens,2979,2983,I-non_event,O,I-Direct thought,O
De_gedaante_verwisseling.txt,CURATION_USER,24,Dat zou ik eens bij mijn directeur moeten proberen; ik zou er op staande voet uitvliegen.,bij,2984,2987,I-non_event,O,I-Direct thought,O
De_gedaante_verwisseling.txt,CURATION_USER,24,Dat zou ik eens bij mijn directeur moeten proberen; ik zou er op staande voet uitvliegen.,mijn,2988,2992,I-non_event,O,I-Direct thought,O
De_gedaante_verwisseling.txt,CURATION_USER,24,Dat zou ik eens bij mijn directeur moeten proberen; ik zou er op staande voet uitvliegen.,directeur,2993,3002,I-non_event,O,I-Direct thought,O
De_gedaante_verwisseling.txt,CURATION_USER,24,Dat zou ik eens bij mijn directeur moeten proberen; ik zou er op staande voet uitvliegen.,moeten,3003,3009,I-non_event,O,I-Direct thought,O
De_gedaante_verwisseling.txt,CURATION_USER,24,Dat zou ik eens bij mijn directeur moeten proberen; ik zou er op staande voet uitvliegen.,proberen,3010,3018,I-non_event,O,I-Direct thought,O
De_gedaante_verwisseling.txt,CURATION_USER,24,Dat zou ik eens bij mijn directeur moeten proberen; ik zou er op staande voet uitvliegen.,;,3018,3019,O,O,O,O
De_gedaante_verwisseling.txt,CURATION_USER,24,Dat zou ik eens bij mijn directeur moeten proberen; ik zou er op staande voet uitvliegen.,ik,3020,3022,B-non_event,O,O,O
De_gedaante_verwisseling.txt,CURATION_USER,24,Dat zou ik eens bij mijn directeur moeten proberen; ik zou er op staande voet uitvliegen.,zou,3023,3026,I-non_event,O,O,O
De_gedaante_verwisseling.txt,CURATION_USER,24,Dat zou ik eens bij mijn directeur moeten proberen; ik zou er op staande voet uitvliegen.,er,3027,3029,I-non_event,O,O,O
De_gedaante_verwisseling.txt,CURATION_USER,24,Dat zou ik eens bij mijn directeur moeten proberen; ik zou er op staande voet uitvliegen.,op,3030,3032,I-non_event,O,O,O
De_gedaante_verwisseling.txt,CURATION_USER,24,Dat zou ik eens bij mijn directeur moeten proberen; ik zou er op staande voet uitvliegen.,staande,3033,3040,I-non_event,O,O,O
De_gedaante_verwisseling.txt,CURATION_USER,24,Dat zou ik eens bij mijn directeur moeten proberen; ik zou er op staande voet uitvliegen.,voet,3041,3045,I-non_event,O,O,O
De_gedaante_verwisseling.txt,CURATION_USER,24,Dat zou ik eens bij mijn directeur moeten proberen; ik zou er op staande voet uitvliegen.,uitvliegen,3046,3056,I-non_event,O,O,O
De_gedaante_verwisseling.txt,CURATION_USER,24,Dat zou ik eens bij mijn directeur moeten proberen; ik zou er op staande voet uitvliegen.,.,3056,3057,O,O,O,O
De_gedaante_verwisseling.txt,CURATION_USER,25,Wie weet overigens of dat niet heel goed voor mij zou zijn.,Wie,3058,3061,B-non_event,O,B-Direct thought,O
De_gedaante_verwisseling.txt,CURATION_USER,25,Wie weet overigens of dat niet heel goed voor mij zou zijn.,weet,3062,3066,I-non_event,O,I-Direct thought,O
De_gedaante_verwisseling.txt,CURATION_USER,25,Wie weet overigens of dat niet heel goed voor mij zou zijn.,overigens,3067,3076,I-non_event,O,I-Direct thought,O
De_gedaante_verwisseling.txt,CURATION_USER,25,Wie weet overigens of dat niet heel goed voor mij zou zijn.,of,3077,3079,I-non_event,O,I-Direct thought,O
De_gedaante_verwisseling.txt,CURATION_USER,25,Wie weet overigens of dat niet heel goed voor mij zou zijn.,dat,3080,3083,I-non_event,O,I-Direct thought,O
De_gedaante_verwisseling.txt,CURATION_USER,25,Wie weet overigens of dat niet heel goed voor mij zou zijn.,niet,3084,3088,I-non_event,O,I-Direct thought,O
De_gedaante_verwisseling.txt,CURATION_USER,25,Wie weet overigens of dat niet heel goed voor mij zou zijn.,heel,3089,3093,I-non_event,O,I-Direct thought,O
De_gedaante_verwisseling.txt,CURATION_USER,25,Wie weet overigens of dat niet heel goed voor mij zou zijn.,goed,3094,3098,I-non_event,O,I-Direct thought,O
De_gedaante_verwisseling.txt,CURATION_USER,25,Wie weet overigens of dat niet heel goed voor mij zou zijn.,voor,3099,3103,I-non_event,O,I-Direct thought,O
De_gedaante_verwisseling.txt,CURATION_USER,25,Wie weet overigens of dat niet heel goed voor mij zou zijn.,mij,3104,3107,I-non_event,O,I-Direct thought,O
De_gedaante_verwisseling.txt,CURATION_USER,25,Wie weet overigens of dat niet heel goed voor mij zou zijn.,zou,3108,3111,I-non_event,O,I-Direct thought,O
De_gedaante_verwisseling.txt,CURATION_USER,25,Wie weet overigens of dat niet heel goed voor mij zou zijn.,zijn,3112,3116,I-non_event,O,I-Direct thought,O
De_gedaante_verwisseling.txt,CURATION_USER,25,Wie weet overigens of dat niet heel goed voor mij zou zijn.,.,3116,3117,O,O,O,O
De_gedaante_verwisseling.txt,CURATION_USER,26,"Als ik mij niet vanwege mijn ouders zou inhouden, had ik allang opgezegd, ik zou naar mijn directeur zijn gestapt om hem uit de grond van mijn hart mijn mening te zeggen.",Als,3118,3121,B-non_event,O,B-Direct thought,O
De_gedaante_verwisseling.txt,CURATION_USER,26,"Als ik mij niet vanwege mijn ouders zou inhouden, had ik allang opgezegd, ik zou naar mijn directeur zijn gestapt om hem uit de grond van mijn hart mijn mening te zeggen.",ik,3122,3124,I-non_event,O,I-Direct thought,O
De_gedaante_verwisseling.txt,CURATION_USER,26,"Als ik mij niet vanwege mijn ouders zou inhouden, had ik allang opgezegd, ik zou naar mijn directeur zijn gestapt om hem uit de grond van mijn hart mijn mening te zeggen.",mij,3125,3128,I-non_event,O,I-Direct thought,O
De_gedaante_verwisseling.txt,CURATION_USER,26,"Als ik mij niet vanwege mijn ouders zou inhouden, had ik allang opgezegd, ik zou naar mijn directeur zijn gestapt om hem uit de grond van mijn hart mijn mening te zeggen.",niet,3129,3133,I-non_event,O,I-Direct thought,O
De_gedaante_verwisseling.txt,CURATION_USER,26,"Als ik mij niet vanwege mijn ouders zou inhouden, had ik allang opgezegd, ik zou naar mijn directeur zijn gestapt om hem uit de grond van mijn hart mijn mening te zeggen.",vanwege,3134,3141,I-non_event,O,I-Direct thought,O
De_gedaante_verwisseling.txt,CURATION_USER,26,"Als ik mij niet vanwege mijn ouders zou inhouden, had ik allang opgezegd, ik zou naar mijn directeur zijn gestapt om hem uit de grond van mijn hart mijn mening te zeggen.",mijn,3142,3146,I-non_event,O,I-Direct thought,O
De_gedaante_verwisseling.txt,CURATION_USER,26,"Als ik mij niet vanwege mijn ouders zou inhouden, had ik allang opgezegd, ik zou naar mijn directeur zijn gestapt om hem uit de grond van mijn hart mijn mening te zeggen.",ouders,3147,3153,I-non_event,O,I-Direct thought,O
De_gedaante_verwisseling.txt,CURATION_USER,26,"Als ik mij niet vanwege mijn ouders zou inhouden, had ik allang opgezegd, ik zou naar mijn directeur zijn gestapt om hem uit de grond van mijn hart mijn mening te zeggen.",zou,3154,3157,I-non_event,O,I-Direct thought,O
De_gedaante_verwisseling.txt,CURATION_USER,26,"Als ik mij niet vanwege mijn ouders zou inhouden, had ik allang opgezegd, ik zou naar mijn directeur zijn gestapt om hem uit de grond van mijn hart mijn mening te zeggen.",inhouden,3158,3166,I-non_event,O,I-Direct thought,O
De_gedaante_verwisseling.txt,CURATION_USER,26,"Als ik mij niet vanwege mijn ouders zou inhouden, had ik allang opgezegd, ik zou naar mijn directeur zijn gestapt om hem uit de grond van mijn hart mijn mening te zeggen.",",",3166,3167,O,O,O,O
De_gedaante_verwisseling.txt,CURATION_USER,26,"Als ik mij niet vanwege mijn ouders zou inhouden, had ik allang opgezegd, ik zou naar mijn directeur zijn gestapt om hem uit de grond van mijn hart mijn mening te zeggen.",had,3168,3171,B-non_event,O,B-Direct thought,O
De_gedaante_verwisseling.txt,CURATION_USER,26,"Als ik mij niet vanwege mijn ouders zou inhouden, had ik allang opgezegd, ik zou naar mijn directeur zijn gestapt om hem uit de grond van mijn hart mijn mening te zeggen.",ik,3172,3174,I-non_event,O,I-Direct thought,O
De_gedaante_verwisseling.txt,CURATION_USER,26,"Als ik mij niet vanwege mijn ouders zou inhouden, had ik allang opgezegd, ik zou naar mijn directeur zijn gestapt om hem uit de grond van mijn hart mijn mening te zeggen.",allang,3175,3181,I-non_event,O,I-Direct thought,O
De_gedaante_verwisseling.txt,CURATION_USER,26,"Als ik mij niet vanwege mijn ouders zou inhouden, had ik allang opgezegd, ik zou naar mijn directeur zijn gestapt om hem uit de grond van mijn hart mijn mening te zeggen.",opgezegd,3182,3190,I-non_event,O,I-Direct thought,O
De_gedaante_verwisseling.txt,CURATION_USER,26,"Als ik mij niet vanwege mijn ouders zou inhouden, had ik allang opgezegd, ik zou naar mijn directeur zijn gestapt om hem uit de grond van mijn hart mijn mening te zeggen.",",",3190,3191,O,O,O,O
De_gedaante_verwisseling.txt,CURATION_USER,26,"Als ik mij niet vanwege mijn ouders zou inhouden, had ik allang opgezegd, ik zou naar mijn directeur zijn gestapt om hem uit de grond van mijn hart mijn mening te zeggen.",ik,3192,3194,B-non_event,O,B-Direct thought,O
De_gedaante_verwisseling.txt,CURATION_USER,26,"Als ik mij niet vanwege mijn ouders zou inhouden, had ik allang opgezegd, ik zou naar mijn directeur zijn gestapt om hem uit de grond van mijn hart mijn mening te zeggen.",zou,3195,3198,I-non_event,O,I-Direct thought,O
De_gedaante_verwisseling.txt,CURATION_USER,26,"Als ik mij niet vanwege mijn ouders zou inhouden, had ik allang opgezegd, ik zou naar mijn directeur zijn gestapt om hem uit de grond van mijn hart mijn mening te zeggen.",naar,3199,3203,I-non_event,O,I-Direct thought,O
De_gedaante_verwisseling.txt,CURATION_USER,26,"Als ik mij niet vanwege mijn ouders zou inhouden, had ik allang opgezegd, ik zou naar mijn directeur zijn gestapt om hem uit de grond van mijn hart mijn mening te zeggen.",mijn,3204,3208,I-non_event,O,I-Direct thought,O
De_gedaante_verwisseling.txt,CURATION_USER,26,"Als ik mij niet vanwege mijn ouders zou inhouden, had ik allang opgezegd, ik zou naar mijn directeur zijn gestapt om hem uit de grond van mijn hart mijn mening te zeggen.",directeur,3209,3218,I-non_event,O,I-Direct thought,O
De_gedaante_verwisseling.txt,CURATION_USER,26,"Als ik mij niet vanwege mijn ouders zou inhouden, had ik allang opgezegd, ik zou naar mijn directeur zijn gestapt om hem uit de grond van mijn hart mijn mening te zeggen.",zijn,3219,3223,I-non_event,O,I-Direct thought,O
De_gedaante_verwisseling.txt,CURATION_USER,26,"Als ik mij niet vanwege mijn ouders zou inhouden, had ik allang opgezegd, ik zou naar mijn directeur zijn gestapt om hem uit de grond van mijn hart mijn mening te zeggen.",gestapt,3224,3231,I-non_event,O,I-Direct thought,O
De_gedaante_verwisseling.txt,CURATION_USER,26,"Als ik mij niet vanwege mijn ouders zou inhouden, had ik allang opgezegd, ik zou naar mijn directeur zijn gestapt om hem uit de grond van mijn hart mijn mening te zeggen.",om,3232,3234,I-non_event,O,I-Direct thought,O
De_gedaante_verwisseling.txt,CURATION_USER,26,"Als ik mij niet vanwege mijn ouders zou inhouden, had ik allang opgezegd, ik zou naar mijn directeur zijn gestapt om hem uit de grond van mijn hart mijn mening te zeggen.",hem,3235,3238,I-non_event,O,I-Direct thought,O
De_gedaante_verwisseling.txt,CURATION_USER,26,"Als ik mij niet vanwege mijn ouders zou inhouden, had ik allang opgezegd, ik zou naar mijn directeur zijn gestapt om hem uit de grond van mijn hart mijn mening te zeggen.",uit,3239,3242,I-non_event,O,I-Direct thought,O
De_gedaante_verwisseling.txt,CURATION_USER,26,"Als ik mij niet vanwege mijn ouders zou inhouden, had ik allang opgezegd, ik zou naar mijn directeur zijn gestapt om hem uit de grond van mijn hart mijn mening te zeggen.",de,3243,3245,I-non_event,O,I-Direct thought,O
De_gedaante_verwisseling.txt,CURATION_USER,26,"Als ik mij niet vanwege mijn ouders zou inhouden, had ik allang opgezegd, ik zou naar mijn directeur zijn gestapt om hem uit de grond van mijn hart mijn mening te zeggen.",grond,3246,3251,I-non_event,O,I-Direct thought,O
De_gedaante_verwisseling.txt,CURATION_USER,26,"Als ik mij niet vanwege mijn ouders zou inhouden, had ik allang opgezegd, ik zou naar mijn directeur zijn gestapt om hem uit de grond van mijn hart mijn mening te zeggen.",van,3252,3255,I-non_event,O,I-Direct thought,O
De_gedaante_verwisseling.txt,CURATION_USER,26,"Als ik mij niet vanwege mijn ouders zou inhouden, had ik allang opgezegd, ik zou naar mijn directeur zijn gestapt om hem uit de grond van mijn hart mijn mening te zeggen.",mijn,3256,3260,I-non_event,O,I-Direct thought,O
De_gedaante_verwisseling.txt,CURATION_USER,26,"Als ik mij niet vanwege mijn ouders zou inhouden, had ik allang opgezegd, ik zou naar mijn directeur zijn gestapt om hem uit de grond van mijn hart mijn mening te zeggen.",hart,3261,3265,I-non_event,O,I-Direct thought,O
De_gedaante_verwisseling.txt,CURATION_USER,26,"Als ik mij niet vanwege mijn ouders zou inhouden, had ik allang opgezegd, ik zou naar mijn directeur zijn gestapt om hem uit de grond van mijn hart mijn mening te zeggen.",mijn,3266,3270,I-non_event,O,I-Direct thought,O
De_gedaante_verwisseling.txt,CURATION_USER,26,"Als ik mij niet vanwege mijn ouders zou inhouden, had ik allang opgezegd, ik zou naar mijn directeur zijn gestapt om hem uit de grond van mijn hart mijn mening te zeggen.",mening,3271,3277,I-non_event,O,I-Direct thought,O
De_gedaante_verwisseling.txt,CURATION_USER,26,"Als ik mij niet vanwege mijn ouders zou inhouden, had ik allang opgezegd, ik zou naar mijn directeur zijn gestapt om hem uit de grond van mijn hart mijn mening te zeggen.",te,3278,3280,I-non_event,O,I-Direct thought,O
De_gedaante_verwisseling.txt,CURATION_USER,26,"Als ik mij niet vanwege mijn ouders zou inhouden, had ik allang opgezegd, ik zou naar mijn directeur zijn gestapt om hem uit de grond van mijn hart mijn mening te zeggen.",zeggen,3281,3287,I-non_event,O,I-Direct thought,O
De_gedaante_verwisseling.txt,CURATION_USER,26,"Als ik mij niet vanwege mijn ouders zou inhouden, had ik allang opgezegd, ik zou naar mijn directeur zijn gestapt om hem uit de grond van mijn hart mijn mening te zeggen.",.,3287,3288,O,O,O,O
De_gedaante_verwisseling.txt,CURATION_USER,27,Van mij had hij van zijn lessenaar af mogen vallen!,Van,3289,3292,B-non_event,O,B-Direct thought,O
De_gedaante_verwisseling.txt,CURATION_USER,27,Van mij had hij van zijn lessenaar af mogen vallen!,mij,3293,3296,I-non_event,O,I-Direct thought,O
De_gedaante_verwisseling.txt,CURATION_USER,27,Van mij had hij van zijn lessenaar af mogen vallen!,had,3297,3300,I-non_event,O,I-Direct thought,O
De_gedaante_verwisseling.txt,CURATION_USER,27,Van mij had hij van zijn lessenaar af mogen vallen!,hij,3301,3304,I-non_event,O,I-Direct thought,O
De_gedaante_verwisseling.txt,CURATION_USER,27,Van mij had hij van zijn lessenaar af mogen vallen!,van,3305,3308,I-non_event,O,I-Direct thought,O
De_gedaante_verwisseling.txt,CURATION_USER,27,Van mij had hij van zijn lessenaar af mogen vallen!,zijn,3309,3313,I-non_event,O,I-Direct thought,O
De_gedaante_verwisseling.txt,CURATION_USER,27,Van mij had hij van zijn lessenaar af mogen vallen!,lessenaar,3314,3323,I-non_event,O,I-Direct thought,O
De_gedaante_verwisseling.txt,CURATION_USER,27,Van mij had hij van zijn lessenaar af mogen vallen!,af,3324,3326,I-non_event,O,I-Direct thought,O
De_gedaante_verwisseling.txt,CURATION_USER,27,Van mij had hij van zijn lessenaar af mogen vallen!,mogen,3327,3332,I-non_event,O,I-Direct thought,O
De_gedaante_verwisseling.txt,CURATION_USER,27,Van mij had hij van zijn lessenaar af mogen vallen!,vallen,3333,3339,I-non_event,O,I-Direct thought,O
De_gedaante_verwisseling.txt,CURATION_USER,27,Van mij had hij van zijn lessenaar af mogen vallen!,!,3339,3340,O,O,O,O
De_gedaante_verwisseling.txt,CURATION_USER,28,"Het is ook een rare manier van doen, op een podiumpje met een lessenaar te gaan zitten en van bovenaf met je werknemer te praten, die ook nog vanwege de hardhorendheid van de directeur heel dichtbij moet komen staan.",Het,3341,3344,B-stative_event,O,B-Direct thought,O
De_gedaante_verwisseling.txt,CURATION_USER,28,"Het is ook een rare manier van doen, op een podiumpje met een lessenaar te gaan zitten en van bovenaf met je werknemer te praten, die ook nog vanwege de hardhorendheid van de directeur heel dichtbij moet komen staan.",is,3345,3347,I-stative_event,O,I-Direct thought,O
De_gedaante_verwisseling.txt,CURATION_USER,28,"Het is ook een rare manier van doen, op een podiumpje met een lessenaar te gaan zitten en van bovenaf met je werknemer te praten, die ook nog vanwege de hardhorendheid van de directeur heel dichtbij moet komen staan.",ook,3348,3351,I-stative_event,O,I-Direct thought,O
De_gedaante_verwisseling.txt,CURATION_USER,28,"Het is ook een rare manier van doen, op een podiumpje met een lessenaar te gaan zitten en van bovenaf met je werknemer te praten, die ook nog vanwege de hardhorendheid van de directeur heel dichtbij moet komen staan.",een,3352,3355,I-stative_event,O,I-Direct thought,O
De_gedaante_verwisseling.txt,CURATION_USER,28,"Het is ook een rare manier van doen, op een podiumpje met een lessenaar te gaan zitten en van bovenaf met je werknemer te praten, die ook nog vanwege de hardhorendheid van de directeur heel dichtbij moet komen staan.",rare,3356,3360,I-stative_event,O,I-Direct thought,O
De_gedaante_verwisseling.txt,CURATION_USER,28,"Het is ook een rare manier van doen, op een podiumpje met een lessenaar te gaan zitten en van bovenaf met je werknemer te praten, die ook nog vanwege de hardhorendheid van de directeur heel dichtbij moet komen staan.",manier,3361,3367,I-stative_event,O,I-Direct thought,O
De_gedaante_verwisseling.txt,CURATION_USER,28,"Het is ook een rare manier van doen, op een podiumpje met een lessenaar te gaan zitten en van bovenaf met je werknemer te praten, die ook nog vanwege de hardhorendheid van de directeur heel dichtbij moet komen staan.",van,3368,3371,I-stative_event,O,I-Direct thought,O
De_gedaante_verwisseling.txt,CURATION_USER,28,"Het is ook een rare manier van doen, op een podiumpje met een lessenaar te gaan zitten en van bovenaf met je werknemer te praten, die ook nog vanwege de hardhorendheid van de directeur heel dichtbij moet komen staan.",doen,3372,3376,I-stative_event,O,I-Direct thought,O
De_gedaante_verwisseling.txt,CURATION_USER,28,"Het is ook een rare manier van doen, op een podiumpje met een lessenaar te gaan zitten en van bovenaf met je werknemer te praten, die ook nog vanwege de hardhorendheid van de directeur heel dichtbij moet komen staan.",",",3376,3377,I-stative_event,O,I-Direct thought,O
De_gedaante_verwisseling.txt,CURATION_USER,28,"Het is ook een rare manier van doen, op een podiumpje met een lessenaar te gaan zitten en van bovenaf met je werknemer te praten, die ook nog vanwege de hardhorendheid van de directeur heel dichtbij moet komen staan.",op,3378,3380,I-stative_event,O,I-Direct thought,O
De_gedaante_verwisseling.txt,CURATION_USER,28,"Het is ook een rare manier van doen, op een podiumpje met een lessenaar te gaan zitten en van bovenaf met je werknemer te praten, die ook nog vanwege de hardhorendheid van de directeur heel dichtbij moet komen staan.",een,3381,3384,I-stative_event,O,I-Direct thought,O
De_gedaante_verwisseling.txt,CURATION_USER,28,"Het is ook een rare manier van doen, op een podiumpje met een lessenaar te gaan zitten en van bovenaf met je werknemer te praten, die ook nog vanwege de hardhorendheid van de directeur heel dichtbij moet komen staan.",podiumpje,3385,3394,I-stative_event,O,I-Direct thought,O
De_gedaante_verwisseling.txt,CURATION_USER,28,"Het is ook een rare manier van doen, op een podiumpje met een lessenaar te gaan zitten en van bovenaf met je werknemer te praten, die ook nog vanwege de hardhorendheid van de directeur heel dichtbij moet komen staan.",met,3395,3398,I-stative_event,O,I-Direct thought,O
De_gedaante_verwisseling.txt,CURATION_USER,28,"Het is ook een rare manier van doen, op een podiumpje met een lessenaar te gaan zitten en van bovenaf met je werknemer te praten, die ook nog vanwege de hardhorendheid van de directeur heel dichtbij moet komen staan.",een,3399,3402,I-stative_event,O,I-Direct thought,O
De_gedaante_verwisseling.txt,CURATION_USER,28,"Het is ook een rare manier van doen, op een podiumpje met een lessenaar te gaan zitten en van bovenaf met je werknemer te praten, die ook nog vanwege de hardhorendheid van de directeur heel dichtbij moet komen staan.",lessenaar,3403,3412,I-stative_event,O,I-Direct thought,O
De_gedaante_verwisseling.txt,CURATION_USER,28,"Het is ook een rare manier van doen, op een podiumpje met een lessenaar te gaan zitten en van bovenaf met je werknemer te praten, die ook nog vanwege de hardhorendheid van de directeur heel dichtbij moet komen staan.",te,3413,3415,I-stative_event,O,I-Direct thought,O
De_gedaante_verwisseling.txt,CURATION_USER,28,"Het is ook een rare manier van doen, op een podiumpje met een lessenaar te gaan zitten en van bovenaf met je werknemer te praten, die ook nog vanwege de hardhorendheid van de directeur heel dichtbij moet komen staan.",gaan,3416,3420,I-stative_event,O,I-Direct thought,O
De_gedaante_verwisseling.txt,CURATION_USER,28,"Het is ook een rare manier van doen, op een podiumpje met een lessenaar te gaan zitten en van bovenaf met je werknemer te praten, die ook nog vanwege de hardhorendheid van de directeur heel dichtbij moet komen staan.",zitten,3421,3427,I-stative_event,O,I-Direct thought,O
De_gedaante_verwisseling.txt,CURATION_USER,28,"Het is ook een rare manier van doen, op een podiumpje met een lessenaar te gaan zitten en van bovenaf met je werknemer te praten, die ook nog vanwege de hardhorendheid van de directeur heel dichtbij moet komen staan.",en,3428,3430,I-stative_event,O,I-Direct thought,O
De_gedaante_verwisseling.txt,CURATION_USER,28,"Het is ook een rare manier van doen, op een podiumpje met een lessenaar te gaan zitten en van bovenaf met je werknemer te praten, die ook nog vanwege de hardhorendheid van de directeur heel dichtbij moet komen staan.",van,3431,3434,I-stative_event,O,I-Direct thought,O
De_gedaante_verwisseling.txt,CURATION_USER,28,"Het is ook een rare manier van doen, op een podiumpje met een lessenaar te gaan zitten en van bovenaf met je werknemer te praten, die ook nog vanwege de hardhorendheid van de directeur heel dichtbij moet komen staan.",bovenaf,3435,3442,I-stative_event,O,I-Direct thought,O
De_gedaante_verwisseling.txt,CURATION_USER,28,"Het is ook een rare manier van doen, op een podiumpje met een lessenaar te gaan zitten en van bovenaf met je werknemer te praten, die ook nog vanwege de hardhorendheid van de directeur heel dichtbij moet komen staan.",met,3443,3446,I-stative_event,O,I-Direct thought,O
De_gedaante_verwisseling.txt,CURATION_USER,28,"Het is ook een rare manier van doen, op een podiumpje met een lessenaar te gaan zitten en van bovenaf met je werknemer te praten, die ook nog vanwege de hardhorendheid van de directeur heel dichtbij moet komen staan.",je,3447,3449,I-stative_event,O,I-Direct thought,O
De_gedaante_verwisseling.txt,CURATION_USER,28,"Het is ook een rare manier van doen, op een podiumpje met een lessenaar te gaan zitten en van bovenaf met je werknemer te praten, die ook nog vanwege de hardhorendheid van de directeur heel dichtbij moet komen staan.",werknemer,3450,3459,I-stative_event,O,I-Direct thought,O
De_gedaante_verwisseling.txt,CURATION_USER,28,"Het is ook een rare manier van doen, op een podiumpje met een lessenaar te gaan zitten en van bovenaf met je werknemer te praten, die ook nog vanwege de hardhorendheid van de directeur heel dichtbij moet komen staan.",te,3460,3462,I-stative_event,O,I-Direct thought,O
De_gedaante_verwisseling.txt,CURATION_USER,28,"Het is ook een rare manier van doen, op een podiumpje met een lessenaar te gaan zitten en van bovenaf met je werknemer te praten, die ook nog vanwege de hardhorendheid van de directeur heel dichtbij moet komen staan.",praten,3463,3469,I-stative_event,O,I-Direct thought,O
De_gedaante_verwisseling.txt,CURATION_USER,28,"Het is ook een rare manier van doen, op een podiumpje met een lessenaar te gaan zitten en van bovenaf met je werknemer te praten, die ook nog vanwege de hardhorendheid van de directeur heel dichtbij moet komen staan.",",",3469,3470,O,O,O,O
De_gedaante_verwisseling.txt,CURATION_USER,28,"Het is ook een rare manier van doen, op een podiumpje met een lessenaar te gaan zitten en van bovenaf met je werknemer te praten, die ook nog vanwege de hardhorendheid van de directeur heel dichtbij moet komen staan.",die,3471,3474,B-stative_event,O,B-Direct thought,O
De_gedaante_verwisseling.txt,CURATION_USER,28,"Het is ook een rare manier van doen, op een podiumpje met een lessenaar te gaan zitten en van bovenaf met je werknemer te praten, die ook nog vanwege de hardhorendheid van de directeur heel dichtbij moet komen staan.",ook,3475,3478,I-stative_event,O,I-Direct thought,O
De_gedaante_verwisseling.txt,CURATION_USER,28,"Het is ook een rare manier van doen, op een podiumpje met een lessenaar te gaan zitten en van bovenaf met je werknemer te praten, die ook nog vanwege de hardhorendheid van de directeur heel dichtbij moet komen staan.",nog,3479,3482,I-stative_event,O,I-Direct thought,O
De_gedaante_verwisseling.txt,CURATION_USER,28,"Het is ook een rare manier van doen, op een podiumpje met een lessenaar te gaan zitten en van bovenaf met je werknemer te praten, die ook nog vanwege de hardhorendheid van de directeur heel dichtbij moet komen staan.",vanwege,3483,3490,I-stative_event,O,I-Direct thought,O
De_gedaante_verwisseling.txt,CURATION_USER,28,"Het is ook een rare manier van doen, op een podiumpje met een lessenaar te gaan zitten en van bovenaf met je werknemer te praten, die ook nog vanwege de hardhorendheid van de directeur heel dichtbij moet komen staan.",de,3491,3493,I-stative_event,O,I-Direct thought,O
De_gedaante_verwisseling.txt,CURATION_USER,28,"Het is ook een rare manier van doen, op een podiumpje met een lessenaar te gaan zitten en van bovenaf met je werknemer te praten, die ook nog vanwege de hardhorendheid van de directeur heel dichtbij moet komen staan.",hardhorendheid,3494,3508,I-stative_event,O,I-Direct thought,O
De_gedaante_verwisseling.txt,CURATION_USER,28,"Het is ook een rare manier van doen, op een podiumpje met een lessenaar te gaan zitten en van bovenaf met je werknemer te praten, die ook nog vanwege de hardhorendheid van de directeur heel dichtbij moet komen staan.",van,3509,3512,I-stative_event,O,I-Direct thought,O
De_gedaante_verwisseling.txt,CURATION_USER,28,"Het is ook een rare manier van doen, op een podiumpje met een lessenaar te gaan zitten en van bovenaf met je werknemer te praten, die ook nog vanwege de hardhorendheid van de directeur heel dichtbij moet komen staan.",de,3513,3515,I-stative_event,O,I-Direct thought,O
De_gedaante_verwisseling.txt,CURATION_USER,28,"Het is ook een rare manier van doen, op een podiumpje met een lessenaar te gaan zitten en van bovenaf met je werknemer te praten, die ook nog vanwege de hardhorendheid van de directeur heel dichtbij moet komen staan.",directeur,3516,3525,I-stative_event,O,I-Direct thought,O
De_gedaante_verwisseling.txt,CURATION_USER,28,"Het is ook een rare manier van doen, op een podiumpje met een lessenaar te gaan zitten en van bovenaf met je werknemer te praten, die ook nog vanwege de hardhorendheid van de directeur heel dichtbij moet komen staan.",heel,3526,3530,I-stative_event,O,I-Direct thought,O
De_gedaante_verwisseling.txt,CURATION_USER,28,"Het is ook een rare manier van doen, op een podiumpje met een lessenaar te gaan zitten en van bovenaf met je werknemer te praten, die ook nog vanwege de hardhorendheid van de directeur heel dichtbij moet komen staan.",dichtbij,3531,3539,I-stative_event,O,I-Direct thought,O
De_gedaante_verwisseling.txt,CURATION_USER,28,"Het is ook een rare manier van doen, op een podiumpje met een lessenaar te gaan zitten en van bovenaf met je werknemer te praten, die ook nog vanwege de hardhorendheid van de directeur heel dichtbij moet komen staan.",moet,3540,3544,I-stative_event,O,I-Direct thought,O
De_gedaante_verwisseling.txt,CURATION_USER,28,"Het is ook een rare manier van doen, op een podiumpje met een lessenaar te gaan zitten en van bovenaf met je werknemer te praten, die ook nog vanwege de hardhorendheid van de directeur heel dichtbij moet komen staan.",komen,3545,3550,I-stative_event,O,I-Direct thought,O
De_gedaante_verwisseling.txt,CURATION_USER,28,"Het is ook een rare manier van doen, op een podiumpje met een lessenaar te gaan zitten en van bovenaf met je werknemer te praten, die ook nog vanwege de hardhorendheid van de directeur heel dichtbij moet komen staan.",staan,3551,3556,I-stative_event,O,I-Direct thought,O
De_gedaante_verwisseling.txt,CURATION_USER,28,"Het is ook een rare manier van doen, op een podiumpje met een lessenaar te gaan zitten en van bovenaf met je werknemer te praten, die ook nog vanwege de hardhorendheid van de directeur heel dichtbij moet komen staan.",.,3556,3557,O,O,O,O
De_gedaante_verwisseling.txt,CURATION_USER,29,"Nou, ik heb de hoop nog niet helemaal laten varen; als ik eenmaal het geld bij elkaar heb om de schuld van mijn ouders aan hem af te betalen – dat kan nog een jaar of vijf, zes duren – dan doe ik het absoluut.",Nou,3558,3561,B-stative_event,O,B-Direct thought,O
De_gedaante_verwisseling.txt,CURATION_USER,29,"Nou, ik heb de hoop nog niet helemaal laten varen; als ik eenmaal het geld bij elkaar heb om de schuld van mijn ouders aan hem af te betalen – dat kan nog een jaar of vijf, zes duren – dan doe ik het absoluut.",",",3561,3562,I-stative_event,O,I-Direct thought,O
De_gedaante_verwisseling.txt,CURATION_USER,29,"Nou, ik heb de hoop nog niet helemaal laten varen; als ik eenmaal het geld bij elkaar heb om de schuld van mijn ouders aan hem af te betalen – dat kan nog een jaar of vijf, zes duren – dan doe ik het absoluut.",ik,3563,3565,I-stative_event,O,I-Direct thought,O
De_gedaante_verwisseling.txt,CURATION_USER,29,"Nou, ik heb de hoop nog niet helemaal laten varen; als ik eenmaal het geld bij elkaar heb om de schuld van mijn ouders aan hem af te betalen – dat kan nog een jaar of vijf, zes duren – dan doe ik het absoluut.",heb,3566,3569,I-stative_event,O,I-Direct thought,O
De_gedaante_verwisseling.txt,CURATION_USER,29,"Nou, ik heb de hoop nog niet helemaal laten varen; als ik eenmaal het geld bij elkaar heb om de schuld van mijn ouders aan hem af te betalen – dat kan nog een jaar of vijf, zes duren – dan doe ik het absoluut.",de,3570,3572,I-stative_event,O,I-Direct thought,O
De_gedaante_verwisseling.txt,CURATION_USER,29,"Nou, ik heb de hoop nog niet helemaal laten varen; als ik eenmaal het geld bij elkaar heb om de schuld van mijn ouders aan hem af te betalen – dat kan nog een jaar of vijf, zes duren – dan doe ik het absoluut.",hoop,3573,3577,I-stative_event,O,I-Direct thought,O
De_gedaante_verwisseling.txt,CURATION_USER,29,"Nou, ik heb de hoop nog niet helemaal laten varen; als ik eenmaal het geld bij elkaar heb om de schuld van mijn ouders aan hem af te betalen – dat kan nog een jaar of vijf, zes duren – dan doe ik het absoluut.",nog,3578,3581,I-stative_event,O,I-Direct thought,O
De_gedaante_verwisseling.txt,CURATION_USER,29,"Nou, ik heb de hoop nog niet helemaal laten varen; als ik eenmaal het geld bij elkaar heb om de schuld van mijn ouders aan hem af te betalen – dat kan nog een jaar of vijf, zes duren – dan doe ik het absoluut.",niet,3582,3586,I-stative_event,O,I-Direct thought,O
De_gedaante_verwisseling.txt,CURATION_USER,29,"Nou, ik heb de hoop nog niet helemaal laten varen; als ik eenmaal het geld bij elkaar heb om de schuld van mijn ouders aan hem af te betalen – dat kan nog een jaar of vijf, zes duren – dan doe ik het absoluut.",helemaal,3587,3595,I-stative_event,O,I-Direct thought,O
De_gedaante_verwisseling.txt,CURATION_USER,29,"Nou, ik heb de hoop nog niet helemaal laten varen; als ik eenmaal het geld bij elkaar heb om de schuld van mijn ouders aan hem af te betalen – dat kan nog een jaar of vijf, zes duren – dan doe ik het absoluut.",laten,3596,3601,I-stative_event,O,I-Direct thought,O
De_gedaante_verwisseling.txt,CURATION_USER,29,"Nou, ik heb de hoop nog niet helemaal laten varen; als ik eenmaal het geld bij elkaar heb om de schuld van mijn ouders aan hem af te betalen – dat kan nog een jaar of vijf, zes duren – dan doe ik het absoluut.",varen,3602,3607,I-stative_event,O,I-Direct thought,O
De_gedaante_verwisseling.txt,CURATION_USER,29,"Nou, ik heb de hoop nog niet helemaal laten varen; als ik eenmaal het geld bij elkaar heb om de schuld van mijn ouders aan hem af te betalen – dat kan nog een jaar of vijf, zes duren – dan doe ik het absoluut.",;,3607,3608,O,O,O,O
De_gedaante_verwisseling.txt,CURATION_USER,29,"Nou, ik heb de hoop nog niet helemaal laten varen; als ik eenmaal het geld bij elkaar heb om de schuld van mijn ouders aan hem af te betalen – dat kan nog een jaar of vijf, zes duren – dan doe ik het absoluut.",als,3609,3612,B-non_event,O,B-Direct thought,O
De_gedaante_verwisseling.txt,CURATION_USER,29,"Nou, ik heb de hoop nog niet helemaal laten varen; als ik eenmaal het geld bij elkaar heb om de schuld van mijn ouders aan hem af te betalen – dat kan nog een jaar of vijf, zes duren – dan doe ik het absoluut.",ik,3613,3615,I-non_event,O,I-Direct thought,O
De_gedaante_verwisseling.txt,CURATION_USER,29,"Nou, ik heb de hoop nog niet helemaal laten varen; als ik eenmaal het geld bij elkaar heb om de schuld van mijn ouders aan hem af te betalen – dat kan nog een jaar of vijf, zes duren – dan doe ik het absoluut.",eenmaal,3616,3623,I-non_event,O,I-Direct thought,O
De_gedaante_verwisseling.txt,CURATION_USER,29,"Nou, ik heb de hoop nog niet helemaal laten varen; als ik eenmaal het geld bij elkaar heb om de schuld van mijn ouders aan hem af te betalen – dat kan nog een jaar of vijf, zes duren – dan doe ik het absoluut.",het,3624,3627,I-non_event,O,I-Direct thought,O
De_gedaante_verwisseling.txt,CURATION_USER,29,"Nou, ik heb de hoop nog niet helemaal laten varen; als ik eenmaal het geld bij elkaar heb om de schuld van mijn ouders aan hem af te betalen – dat kan nog een jaar of vijf, zes duren – dan doe ik het absoluut.",geld,3628,3632,I-non_event,O,I-Direct thought,O
De_gedaante_verwisseling.txt,CURATION_USER,29,"Nou, ik heb de hoop nog niet helemaal laten varen; als ik eenmaal het geld bij elkaar heb om de schuld van mijn ouders aan hem af te betalen – dat kan nog een jaar of vijf, zes duren – dan doe ik het absoluut.",bij,3633,3636,I-non_event,O,I-Direct thought,O
De_gedaante_verwisseling.txt,CURATION_USER,29,"Nou, ik heb de hoop nog niet helemaal laten varen; als ik eenmaal het geld bij elkaar heb om de schuld van mijn ouders aan hem af te betalen – dat kan nog een jaar of vijf, zes duren – dan doe ik het absoluut.",elkaar,3637,3643,I-non_event,O,I-Direct thought,O
De_gedaante_verwisseling.txt,CURATION_USER,29,"Nou, ik heb de hoop nog niet helemaal laten varen; als ik eenmaal het geld bij elkaar heb om de schuld van mijn ouders aan hem af te betalen – dat kan nog een jaar of vijf, zes duren – dan doe ik het absoluut.",heb,3644,3647,I-non_event,O,I-Direct thought,O
De_gedaante_verwisseling.txt,CURATION_USER,29,"Nou, ik heb de hoop nog niet helemaal laten varen; als ik eenmaal het geld bij elkaar heb om de schuld van mijn ouders aan hem af te betalen – dat kan nog een jaar of vijf, zes duren – dan doe ik het absoluut.",om,3648,3650,I-non_event,O,I-Direct thought,O
De_gedaante_verwisseling.txt,CURATION_USER,29,"Nou, ik heb de hoop nog niet helemaal laten varen; als ik eenmaal het geld bij elkaar heb om de schuld van mijn ouders aan hem af te betalen – dat kan nog een jaar of vijf, zes duren – dan doe ik het absoluut.",de,3651,3653,I-non_event,O,I-Direct thought,O
De_gedaante_verwisseling.txt,CURATION_USER,29,"Nou, ik heb de hoop nog niet helemaal laten varen; als ik eenmaal het geld bij elkaar heb om de schuld van mijn ouders aan hem af te betalen – dat kan nog een jaar of vijf, zes duren – dan doe ik het absoluut.",schuld,3654,3660,I-non_event,O,I-Direct thought,O
De_gedaante_verwisseling.txt,CURATION_USER,29,"Nou, ik heb de hoop nog niet helemaal laten varen; als ik eenmaal het geld bij elkaar heb om de schuld van mijn ouders aan hem af te betalen – dat kan nog een jaar of vijf, zes duren – dan doe ik het absoluut.",van,3661,3664,I-non_event,O,I-Direct thought,O
De_gedaante_verwisseling.txt,CURATION_USER,29,"Nou, ik heb de hoop nog niet helemaal laten varen; als ik eenmaal het geld bij elkaar heb om de schuld van mijn ouders aan hem af te betalen – dat kan nog een jaar of vijf, zes duren – dan doe ik het absoluut.",mijn,3665,3669,I-non_event,O,I-Direct thought,O
De_gedaante_verwisseling.txt,CURATION_USER,29,"Nou, ik heb de hoop nog niet helemaal laten varen; als ik eenmaal het geld bij elkaar heb om de schuld van mijn ouders aan hem af te betalen – dat kan nog een jaar of vijf, zes duren – dan doe ik het absoluut.",ouders,3670,3676,I-non_event,O,I-Direct thought,O
De_gedaante_verwisseling.txt,CURATION_USER,29,"Nou, ik heb de hoop nog niet helemaal laten varen; als ik eenmaal het geld bij elkaar heb om de schuld van mijn ouders aan hem af te betalen – dat kan nog een jaar of vijf, zes duren – dan doe ik het absoluut.",aan,3677,3680,I-non_event,O,I-Direct thought,O
De_gedaante_verwisseling.txt,CURATION_USER,29,"Nou, ik heb de hoop nog niet helemaal laten varen; als ik eenmaal het geld bij elkaar heb om de schuld van mijn ouders aan hem af te betalen – dat kan nog een jaar of vijf, zes duren – dan doe ik het absoluut.",hem,3681,3684,I-non_event,O,I-Direct thought,O
De_gedaante_verwisseling.txt,CURATION_USER,29,"Nou, ik heb de hoop nog niet helemaal laten varen; als ik eenmaal het geld bij elkaar heb om de schuld van mijn ouders aan hem af te betalen – dat kan nog een jaar of vijf, zes duren – dan doe ik het absoluut.",af,3685,3687,I-non_event,O,I-Direct thought,O
De_gedaante_verwisseling.txt,CURATION_USER,29,"Nou, ik heb de hoop nog niet helemaal laten varen; als ik eenmaal het geld bij elkaar heb om de schuld van mijn ouders aan hem af te betalen – dat kan nog een jaar of vijf, zes duren – dan doe ik het absoluut.",te,3688,3690,I-non_event,O,I-Direct thought,O
De_gedaante_verwisseling.txt,CURATION_USER,29,"Nou, ik heb de hoop nog niet helemaal laten varen; als ik eenmaal het geld bij elkaar heb om de schuld van mijn ouders aan hem af te betalen – dat kan nog een jaar of vijf, zes duren – dan doe ik het absoluut.",betalen,3691,3698,I-non_event,O,I-Direct thought,O
De_gedaante_verwisseling.txt,CURATION_USER,29,"Nou, ik heb de hoop nog niet helemaal laten varen; als ik eenmaal het geld bij elkaar heb om de schuld van mijn ouders aan hem af te betalen – dat kan nog een jaar of vijf, zes duren – dan doe ik het absoluut.",–,3699,3700,O,O,O,O
De_gedaante_verwisseling.txt,CURATION_USER,29,"Nou, ik heb de hoop nog niet helemaal laten varen; als ik eenmaal het geld bij elkaar heb om de schuld van mijn ouders aan hem af te betalen – dat kan nog een jaar of vijf, zes duren – dan doe ik het absoluut.",dat,3701,3704,B-non_event,O,B-Direct thought,O
De_gedaante_verwisseling.txt,CURATION_USER,29,"Nou, ik heb de hoop nog niet helemaal laten varen; als ik eenmaal het geld bij elkaar heb om de schuld van mijn ouders aan hem af te betalen – dat kan nog een jaar of vijf, zes duren – dan doe ik het absoluut.",kan,3705,3708,I-non_event,O,I-Direct thought,O
De_gedaante_verwisseling.txt,CURATION_USER,29,"Nou, ik heb de hoop nog niet helemaal laten varen; als ik eenmaal het geld bij elkaar heb om de schuld van mijn ouders aan hem af te betalen – dat kan nog een jaar of vijf, zes duren – dan doe ik het absoluut.",nog,3709,3712,I-non_event,O,I-Direct thought,O
De_gedaante_verwisseling.txt,CURATION_USER,29,"Nou, ik heb de hoop nog niet helemaal laten varen; als ik eenmaal het geld bij elkaar heb om de schuld van mijn ouders aan hem af te betalen – dat kan nog een jaar of vijf, zes duren – dan doe ik het absoluut.",een,3713,3716,I-non_event,O,I-Direct thought,O
De_gedaante_verwisseling.txt,CURATION_USER,29,"Nou, ik heb de hoop nog niet helemaal laten varen; als ik eenmaal het geld bij elkaar heb om de schuld van mijn ouders aan hem af te betalen – dat kan nog een jaar of vijf, zes duren – dan doe ik het absoluut.",jaar,3717,3721,I-non_event,O,I-Direct thought,O
De_gedaante_verwisseling.txt,CURATION_USER,29,"Nou, ik heb de hoop nog niet helemaal laten varen; als ik eenmaal het geld bij elkaar heb om de schuld van mijn ouders aan hem af te betalen – dat kan nog een jaar of vijf, zes duren – dan doe ik het absoluut.",of,3722,3724,I-non_event,O,I-Direct thought,O
De_gedaante_verwisseling.txt,CURATION_USER,29,"Nou, ik heb de hoop nog niet helemaal laten varen; als ik eenmaal het geld bij elkaar heb om de schuld van mijn ouders aan hem af te betalen – dat kan nog een jaar of vijf, zes duren – dan doe ik het absoluut.",vijf,3725,3729,I-non_event,O,I-Direct thought,O
De_gedaante_verwisseling.txt,CURATION_USER,29,"Nou, ik heb de hoop nog niet helemaal laten varen; als ik eenmaal het geld bij elkaar heb om de schuld van mijn ouders aan hem af te betalen – dat kan nog een jaar of vijf, zes duren – dan doe ik het absoluut.",",",3729,3730,I-non_event,O,I-Direct thought,O
De_gedaante_verwisseling.txt,CURATION_USER,29,"Nou, ik heb de hoop nog niet helemaal laten varen; als ik eenmaal het geld bij elkaar heb om de schuld van mijn ouders aan hem af te betalen – dat kan nog een jaar of vijf, zes duren – dan doe ik het absoluut.",zes,3731,3734,I-non_event,O,I-Direct thought,O
De_gedaante_verwisseling.txt,CURATION_USER,29,"Nou, ik heb de hoop nog niet helemaal laten varen; als ik eenmaal het geld bij elkaar heb om de schuld van mijn ouders aan hem af te betalen – dat kan nog een jaar of vijf, zes duren – dan doe ik het absoluut.",duren,3735,3740,I-non_event,O,I-Direct thought,O
De_gedaante_verwisseling.txt,CURATION_USER,29,"Nou, ik heb de hoop nog niet helemaal laten varen; als ik eenmaal het geld bij elkaar heb om de schuld van mijn ouders aan hem af te betalen – dat kan nog een jaar of vijf, zes duren – dan doe ik het absoluut.",–,3741,3742,O,O,O,O
De_gedaante_verwisseling.txt,CURATION_USER,29,"Nou, ik heb de hoop nog niet helemaal laten varen; als ik eenmaal het geld bij elkaar heb om de schuld van mijn ouders aan hem af te betalen – dat kan nog een jaar of vijf, zes duren – dan doe ik het absoluut.",dan,3743,3746,B-non_event,O,B-Direct thought,O
De_gedaante_verwisseling.txt,CURATION_USER,29,"Nou, ik heb de hoop nog niet helemaal laten varen; als ik eenmaal het geld bij elkaar heb om de schuld van mijn ouders aan hem af te betalen – dat kan nog een jaar of vijf, zes duren – dan doe ik het absoluut.",doe,3747,3750,I-non_event,O,I-Direct thought,O
De_gedaante_verwisseling.txt,CURATION_USER,29,"Nou, ik heb de hoop nog niet helemaal laten varen; als ik eenmaal het geld bij elkaar heb om de schuld van mijn ouders aan hem af te betalen – dat kan nog een jaar of vijf, zes duren – dan doe ik het absoluut.",ik,3751,3753,I-non_event,O,I-Direct thought,O
De_gedaante_verwisseling.txt,CURATION_USER,29,"Nou, ik heb de hoop nog niet helemaal laten varen; als ik eenmaal het geld bij elkaar heb om de schuld van mijn ouders aan hem af te betalen – dat kan nog een jaar of vijf, zes duren – dan doe ik het absoluut.",het,3754,3757,I-non_event,O,I-Direct thought,O
De_gedaante_verwisseling.txt,CURATION_USER,29,"Nou, ik heb de hoop nog niet helemaal laten varen; als ik eenmaal het geld bij elkaar heb om de schuld van mijn ouders aan hem af te betalen – dat kan nog een jaar of vijf, zes duren – dan doe ik het absoluut.",absoluut,3758,3766,I-non_event,O,I-Direct thought,O
De_gedaante_verwisseling.txt,CURATION_USER,29,"Nou, ik heb de hoop nog niet helemaal laten varen; als ik eenmaal het geld bij elkaar heb om de schuld van mijn ouders aan hem af te betalen – dat kan nog een jaar of vijf, zes duren – dan doe ik het absoluut.",.,3766,3767,O,O,O,O
De_gedaante_verwisseling.txt,CURATION_USER,30,Dan zet ik er een punt achter.,Dan,3768,3771,B-non_event,O,B-Direct thought,O
De_gedaante_verwisseling.txt,CURATION_USER,30,Dan zet ik er een punt achter.,zet,3772,3775,I-non_event,O,I-Direct thought,O
De_gedaante_verwisseling.txt,CURATION_USER,30,Dan zet ik er een punt achter.,ik,3776,3778,I-non_event,O,I-Direct thought,O
De_gedaante_verwisseling.txt,CURATION_USER,30,Dan zet ik er een punt achter.,er,3779,3781,I-non_event,O,I-Direct thought,O
De_gedaante_verwisseling.txt,CURATION_USER,30,Dan zet ik er een punt achter.,een,3782,3785,I-non_event,O,I-Direct thought,O
De_gedaante_verwisseling.txt,CURATION_USER,30,Dan zet ik er een punt achter.,punt,3786,3790,I-non_event,O,I-Direct thought,O
De_gedaante_verwisseling.txt,CURATION_USER,30,Dan zet ik er een punt achter.,achter,3791,3797,I-non_event,O,I-Direct thought,O
De_gedaante_verwisseling.txt,CURATION_USER,30,Dan zet ik er een punt achter.,.,3797,3798,O,O,O,O
De_gedaante_verwisseling.txt,CURATION_USER,31,"Maar voorlopig moet ik wel opstaan, want mijn trein gaat om vijf uur.’",Maar,3799,3803,B-stative_event,O,O,O
De_gedaante_verwisseling.txt,CURATION_USER,31,"Maar voorlopig moet ik wel opstaan, want mijn trein gaat om vijf uur.’",voorlopig,3804,3813,I-stative_event,O,O,O
De_gedaante_verwisseling.txt,CURATION_USER,31,"Maar voorlopig moet ik wel opstaan, want mijn trein gaat om vijf uur.’",moet,3814,3818,I-stative_event,O,O,O
De_gedaante_verwisseling.txt,CURATION_USER,31,"Maar voorlopig moet ik wel opstaan, want mijn trein gaat om vijf uur.’",ik,3819,3821,I-stative_event,O,O,O
De_gedaante_verwisseling.txt,CURATION_USER,31,"Maar voorlopig moet ik wel opstaan, want mijn trein gaat om vijf uur.’",wel,3822,3825,I-stative_event,O,O,O
De_gedaante_verwisseling.txt,CURATION_USER,31,"Maar voorlopig moet ik wel opstaan, want mijn trein gaat om vijf uur.’",opstaan,3826,3833,I-stative_event,O,O,O
De_gedaante_verwisseling.txt,CURATION_USER,31,"Maar voorlopig moet ik wel opstaan, want mijn trein gaat om vijf uur.’",",",3833,3834,O,O,O,O
De_gedaante_verwisseling.txt,CURATION_USER,31,"Maar voorlopig moet ik wel opstaan, want mijn trein gaat om vijf uur.’",want,3835,3839,B-process,O,B-Direct thought,O
De_gedaante_verwisseling.txt,CURATION_USER,31,"Maar voorlopig moet ik wel opstaan, want mijn trein gaat om vijf uur.’",mijn,3840,3844,I-process,O,I-Direct thought,O
De_gedaante_verwisseling.txt,CURATION_USER,31,"Maar voorlopig moet ik wel opstaan, want mijn trein gaat om vijf uur.’",trein,3845,3850,I-process,O,I-Direct thought,O
De_gedaante_verwisseling.txt,CURATION_USER,31,"Maar voorlopig moet ik wel opstaan, want mijn trein gaat om vijf uur.’",gaat,3851,3855,I-process,O,I-Direct thought,O
De_gedaante_verwisseling.txt,CURATION_USER,31,"Maar voorlopig moet ik wel opstaan, want mijn trein gaat om vijf uur.’",om,3856,3858,I-process,O,I-Direct thought,O
De_gedaante_verwisseling.txt,CURATION_USER,31,"Maar voorlopig moet ik wel opstaan, want mijn trein gaat om vijf uur.’",vijf,3859,3863,I-process,O,I-Direct thought,O
De_gedaante_verwisseling.txt,CURATION_USER,31,"Maar voorlopig moet ik wel opstaan, want mijn trein gaat om vijf uur.’",uur,3864,3867,I-process,O,I-Direct thought,O
De_gedaante_verwisseling.txt,CURATION_USER,31,"Maar voorlopig moet ik wel opstaan, want mijn trein gaat om vijf uur.’",.,3867,3868,O,O,O,O
De_gedaante_verwisseling.txt,CURATION_USER,31,"Maar voorlopig moet ik wel opstaan, want mijn trein gaat om vijf uur.’",’,3868,3869,O,O,O,O
De_gedaante_verwisseling.txt,CURATION_USER,32,Hij keek naar de wekker die op de kast stond te tikken.,Hij,3872,3875,B-process,O,O,O
De_gedaante_verwisseling.txt,CURATION_USER,32,Hij keek naar de wekker die op de kast stond te tikken.,keek,3876,3880,I-process,O,O,O
De_gedaante_verwisseling.txt,CURATION_USER,32,Hij keek naar de wekker die op de kast stond te tikken.,naar,3881,3885,I-process,O,O,O
De_gedaante_verwisseling.txt,CURATION_USER,32,Hij keek naar de wekker die op de kast stond te tikken.,de,3886,3888,I-process,O,O,O
De_gedaante_verwisseling.txt,CURATION_USER,32,Hij keek naar de wekker die op de kast stond te tikken.,wekker,3889,3895,I-process,O,O,O
De_gedaante_verwisseling.txt,CURATION_USER,32,Hij keek naar de wekker die op de kast stond te tikken.,die,3896,3899,B-process,O,O,O
De_gedaante_verwisseling.txt,CURATION_USER,32,Hij keek naar de wekker die op de kast stond te tikken.,op,3900,3902,I-process,O,O,O
De_gedaante_verwisseling.txt,CURATION_USER,32,Hij keek naar de wekker die op de kast stond te tikken.,de,3903,3905,I-process,O,O,O
De_gedaante_verwisseling.txt,CURATION_USER,32,Hij keek naar de wekker die op de kast stond te tikken.,kast,3906,3910,I-process,O,O,O
De_gedaante_verwisseling.txt,CURATION_USER,32,Hij keek naar de wekker die op de kast stond te tikken.,stond,3911,3916,I-process,O,O,O
De_gedaante_verwisseling.txt,CURATION_USER,32,Hij keek naar de wekker die op de kast stond te tikken.,te,3917,3919,I-process,O,O,O
De_gedaante_verwisseling.txt,CURATION_USER,32,Hij keek naar de wekker die op de kast stond te tikken.,tikken,3920,3926,I-process,O,O,O
De_gedaante_verwisseling.txt,CURATION_USER,32,Hij keek naar de wekker die op de kast stond te tikken.,.,3926,3927,O,O,O,O
De_gedaante_verwisseling.txt,CURATION_USER,33,‘God almachtig!’,‘,3928,3929,O,O,O,O
De_gedaante_verwisseling.txt,CURATION_USER,33,‘God almachtig!’,God,3929,3932,O,O,O,O
De_gedaante_verwisseling.txt,CURATION_USER,33,‘God almachtig!’,almachtig,3933,3942,O,O,O,O
De_gedaante_verwisseling.txt,CURATION_USER,33,‘God almachtig!’,!,3942,3943,O,O,O,O
De_gedaante_verwisseling.txt,CURATION_USER,33,‘God almachtig!’,’,3943,3944,O,O,O,O
De_gedaante_verwisseling.txt,CURATION_USER,34,dacht hij.,dacht,3945,3950,B-process,O,O,O
De_gedaante_verwisseling.txt,CURATION_USER,34,dacht hij.,hij,3951,3954,I-process,O,O,O
De_gedaante_verwisseling.txt,CURATION_USER,34,dacht hij.,.,3954,3955,O,O,O,O
De_gedaante_verwisseling.txt,CURATION_USER,35,"Het was half zeven en de wijzers schoven rustig voorwaarts, het was zelfs al over half, het was al bijna kwart voor.",Het,3956,3959,B-stative_event,O,O,O
De_gedaante_verwisseling.txt,CURATION_USER,35,"Het was half zeven en de wijzers schoven rustig voorwaarts, het was zelfs al over half, het was al bijna kwart voor.",was,3960,3963,I-stative_event,O,O,O
De_gedaante_verwisseling.txt,CURATION_USER,35,"Het was half zeven en de wijzers schoven rustig voorwaarts, het was zelfs al over half, het was al bijna kwart voor.",half,3964,3968,I-stative_event,O,O,O
De_gedaante_verwisseling.txt,CURATION_USER,35,"Het was half zeven en de wijzers schoven rustig voorwaarts, het was zelfs al over half, het was al bijna kwart voor.",zeven,3969,3974,I-stative_event,O,O,O
De_gedaante_verwisseling.txt,CURATION_USER,35,"Het was half zeven en de wijzers schoven rustig voorwaarts, het was zelfs al over half, het was al bijna kwart voor.",en,3975,3977,B-process,O,O,O
De_gedaante_verwisseling.txt,CURATION_USER,35,"Het was half zeven en de wijzers schoven rustig voorwaarts, het was zelfs al over half, het was al bijna kwart voor.",de,3978,3980,I-process,O,O,O
De_gedaante_verwisseling.txt,CURATION_USER,35,"Het was half zeven en de wijzers schoven rustig voorwaarts, het was zelfs al over half, het was al bijna kwart voor.",wijzers,3981,3988,I-process,O,O,O
De_gedaante_verwisseling.txt,CURATION_USER,35,"Het was half zeven en de wijzers schoven rustig voorwaarts, het was zelfs al over half, het was al bijna kwart voor.",schoven,3989,3996,I-process,O,O,O
De_gedaante_verwisseling.txt,CURATION_USER,35,"Het was half zeven en de wijzers schoven rustig voorwaarts, het was zelfs al over half, het was al bijna kwart voor.",rustig,3997,4003,I-process,O,O,O
De_gedaante_verwisseling.txt,CURATION_USER,35,"Het was half zeven en de wijzers schoven rustig voorwaarts, het was zelfs al over half, het was al bijna kwart voor.",voorwaarts,4004,4014,I-process,O,O,O
De_gedaante_verwisseling.txt,CURATION_USER,35,"Het was half zeven en de wijzers schoven rustig voorwaarts, het was zelfs al over half, het was al bijna kwart voor.",",",4014,4015,O,O,O,O
De_gedaante_verwisseling.txt,CURATION_USER,35,"Het was half zeven en de wijzers schoven rustig voorwaarts, het was zelfs al over half, het was al bijna kwart voor.",het,4016,4019,B-stative_event,O,O,O
De_gedaante_verwisseling.txt,CURATION_USER,35,"Het was half zeven en de wijzers schoven rustig voorwaarts, het was zelfs al over half, het was al bijna kwart voor.",was,4020,4023,I-stative_event,O,O,O
De_gedaante_verwisseling.txt,CURATION_USER,35,"Het was half zeven en de wijzers schoven rustig voorwaarts, het was zelfs al over half, het was al bijna kwart voor.",zelfs,4024,4029,I-stative_event,O,O,O
De_gedaante_verwisseling.txt,CURATION_USER,35,"Het was half zeven en de wijzers schoven rustig voorwaarts, het was zelfs al over half, het was al bijna kwart voor.",al,4030,4032,I-stative_event,O,O,O
De_gedaante_verwisseling.txt,CURATION_USER,35,"Het was half zeven en de wijzers schoven rustig voorwaarts, het was zelfs al over half, het was al bijna kwart voor.",over,4033,4037,I-stative_event,O,O,O
De_gedaante_verwisseling.txt,CURATION_USER,35,"Het was half zeven en de wijzers schoven rustig voorwaarts, het was zelfs al over half, het was al bijna kwart voor.",half,4038,4042,I-stative_event,O,O,O
De_gedaante_verwisseling.txt,CURATION_USER,35,"Het was half zeven en de wijzers schoven rustig voorwaarts, het was zelfs al over half, het was al bijna kwart voor.",",",4042,4043,O,O,O,O
De_gedaante_verwisseling.txt,CURATION_USER,35,"Het was half zeven en de wijzers schoven rustig voorwaarts, het was zelfs al over half, het was al bijna kwart voor.",het,4044,4047,B-stative_event,O,O,O
De_gedaante_verwisseling.txt,CURATION_USER,35,"Het was half zeven en de wijzers schoven rustig voorwaarts, het was zelfs al over half, het was al bijna kwart voor.",was,4048,4051,I-stative_event,O,O,O
De_gedaante_verwisseling.txt,CURATION_USER,35,"Het was half zeven en de wijzers schoven rustig voorwaarts, het was zelfs al over half, het was al bijna kwart voor.",al,4052,4054,I-stative_event,O,O,O
De_gedaante_verwisseling.txt,CURATION_USER,35,"Het was half zeven en de wijzers schoven rustig voorwaarts, het was zelfs al over half, het was al bijna kwart voor.",bijna,4055,4060,I-stative_event,O,O,O
De_gedaante_verwisseling.txt,CURATION_USER,35,"Het was half zeven en de wijzers schoven rustig voorwaarts, het was zelfs al over half, het was al bijna kwart voor.",kwart,4061,4066,I-stative_event,O,O,O
De_gedaante_verwisseling.txt,CURATION_USER,35,"Het was half zeven en de wijzers schoven rustig voorwaarts, het was zelfs al over half, het was al bijna kwart voor.",voor,4067,4071,I-stative_event,O,O,O
De_gedaante_verwisseling.txt,CURATION_USER,35,"Het was half zeven en de wijzers schoven rustig voorwaarts, het was zelfs al over half, het was al bijna kwart voor.",.,4071,4072,O,O,O,O
De_gedaante_verwisseling.txt,CURATION_USER,36,Zou de wekker niet zijn afgegaan?,Zou,4073,4076,B-non_event,O,O,O
De_gedaante_verwisseling.txt,CURATION_USER,36,Zou de wekker niet zijn afgegaan?,de,4077,4079,I-non_event,O,O,O
De_gedaante_verwisseling.txt,CURATION_USER,36,Zou de wekker niet zijn afgegaan?,wekker,4080,4086,I-non_event,O,O,O
De_gedaante_verwisseling.txt,CURATION_USER,36,Zou de wekker niet zijn afgegaan?,niet,4087,4091,I-non_event,O,O,O
De_gedaante_verwisseling.txt,CURATION_USER,36,Zou de wekker niet zijn afgegaan?,zijn,4092,4096,I-non_event,O,O,O
De_gedaante_verwisseling.txt,CURATION_USER,36,Zou de wekker niet zijn afgegaan?,afgegaan,4097,4105,I-non_event,O,O,O
De_gedaante_verwisseling.txt,CURATION_USER,36,Zou de wekker niet zijn afgegaan?,?,4105,4106,O,O,O,O
De_gedaante_verwisseling.txt,CURATION_USER,37,Hij kon van zijn bed uit zien dat die wel degelijk op vier uur was gezet; hij was dus zeker ook afgegaan.,Hij,4107,4110,B-process,O,O,O
De_gedaante_verwisseling.txt,CURATION_USER,37,Hij kon van zijn bed uit zien dat die wel degelijk op vier uur was gezet; hij was dus zeker ook afgegaan.,kon,4111,4114,I-process,O,O,O
De_gedaante_verwisseling.txt,CURATION_USER,37,Hij kon van zijn bed uit zien dat die wel degelijk op vier uur was gezet; hij was dus zeker ook afgegaan.,van,4115,4118,I-process,O,O,O
De_gedaante_verwisseling.txt,CURATION_USER,37,Hij kon van zijn bed uit zien dat die wel degelijk op vier uur was gezet; hij was dus zeker ook afgegaan.,zijn,4119,4123,I-process,O,O,O
De_gedaante_verwisseling.txt,CURATION_USER,37,Hij kon van zijn bed uit zien dat die wel degelijk op vier uur was gezet; hij was dus zeker ook afgegaan.,bed,4124,4127,I-process,O,O,O
De_gedaante_verwisseling.txt,CURATION_USER,37,Hij kon van zijn bed uit zien dat die wel degelijk op vier uur was gezet; hij was dus zeker ook afgegaan.,uit,4128,4131,I-process,O,O,O
De_gedaante_verwisseling.txt,CURATION_USER,37,Hij kon van zijn bed uit zien dat die wel degelijk op vier uur was gezet; hij was dus zeker ook afgegaan.,zien,4132,4136,I-process,O,O,O
De_gedaante_verwisseling.txt,CURATION_USER,37,Hij kon van zijn bed uit zien dat die wel degelijk op vier uur was gezet; hij was dus zeker ook afgegaan.,dat,4137,4140,I-process,O,O,O
De_gedaante_verwisseling.txt,CURATION_USER,37,Hij kon van zijn bed uit zien dat die wel degelijk op vier uur was gezet; hij was dus zeker ook afgegaan.,die,4141,4144,I-process,O,O,O
De_gedaante_verwisseling.txt,CURATION_USER,37,Hij kon van zijn bed uit zien dat die wel degelijk op vier uur was gezet; hij was dus zeker ook afgegaan.,wel,4145,4148,I-process,O,O,O
De_gedaante_verwisseling.txt,CURATION_USER,37,Hij kon van zijn bed uit zien dat die wel degelijk op vier uur was gezet; hij was dus zeker ook afgegaan.,degelijk,4149,4157,I-process,O,O,O
De_gedaante_verwisseling.txt,CURATION_USER,37,Hij kon van zijn bed uit zien dat die wel degelijk op vier uur was gezet; hij was dus zeker ook afgegaan.,op,4158,4160,I-process,O,O,O
De_gedaante_verwisseling.txt,CURATION_USER,37,Hij kon van zijn bed uit zien dat die wel degelijk op vier uur was gezet; hij was dus zeker ook afgegaan.,vier,4161,4165,I-process,O,O,O
De_gedaante_verwisseling.txt,CURATION_USER,37,Hij kon van zijn bed uit zien dat die wel degelijk op vier uur was gezet; hij was dus zeker ook afgegaan.,uur,4166,4169,I-process,O,O,O
De_gedaante_verwisseling.txt,CURATION_USER,37,Hij kon van zijn bed uit zien dat die wel degelijk op vier uur was gezet; hij was dus zeker ook afgegaan.,was,4170,4173,I-process,O,O,O
De_gedaante_verwisseling.txt,CURATION_USER,37,Hij kon van zijn bed uit zien dat die wel degelijk op vier uur was gezet; hij was dus zeker ook afgegaan.,gezet,4174,4179,I-process,O,O,O
De_gedaante_verwisseling.txt,CURATION_USER,37,Hij kon van zijn bed uit zien dat die wel degelijk op vier uur was gezet; hij was dus zeker ook afgegaan.,;,4179,4180,O,O,O,O
De_gedaante_verwisseling.txt,CURATION_USER,37,Hij kon van zijn bed uit zien dat die wel degelijk op vier uur was gezet; hij was dus zeker ook afgegaan.,hij,4181,4184,B-process,O,O,O
De_gedaante_verwisseling.txt,CURATION_USER,37,Hij kon van zijn bed uit zien dat die wel degelijk op vier uur was gezet; hij was dus zeker ook afgegaan.,was,4185,4188,I-process,O,O,O
De_gedaante_verwisseling.txt,CURATION_USER,37,Hij kon van zijn bed uit zien dat die wel degelijk op vier uur was gezet; hij was dus zeker ook afgegaan.,dus,4189,4192,I-process,O,O,O
De_gedaante_verwisseling.txt,CURATION_USER,37,Hij kon van zijn bed uit zien dat die wel degelijk op vier uur was gezet; hij was dus zeker ook afgegaan.,zeker,4193,4198,I-process,O,O,O
De_gedaante_verwisseling.txt,CURATION_USER,37,Hij kon van zijn bed uit zien dat die wel degelijk op vier uur was gezet; hij was dus zeker ook afgegaan.,ook,4199,4202,I-process,O,O,O
De_gedaante_verwisseling.txt,CURATION_USER,37,Hij kon van zijn bed uit zien dat die wel degelijk op vier uur was gezet; hij was dus zeker ook afgegaan.,afgegaan,4203,4211,I-process,O,O,O
De_gedaante_verwisseling.txt,CURATION_USER,37,Hij kon van zijn bed uit zien dat die wel degelijk op vier uur was gezet; hij was dus zeker ook afgegaan.,.,4211,4212,O,O,O,O
De_gedaante_verwisseling.txt,CURATION_USER,38,"Ja, maar was het dan mogelijk rustig door dat geratel, waar de meubels van trilden, heen te slapen?",Ja,4213,4215,B-non_event,O,B-Indirect thought,O
De_gedaante_verwisseling.txt,CURATION_USER,38,"Ja, maar was het dan mogelijk rustig door dat geratel, waar de meubels van trilden, heen te slapen?",",",4215,4216,I-non_event,O,I-Indirect thought,O
De_gedaante_verwisseling.txt,CURATION_USER,38,"Ja, maar was het dan mogelijk rustig door dat geratel, waar de meubels van trilden, heen te slapen?",maar,4217,4221,I-non_event,O,I-Indirect thought,O
De_gedaante_verwisseling.txt,CURATION_USER,38,"Ja, maar was het dan mogelijk rustig door dat geratel, waar de meubels van trilden, heen te slapen?",was,4222,4225,I-non_event,O,I-Indirect thought,O
De_gedaante_verwisseling.txt,CURATION_USER,38,"Ja, maar was het dan mogelijk rustig door dat geratel, waar de meubels van trilden, heen te slapen?",het,4226,4229,I-non_event,O,I-Indirect thought,O
De_gedaante_verwisseling.txt,CURATION_USER,38,"Ja, maar was het dan mogelijk rustig door dat geratel, waar de meubels van trilden, heen te slapen?",dan,4230,4233,I-non_event,O,I-Indirect thought,O
De_gedaante_verwisseling.txt,CURATION_USER,38,"Ja, maar was het dan mogelijk rustig door dat geratel, waar de meubels van trilden, heen te slapen?",mogelijk,4234,4242,I-non_event,O,I-Indirect thought,O
De_gedaante_verwisseling.txt,CURATION_USER,38,"Ja, maar was het dan mogelijk rustig door dat geratel, waar de meubels van trilden, heen te slapen?",rustig,4243,4249,I-non_event,O,I-Indirect thought,O
De_gedaante_verwisseling.txt,CURATION_USER,38,"Ja, maar was het dan mogelijk rustig door dat geratel, waar de meubels van trilden, heen te slapen?",door,4250,4254,I-non_event,O,I-Indirect thought,O
De_gedaante_verwisseling.txt,CURATION_USER,38,"Ja, maar was het dan mogelijk rustig door dat geratel, waar de meubels van trilden, heen te slapen?",dat,4255,4258,I-non_event,O,I-Indirect thought,O
De_gedaante_verwisseling.txt,CURATION_USER,38,"Ja, maar was het dan mogelijk rustig door dat geratel, waar de meubels van trilden, heen te slapen?",geratel,4259,4266,I-non_event,O,I-Indirect thought,O
De_gedaante_verwisseling.txt,CURATION_USER,38,"Ja, maar was het dan mogelijk rustig door dat geratel, waar de meubels van trilden, heen te slapen?",",",4266,4267,I-non_event,O,I-Indirect thought,O
De_gedaante_verwisseling.txt,CURATION_USER,38,"Ja, maar was het dan mogelijk rustig door dat geratel, waar de meubels van trilden, heen te slapen?",waar,4268,4272,I-non_event,B-process,I-Indirect thought,B-Indirect thought
De_gedaante_verwisseling.txt,CURATION_USER,38,"Ja, maar was het dan mogelijk rustig door dat geratel, waar de meubels van trilden, heen te slapen?",de,4273,4275,I-non_event,I-process,I-Indirect thought,I-Indirect thought
De_gedaante_verwisseling.txt,CURATION_USER,38,"Ja, maar was het dan mogelijk rustig door dat geratel, waar de meubels van trilden, heen te slapen?",meubels,4276,4283,I-non_event,I-process,I-Indirect thought,I-Indirect thought
De_gedaante_verwisseling.txt,CURATION_USER,38,"Ja, maar was het dan mogelijk rustig door dat geratel, waar de meubels van trilden, heen te slapen?",van,4284,4287,I-non_event,I-process,I-Indirect thought,I-Indirect thought
De_gedaante_verwisseling.txt,CURATION_USER,38,"Ja, maar was het dan mogelijk rustig door dat geratel, waar de meubels van trilden, heen te slapen?",trilden,4288,4295,I-non_event,I-process,I-Indirect thought,I-Indirect thought
De_gedaante_verwisseling.txt,CURATION_USER,38,"Ja, maar was het dan mogelijk rustig door dat geratel, waar de meubels van trilden, heen te slapen?",",",4295,4296,I-non_event,O,I-Indirect thought,O
De_gedaante_verwisseling.txt,CURATION_USER,38,"Ja, maar was het dan mogelijk rustig door dat geratel, waar de meubels van trilden, heen te slapen?",heen,4297,4301,I-non_event,O,I-Indirect thought,O
De_gedaante_verwisseling.txt,CURATION_USER,38,"Ja, maar was het dan mogelijk rustig door dat geratel, waar de meubels van trilden, heen te slapen?",te,4302,4304,I-non_event,O,I-Indirect thought,O
De_gedaante_verwisseling.txt,CURATION_USER,38,"Ja, maar was het dan mogelijk rustig door dat geratel, waar de meubels van trilden, heen te slapen?",slapen,4305,4311,I-non_event,O,I-Indirect thought,O
De_gedaante_verwisseling.txt,CURATION_USER,38,"Ja, maar was het dan mogelijk rustig door dat geratel, waar de meubels van trilden, heen te slapen?",?,4311,4312,O,O,O,O
De_gedaante_verwisseling.txt,CURATION_USER,39,"Nu ja, echt rustig had hij niet geslapen, maar daardoor misschien des te vaster.",Nu,4313,4315,B-non_event,O,O,O
De_gedaante_verwisseling.txt,CURATION_USER,39,"Nu ja, echt rustig had hij niet geslapen, maar daardoor misschien des te vaster.",ja,4316,4318,I-non_event,O,O,O
De_gedaante_verwisseling.txt,CURATION_USER,39,"Nu ja, echt rustig had hij niet geslapen, maar daardoor misschien des te vaster.",",",4318,4319,I-non_event,O,O,O
De_gedaante_verwisseling.txt,CURATION_USER,39,"Nu ja, echt rustig had hij niet geslapen, maar daardoor misschien des te vaster.",echt,4320,4324,I-non_event,O,O,O
De_gedaante_verwisseling.txt,CURATION_USER,39,"Nu ja, echt rustig had hij niet geslapen, maar daardoor misschien des te vaster.",rustig,4325,4331,I-non_event,O,O,O
De_gedaante_verwisseling.txt,CURATION_USER,39,"Nu ja, echt rustig had hij niet geslapen, maar daardoor misschien des te vaster.",had,4332,4335,I-non_event,O,O,O
De_gedaante_verwisseling.txt,CURATION_USER,39,"Nu ja, echt rustig had hij niet geslapen, maar daardoor misschien des te vaster.",hij,4336,4339,I-non_event,O,O,O
De_gedaante_verwisseling.txt,CURATION_USER,39,"Nu ja, echt rustig had hij niet geslapen, maar daardoor misschien des te vaster.",niet,4340,4344,I-non_event,O,O,O
De_gedaante_verwisseling.txt,CURATION_USER,39,"Nu ja, echt rustig had hij niet geslapen, maar daardoor misschien des te vaster.",geslapen,4345,4353,I-non_event,O,O,O
De_gedaante_verwisseling.txt,CURATION_USER,39,"Nu ja, echt rustig had hij niet geslapen, maar daardoor misschien des te vaster.",",",4353,4354,O,O,O,O
De_gedaante_verwisseling.txt,CURATION_USER,39,"Nu ja, echt rustig had hij niet geslapen, maar daardoor misschien des te vaster.",maar,4355,4359,B-non_event,O,O,O
De_gedaante_verwisseling.txt,CURATION_USER,39,"Nu ja, echt rustig had hij niet geslapen, maar daardoor misschien des te vaster.",daardoor,4360,4368,I-non_event,O,O,O
De_gedaante_verwisseling.txt,CURATION_USER,39,"Nu ja, echt rustig had hij niet geslapen, maar daardoor misschien des te vaster.",misschien,4369,4378,I-non_event,O,O,O
De_gedaante_verwisseling.txt,CURATION_USER,39,"Nu ja, echt rustig had hij niet geslapen, maar daardoor misschien des te vaster.",des,4379,4382,I-non_event,O,O,O
De_gedaante_verwisseling.txt,CURATION_USER,39,"Nu ja, echt rustig had hij niet geslapen, maar daardoor misschien des te vaster.",te,4383,4385,I-non_event,O,O,O
De_gedaante_verwisseling.txt,CURATION_USER,39,"Nu ja, echt rustig had hij niet geslapen, maar daardoor misschien des te vaster.",vaster,4386,4392,I-non_event,O,O,O
De_gedaante_verwisseling.txt,CURATION_USER,39,"Nu ja, echt rustig had hij niet geslapen, maar daardoor misschien des te vaster.",.,4392,4393,O,O,O,O
De_gedaante_verwisseling.txt,CURATION_USER,40,Maar wat moest hij nu doen?,Maar,4394,4398,B-non_event,O,O,O
De_gedaante_verwisseling.txt,CURATION_USER,40,Maar wat moest hij nu doen?,wat,4399,4402,I-non_event,O,O,O
De_gedaante_verwisseling.txt,CURATION_USER,40,Maar wat moest hij nu doen?,moest,4403,4408,I-non_event,O,O,O
De_gedaante_verwisseling.txt,CURATION_USER,40,Maar wat moest hij nu doen?,hij,4409,4412,I-non_event,O,O,O
De_gedaante_verwisseling.txt,CURATION_USER,40,Maar wat moest hij nu doen?,nu,4413,4415,I-non_event,O,O,O
De_gedaante_verwisseling.txt,CURATION_USER,40,Maar wat moest hij nu doen?,doen,4416,4420,I-non_event,O,O,O
De_gedaante_verwisseling.txt,CURATION_USER,40,Maar wat moest hij nu doen?,?,4420,4421,O,O,O,O
De_gedaante_verwisseling.txt,CURATION_USER,41,"De volgende trein ging om zeven uur; om die te halen zou hij zich waanzinnig hebben moeten haasten, en zijn monstercollectie was nog niet ingepakt en hij voelde zich zelf ook niet bepaald fris en energiek.",De,4422,4424,B-process,O,O,O
De_gedaante_verwisseling.txt,CURATION_USER,41,"De volgende trein ging om zeven uur; om die te halen zou hij zich waanzinnig hebben moeten haasten, en zijn monstercollectie was nog niet ingepakt en hij voelde zich zelf ook niet bepaald fris en energiek.",volgende,4425,4433,I-process,O,O,O
De_gedaante_verwisseling.txt,CURATION_USER,41,"De volgende trein ging om zeven uur; om die te halen zou hij zich waanzinnig hebben moeten haasten, en zijn monstercollectie was nog niet ingepakt en hij voelde zich zelf ook niet bepaald fris en energiek.",trein,4434,4439,I-process,O,O,O
De_gedaante_verwisseling.txt,CURATION_USER,41,"De volgende trein ging om zeven uur; om die te halen zou hij zich waanzinnig hebben moeten haasten, en zijn monstercollectie was nog niet ingepakt en hij voelde zich zelf ook niet bepaald fris en energiek.",ging,4440,4444,I-process,O,O,O
De_gedaante_verwisseling.txt,CURATION_USER,41,"De volgende trein ging om zeven uur; om die te halen zou hij zich waanzinnig hebben moeten haasten, en zijn monstercollectie was nog niet ingepakt en hij voelde zich zelf ook niet bepaald fris en energiek.",om,4445,4447,I-process,O,O,O
De_gedaante_verwisseling.txt,CURATION_USER,41,"De volgende trein ging om zeven uur; om die te halen zou hij zich waanzinnig hebben moeten haasten, en zijn monstercollectie was nog niet ingepakt en hij voelde zich zelf ook niet bepaald fris en energiek.",zeven,4448,4453,I-process,O,O,O
De_gedaante_verwisseling.txt,CURATION_USER,41,"De volgende trein ging om zeven uur; om die te halen zou hij zich waanzinnig hebben moeten haasten, en zijn monstercollectie was nog niet ingepakt en hij voelde zich zelf ook niet bepaald fris en energiek.",uur,4454,4457,I-process,O,O,O
De_gedaante_verwisseling.txt,CURATION_USER,41,"De volgende trein ging om zeven uur; om die te halen zou hij zich waanzinnig hebben moeten haasten, en zijn monstercollectie was nog niet ingepakt en hij voelde zich zelf ook niet bepaald fris en energiek.",;,4457,4458,O,O,O,O
De_gedaante_verwisseling.txt,CURATION_USER,41,"De volgende trein ging om zeven uur; om die te halen zou hij zich waanzinnig hebben moeten haasten, en zijn monstercollectie was nog niet ingepakt en hij voelde zich zelf ook niet bepaald fris en energiek.",om,4459,4461,B-non_event,O,O,O
De_gedaante_verwisseling.txt,CURATION_USER,41,"De volgende trein ging om zeven uur; om die te halen zou hij zich waanzinnig hebben moeten haasten, en zijn monstercollectie was nog niet ingepakt en hij voelde zich zelf ook niet bepaald fris en energiek.",die,4462,4465,I-non_event,O,O,O
De_gedaante_verwisseling.txt,CURATION_USER,41,"De volgende trein ging om zeven uur; om die te halen zou hij zich waanzinnig hebben moeten haasten, en zijn monstercollectie was nog niet ingepakt en hij voelde zich zelf ook niet bepaald fris en energiek.",te,4466,4468,I-non_event,O,O,O
De_gedaante_verwisseling.txt,CURATION_USER,41,"De volgende trein ging om zeven uur; om die te halen zou hij zich waanzinnig hebben moeten haasten, en zijn monstercollectie was nog niet ingepakt en hij voelde zich zelf ook niet bepaald fris en energiek.",halen,4469,4474,I-non_event,O,O,O
De_gedaante_verwisseling.txt,CURATION_USER,41,"De volgende trein ging om zeven uur; om die te halen zou hij zich waanzinnig hebben moeten haasten, en zijn monstercollectie was nog niet ingepakt en hij voelde zich zelf ook niet bepaald fris en energiek.",zou,4475,4478,I-non_event,O,O,O
De_gedaante_verwisseling.txt,CURATION_USER,41,"De volgende trein ging om zeven uur; om die te halen zou hij zich waanzinnig hebben moeten haasten, en zijn monstercollectie was nog niet ingepakt en hij voelde zich zelf ook niet bepaald fris en energiek.",hij,4479,4482,I-non_event,O,O,O
De_gedaante_verwisseling.txt,CURATION_USER,41,"De volgende trein ging om zeven uur; om die te halen zou hij zich waanzinnig hebben moeten haasten, en zijn monstercollectie was nog niet ingepakt en hij voelde zich zelf ook niet bepaald fris en energiek.",zich,4483,4487,I-non_event,O,O,O
De_gedaante_verwisseling.txt,CURATION_USER,41,"De volgende trein ging om zeven uur; om die te halen zou hij zich waanzinnig hebben moeten haasten, en zijn monstercollectie was nog niet ingepakt en hij voelde zich zelf ook niet bepaald fris en energiek.",waanzinnig,4488,4498,I-non_event,O,O,O
De_gedaante_verwisseling.txt,CURATION_USER,41,"De volgende trein ging om zeven uur; om die te halen zou hij zich waanzinnig hebben moeten haasten, en zijn monstercollectie was nog niet ingepakt en hij voelde zich zelf ook niet bepaald fris en energiek.",hebben,4499,4505,I-non_event,O,O,O
De_gedaante_verwisseling.txt,CURATION_USER,41,"De volgende trein ging om zeven uur; om die te halen zou hij zich waanzinnig hebben moeten haasten, en zijn monstercollectie was nog niet ingepakt en hij voelde zich zelf ook niet bepaald fris en energiek.",moeten,4506,4512,I-non_event,O,O,O
De_gedaante_verwisseling.txt,CURATION_USER,41,"De volgende trein ging om zeven uur; om die te halen zou hij zich waanzinnig hebben moeten haasten, en zijn monstercollectie was nog niet ingepakt en hij voelde zich zelf ook niet bepaald fris en energiek.",haasten,4513,4520,I-non_event,O,O,O
De_gedaante_verwisseling.txt,CURATION_USER,41,"De volgende trein ging om zeven uur; om die te halen zou hij zich waanzinnig hebben moeten haasten, en zijn monstercollectie was nog niet ingepakt en hij voelde zich zelf ook niet bepaald fris en energiek.",",",4520,4521,O,O,O,O
De_gedaante_verwisseling.txt,CURATION_USER,41,"De volgende trein ging om zeven uur; om die te halen zou hij zich waanzinnig hebben moeten haasten, en zijn monstercollectie was nog niet ingepakt en hij voelde zich zelf ook niet bepaald fris en energiek.",en,4522,4524,B-non_event,O,O,O
De_gedaante_verwisseling.txt,CURATION_USER,41,"De volgende trein ging om zeven uur; om die te halen zou hij zich waanzinnig hebben moeten haasten, en zijn monstercollectie was nog niet ingepakt en hij voelde zich zelf ook niet bepaald fris en energiek.",zijn,4525,4529,I-non_event,O,O,O
De_gedaante_verwisseling.txt,CURATION_USER,41,"De volgende trein ging om zeven uur; om die te halen zou hij zich waanzinnig hebben moeten haasten, en zijn monstercollectie was nog niet ingepakt en hij voelde zich zelf ook niet bepaald fris en energiek.",monstercollectie,4530,4546,I-non_event,O,O,O
De_gedaante_verwisseling.txt,CURATION_USER,41,"De volgende trein ging om zeven uur; om die te halen zou hij zich waanzinnig hebben moeten haasten, en zijn monstercollectie was nog niet ingepakt en hij voelde zich zelf ook niet bepaald fris en energiek.",was,4547,4550,I-non_event,O,O,O
De_gedaante_verwisseling.txt,CURATION_USER,41,"De volgende trein ging om zeven uur; om die te halen zou hij zich waanzinnig hebben moeten haasten, en zijn monstercollectie was nog niet ingepakt en hij voelde zich zelf ook niet bepaald fris en energiek.",nog,4551,4554,I-non_event,O,O,O
De_gedaante_verwisseling.txt,CURATION_USER,41,"De volgende trein ging om zeven uur; om die te halen zou hij zich waanzinnig hebben moeten haasten, en zijn monstercollectie was nog niet ingepakt en hij voelde zich zelf ook niet bepaald fris en energiek.",niet,4555,4559,I-non_event,O,O,O
De_gedaante_verwisseling.txt,CURATION_USER,41,"De volgende trein ging om zeven uur; om die te halen zou hij zich waanzinnig hebben moeten haasten, en zijn monstercollectie was nog niet ingepakt en hij voelde zich zelf ook niet bepaald fris en energiek.",ingepakt,4560,4568,I-non_event,O,O,O
De_gedaante_verwisseling.txt,CURATION_USER,41,"De volgende trein ging om zeven uur; om die te halen zou hij zich waanzinnig hebben moeten haasten, en zijn monstercollectie was nog niet ingepakt en hij voelde zich zelf ook niet bepaald fris en energiek.",en,4569,4571,B-non_event,O,O,O
De_gedaante_verwisseling.txt,CURATION_USER,41,"De volgende trein ging om zeven uur; om die te halen zou hij zich waanzinnig hebben moeten haasten, en zijn monstercollectie was nog niet ingepakt en hij voelde zich zelf ook niet bepaald fris en energiek.",hij,4572,4575,I-non_event,O,O,O
De_gedaante_verwisseling.txt,CURATION_USER,41,"De volgende trein ging om zeven uur; om die te halen zou hij zich waanzinnig hebben moeten haasten, en zijn monstercollectie was nog niet ingepakt en hij voelde zich zelf ook niet bepaald fris en energiek.",voelde,4576,4582,I-non_event,O,O,O
De_gedaante_verwisseling.txt,CURATION_USER,41,"De volgende trein ging om zeven uur; om die te halen zou hij zich waanzinnig hebben moeten haasten, en zijn monstercollectie was nog niet ingepakt en hij voelde zich zelf ook niet bepaald fris en energiek.",zich,4583,4587,I-non_event,O,O,O
De_gedaante_verwisseling.txt,CURATION_USER,41,"De volgende trein ging om zeven uur; om die te halen zou hij zich waanzinnig hebben moeten haasten, en zijn monstercollectie was nog niet ingepakt en hij voelde zich zelf ook niet bepaald fris en energiek.",zelf,4588,4592,I-non_event,O,O,O
De_gedaante_verwisseling.txt,CURATION_USER,41,"De volgende trein ging om zeven uur; om die te halen zou hij zich waanzinnig hebben moeten haasten, en zijn monstercollectie was nog niet ingepakt en hij voelde zich zelf ook niet bepaald fris en energiek.",ook,4593,4596,I-non_event,O,O,O
De_gedaante_verwisseling.txt,CURATION_USER,41,"De volgende trein ging om zeven uur; om die te halen zou hij zich waanzinnig hebben moeten haasten, en zijn monstercollectie was nog niet ingepakt en hij voelde zich zelf ook niet bepaald fris en energiek.",niet,4597,4601,I-non_event,O,O,O
De_gedaante_verwisseling.txt,CURATION_USER,41,"De volgende trein ging om zeven uur; om die te halen zou hij zich waanzinnig hebben moeten haasten, en zijn monstercollectie was nog niet ingepakt en hij voelde zich zelf ook niet bepaald fris en energiek.",bepaald,4602,4609,I-non_event,O,O,O
De_gedaante_verwisseling.txt,CURATION_USER,41,"De volgende trein ging om zeven uur; om die te halen zou hij zich waanzinnig hebben moeten haasten, en zijn monstercollectie was nog niet ingepakt en hij voelde zich zelf ook niet bepaald fris en energiek.",fris,4610,4614,I-non_event,O,O,O
De_gedaante_verwisseling.txt,CURATION_USER,41,"De volgende trein ging om zeven uur; om die te halen zou hij zich waanzinnig hebben moeten haasten, en zijn monstercollectie was nog niet ingepakt en hij voelde zich zelf ook niet bepaald fris en energiek.",en,4615,4617,I-non_event,O,O,O
De_gedaante_verwisseling.txt,CURATION_USER,41,"De volgende trein ging om zeven uur; om die te halen zou hij zich waanzinnig hebben moeten haasten, en zijn monstercollectie was nog niet ingepakt en hij voelde zich zelf ook niet bepaald fris en energiek.",energiek,4618,4626,I-non_event,O,O,O
De_gedaante_verwisseling.txt,CURATION_USER,41,"De volgende trein ging om zeven uur; om die te halen zou hij zich waanzinnig hebben moeten haasten, en zijn monstercollectie was nog niet ingepakt en hij voelde zich zelf ook niet bepaald fris en energiek.",.,4626,4627,O,O,O,O
De_gedaante_verwisseling.txt,CURATION_USER,42,"En zelfs áls hij die trein haalde, was een donderpreek van zijn directeur onvermijdelijk, want de bediende van de zaak had bij de trein van vijf uur staan wachten en allang melding gemaakt van zijn verzuim.",En,4628,4630,B-non_event,O,O,O
De_gedaante_verwisseling.txt,CURATION_USER,42,"En zelfs áls hij die trein haalde, was een donderpreek van zijn directeur onvermijdelijk, want de bediende van de zaak had bij de trein van vijf uur staan wachten en allang melding gemaakt van zijn verzuim.",zelfs,4631,4636,I-non_event,O,O,O
De_gedaante_verwisseling.txt,CURATION_USER,42,"En zelfs áls hij die trein haalde, was een donderpreek van zijn directeur onvermijdelijk, want de bediende van de zaak had bij de trein van vijf uur staan wachten en allang melding gemaakt van zijn verzuim.",áls,4637,4640,I-non_event,O,O,O
De_gedaante_verwisseling.txt,CURATION_USER,42,"En zelfs áls hij die trein haalde, was een donderpreek van zijn directeur onvermijdelijk, want de bediende van de zaak had bij de trein van vijf uur staan wachten en allang melding gemaakt van zijn verzuim.",hij,4641,4644,I-non_event,O,O,O
De_gedaante_verwisseling.txt,CURATION_USER,42,"En zelfs áls hij die trein haalde, was een donderpreek van zijn directeur onvermijdelijk, want de bediende van de zaak had bij de trein van vijf uur staan wachten en allang melding gemaakt van zijn verzuim.",die,4645,4648,I-non_event,O,O,O
De_gedaante_verwisseling.txt,CURATION_USER,42,"En zelfs áls hij die trein haalde, was een donderpreek van zijn directeur onvermijdelijk, want de bediende van de zaak had bij de trein van vijf uur staan wachten en allang melding gemaakt van zijn verzuim.",trein,4649,4654,I-non_event,O,O,O
De_gedaante_verwisseling.txt,CURATION_USER,42,"En zelfs áls hij die trein haalde, was een donderpreek van zijn directeur onvermijdelijk, want de bediende van de zaak had bij de trein van vijf uur staan wachten en allang melding gemaakt van zijn verzuim.",haalde,4655,4661,I-non_event,O,O,O
De_gedaante_verwisseling.txt,CURATION_USER,42,"En zelfs áls hij die trein haalde, was een donderpreek van zijn directeur onvermijdelijk, want de bediende van de zaak had bij de trein van vijf uur staan wachten en allang melding gemaakt van zijn verzuim.",",",4661,4662,O,O,O,O
De_gedaante_verwisseling.txt,CURATION_USER,42,"En zelfs áls hij die trein haalde, was een donderpreek van zijn directeur onvermijdelijk, want de bediende van de zaak had bij de trein van vijf uur staan wachten en allang melding gemaakt van zijn verzuim.",was,4663,4666,B-stative_event,O,O,O
De_gedaante_verwisseling.txt,CURATION_USER,42,"En zelfs áls hij die trein haalde, was een donderpreek van zijn directeur onvermijdelijk, want de bediende van de zaak had bij de trein van vijf uur staan wachten en allang melding gemaakt van zijn verzuim.",een,4667,4670,I-stative_event,O,O,O
De_gedaante_verwisseling.txt,CURATION_USER,42,"En zelfs áls hij die trein haalde, was een donderpreek van zijn directeur onvermijdelijk, want de bediende van de zaak had bij de trein van vijf uur staan wachten en allang melding gemaakt van zijn verzuim.",donderpreek,4671,4682,I-stative_event,O,O,O
De_gedaante_verwisseling.txt,CURATION_USER,42,"En zelfs áls hij die trein haalde, was een donderpreek van zijn directeur onvermijdelijk, want de bediende van de zaak had bij de trein van vijf uur staan wachten en allang melding gemaakt van zijn verzuim.",van,4683,4686,I-stative_event,O,O,O
De_gedaante_verwisseling.txt,CURATION_USER,42,"En zelfs áls hij die trein haalde, was een donderpreek van zijn directeur onvermijdelijk, want de bediende van de zaak had bij de trein van vijf uur staan wachten en allang melding gemaakt van zijn verzuim.",zijn,4687,4691,I-stative_event,O,O,O
De_gedaante_verwisseling.txt,CURATION_USER,42,"En zelfs áls hij die trein haalde, was een donderpreek van zijn directeur onvermijdelijk, want de bediende van de zaak had bij de trein van vijf uur staan wachten en allang melding gemaakt van zijn verzuim.",directeur,4692,4701,I-stative_event,O,O,O
De_gedaante_verwisseling.txt,CURATION_USER,42,"En zelfs áls hij die trein haalde, was een donderpreek van zijn directeur onvermijdelijk, want de bediende van de zaak had bij de trein van vijf uur staan wachten en allang melding gemaakt van zijn verzuim.",onvermijdelijk,4702,4716,I-stative_event,O,O,O
De_gedaante_verwisseling.txt,CURATION_USER,42,"En zelfs áls hij die trein haalde, was een donderpreek van zijn directeur onvermijdelijk, want de bediende van de zaak had bij de trein van vijf uur staan wachten en allang melding gemaakt van zijn verzuim.",",",4716,4717,O,O,O,O
De_gedaante_verwisseling.txt,CURATION_USER,42,"En zelfs áls hij die trein haalde, was een donderpreek van zijn directeur onvermijdelijk, want de bediende van de zaak had bij de trein van vijf uur staan wachten en allang melding gemaakt van zijn verzuim.",want,4718,4722,B-process,O,O,O
De_gedaante_verwisseling.txt,CURATION_USER,42,"En zelfs áls hij die trein haalde, was een donderpreek van zijn directeur onvermijdelijk, want de bediende van de zaak had bij de trein van vijf uur staan wachten en allang melding gemaakt van zijn verzuim.",de,4723,4725,I-process,O,O,O
De_gedaante_verwisseling.txt,CURATION_USER,42,"En zelfs áls hij die trein haalde, was een donderpreek van zijn directeur onvermijdelijk, want de bediende van de zaak had bij de trein van vijf uur staan wachten en allang melding gemaakt van zijn verzuim.",bediende,4726,4734,I-process,O,O,O
De_gedaante_verwisseling.txt,CURATION_USER,42,"En zelfs áls hij die trein haalde, was een donderpreek van zijn directeur onvermijdelijk, want de bediende van de zaak had bij de trein van vijf uur staan wachten en allang melding gemaakt van zijn verzuim.",van,4735,4738,I-process,O,O,O
De_gedaante_verwisseling.txt,CURATION_USER,42,"En zelfs áls hij die trein haalde, was een donderpreek van zijn directeur onvermijdelijk, want de bediende van de zaak had bij de trein van vijf uur staan wachten en allang melding gemaakt van zijn verzuim.",de,4739,4741,I-process,O,O,O
De_gedaante_verwisseling.txt,CURATION_USER,42,"En zelfs áls hij die trein haalde, was een donderpreek van zijn directeur onvermijdelijk, want de bediende van de zaak had bij de trein van vijf uur staan wachten en allang melding gemaakt van zijn verzuim.",zaak,4742,4746,I-process,O,O,O
De_gedaante_verwisseling.txt,CURATION_USER,42,"En zelfs áls hij die trein haalde, was een donderpreek van zijn directeur onvermijdelijk, want de bediende van de zaak had bij de trein van vijf uur staan wachten en allang melding gemaakt van zijn verzuim.",had,4747,4750,I-process,O,O,O
De_gedaante_verwisseling.txt,CURATION_USER,42,"En zelfs áls hij die trein haalde, was een donderpreek van zijn directeur onvermijdelijk, want de bediende van de zaak had bij de trein van vijf uur staan wachten en allang melding gemaakt van zijn verzuim.",bij,4751,4754,I-process,O,O,O
De_gedaante_verwisseling.txt,CURATION_USER,42,"En zelfs áls hij die trein haalde, was een donderpreek van zijn directeur onvermijdelijk, want de bediende van de zaak had bij de trein van vijf uur staan wachten en allang melding gemaakt van zijn verzuim.",de,4755,4757,I-process,O,O,O
De_gedaante_verwisseling.txt,CURATION_USER,42,"En zelfs áls hij die trein haalde, was een donderpreek van zijn directeur onvermijdelijk, want de bediende van de zaak had bij de trein van vijf uur staan wachten en allang melding gemaakt van zijn verzuim.",trein,4758,4763,I-process,O,O,O
De_gedaante_verwisseling.txt,CURATION_USER,42,"En zelfs áls hij die trein haalde, was een donderpreek van zijn directeur onvermijdelijk, want de bediende van de zaak had bij de trein van vijf uur staan wachten en allang melding gemaakt van zijn verzuim.",van,4764,4767,I-process,O,O,O
De_gedaante_verwisseling.txt,CURATION_USER,42,"En zelfs áls hij die trein haalde, was een donderpreek van zijn directeur onvermijdelijk, want de bediende van de zaak had bij de trein van vijf uur staan wachten en allang melding gemaakt van zijn verzuim.",vijf,4768,4772,I-process,O,O,O
De_gedaante_verwisseling.txt,CURATION_USER,42,"En zelfs áls hij die trein haalde, was een donderpreek van zijn directeur onvermijdelijk, want de bediende van de zaak had bij de trein van vijf uur staan wachten en allang melding gemaakt van zijn verzuim.",uur,4773,4776,I-process,O,O,O
De_gedaante_verwisseling.txt,CURATION_USER,42,"En zelfs áls hij die trein haalde, was een donderpreek van zijn directeur onvermijdelijk, want de bediende van de zaak had bij de trein van vijf uur staan wachten en allang melding gemaakt van zijn verzuim.",staan,4777,4782,I-process,O,O,O
De_gedaante_verwisseling.txt,CURATION_USER,42,"En zelfs áls hij die trein haalde, was een donderpreek van zijn directeur onvermijdelijk, want de bediende van de zaak had bij de trein van vijf uur staan wachten en allang melding gemaakt van zijn verzuim.",wachten,4783,4790,I-process,O,O,O
De_gedaante_verwisseling.txt,CURATION_USER,42,"En zelfs áls hij die trein haalde, was een donderpreek van zijn directeur onvermijdelijk, want de bediende van de zaak had bij de trein van vijf uur staan wachten en allang melding gemaakt van zijn verzuim.",en,4791,4793,B-process,O,O,O
De_gedaante_verwisseling.txt,CURATION_USER,42,"En zelfs áls hij die trein haalde, was een donderpreek van zijn directeur onvermijdelijk, want de bediende van de zaak had bij de trein van vijf uur staan wachten en allang melding gemaakt van zijn verzuim.",allang,4794,4800,I-process,O,O,O
De_gedaante_verwisseling.txt,CURATION_USER,42,"En zelfs áls hij die trein haalde, was een donderpreek van zijn directeur onvermijdelijk, want de bediende van de zaak had bij de trein van vijf uur staan wachten en allang melding gemaakt van zijn verzuim.",melding,4801,4808,I-process,O,O,O
De_gedaante_verwisseling.txt,CURATION_USER,42,"En zelfs áls hij die trein haalde, was een donderpreek van zijn directeur onvermijdelijk, want de bediende van de zaak had bij de trein van vijf uur staan wachten en allang melding gemaakt van zijn verzuim.",gemaakt,4809,4816,I-process,O,O,O
De_gedaante_verwisseling.txt,CURATION_USER,42,"En zelfs áls hij die trein haalde, was een donderpreek van zijn directeur onvermijdelijk, want de bediende van de zaak had bij de trein van vijf uur staan wachten en allang melding gemaakt van zijn verzuim.",van,4817,4820,I-process,O,O,O
De_gedaante_verwisseling.txt,CURATION_USER,42,"En zelfs áls hij die trein haalde, was een donderpreek van zijn directeur onvermijdelijk, want de bediende van de zaak had bij de trein van vijf uur staan wachten en allang melding gemaakt van zijn verzuim.",zijn,4821,4825,I-process,O,O,O
De_gedaante_verwisseling.txt,CURATION_USER,42,"En zelfs áls hij die trein haalde, was een donderpreek van zijn directeur onvermijdelijk, want de bediende van de zaak had bij de trein van vijf uur staan wachten en allang melding gemaakt van zijn verzuim.",verzuim,4826,4833,I-process,O,O,O
De_gedaante_verwisseling.txt,CURATION_USER,42,"En zelfs áls hij die trein haalde, was een donderpreek van zijn directeur onvermijdelijk, want de bediende van de zaak had bij de trein van vijf uur staan wachten en allang melding gemaakt van zijn verzuim.",.,4833,4834,O,O,O,O
De_gedaante_verwisseling.txt,CURATION_USER,43,"Dat was een hielenlikker van de directeur, zonder ruggengraat en verstand.",Dat,4835,4838,B-stative_event,O,O,O
De_gedaante_verwisseling.txt,CURATION_USER,43,"Dat was een hielenlikker van de directeur, zonder ruggengraat en verstand.",was,4839,4842,I-stative_event,O,O,O
De_gedaante_verwisseling.txt,CURATION_USER,43,"Dat was een hielenlikker van de directeur, zonder ruggengraat en verstand.",een,4843,4846,I-stative_event,O,O,O
De_gedaante_verwisseling.txt,CURATION_USER,43,"Dat was een hielenlikker van de directeur, zonder ruggengraat en verstand.",hielenlikker,4847,4859,I-stative_event,O,O,O
De_gedaante_verwisseling.txt,CURATION_USER,43,"Dat was een hielenlikker van de directeur, zonder ruggengraat en verstand.",van,4860,4863,I-stative_event,O,O,O
De_gedaante_verwisseling.txt,CURATION_USER,43,"Dat was een hielenlikker van de directeur, zonder ruggengraat en verstand.",de,4864,4866,I-stative_event,O,O,O
De_gedaante_verwisseling.txt,CURATION_USER,43,"Dat was een hielenlikker van de directeur, zonder ruggengraat en verstand.",directeur,4867,4876,I-stative_event,O,O,O
De_gedaante_verwisseling.txt,CURATION_USER,43,"Dat was een hielenlikker van de directeur, zonder ruggengraat en verstand.",",",4876,4877,I-stative_event,O,O,O
De_gedaante_verwisseling.txt,CURATION_USER,43,"Dat was een hielenlikker van de directeur, zonder ruggengraat en verstand.",zonder,4878,4884,I-stative_event,O,O,O
De_gedaante_verwisseling.txt,CURATION_USER,43,"Dat was een hielenlikker van de directeur, zonder ruggengraat en verstand.",ruggengraat,4885,4896,I-stative_event,O,O,O
De_gedaante_verwisseling.txt,CURATION_USER,43,"Dat was een hielenlikker van de directeur, zonder ruggengraat en verstand.",en,4897,4899,I-stative_event,O,O,O
De_gedaante_verwisseling.txt,CURATION_USER,43,"Dat was een hielenlikker van de directeur, zonder ruggengraat en verstand.",verstand,4900,4908,I-stative_event,O,O,O
De_gedaante_verwisseling.txt,CURATION_USER,43,"Dat was een hielenlikker van de directeur, zonder ruggengraat en verstand.",.,4908,4909,O,O,O,O
De_gedaante_verwisseling.txt,CURATION_USER,44,En als hij zich eens ziek meldde?,En,4910,4912,B-non_event,O,O,O
De_gedaante_verwisseling.txt,CURATION_USER,44,En als hij zich eens ziek meldde?,als,4913,4916,I-non_event,O,O,O
De_gedaante_verwisseling.txt,CURATION_USER,44,En als hij zich eens ziek meldde?,hij,4917,4920,I-non_event,O,O,O
De_gedaante_verwisseling.txt,CURATION_USER,44,En als hij zich eens ziek meldde?,zich,4921,4925,I-non_event,O,O,O
De_gedaante_verwisseling.txt,CURATION_USER,44,En als hij zich eens ziek meldde?,eens,4926,4930,I-non_event,O,O,O
De_gedaante_verwisseling.txt,CURATION_USER,44,En als hij zich eens ziek meldde?,ziek,4931,4935,I-non_event,O,O,O
De_gedaante_verwisseling.txt,CURATION_USER,44,En als hij zich eens ziek meldde?,meldde,4936,4942,I-non_event,O,O,O
De_gedaante_verwisseling.txt,CURATION_USER,44,En als hij zich eens ziek meldde?,?,4942,4943,O,O,O,O
De_gedaante_verwisseling.txt,CURATION_USER,45,"Dat zou echter uiterst pijnlijk en verdacht zijn, want Gregor was in de vijf jaar dat hij in dienst was nog niet één keer ziek geweest.",Dat,4944,4947,B-non_event,O,O,O
De_gedaante_verwisseling.txt,CURATION_USER,45,"Dat zou echter uiterst pijnlijk en verdacht zijn, want Gregor was in de vijf jaar dat hij in dienst was nog niet één keer ziek geweest.",zou,4948,4951,I-non_event,O,O,O
De_gedaante_verwisseling.txt,CURATION_USER,45,"Dat zou echter uiterst pijnlijk en verdacht zijn, want Gregor was in de vijf jaar dat hij in dienst was nog niet één keer ziek geweest.",echter,4952,4958,I-non_event,O,O,O
De_gedaante_verwisseling.txt,CURATION_USER,45,"Dat zou echter uiterst pijnlijk en verdacht zijn, want Gregor was in de vijf jaar dat hij in dienst was nog niet één keer ziek geweest.",uiterst,4959,4966,I-non_event,O,O,O
De_gedaante_verwisseling.txt,CURATION_USER,45,"Dat zou echter uiterst pijnlijk en verdacht zijn, want Gregor was in de vijf jaar dat hij in dienst was nog niet één keer ziek geweest.",pijnlijk,4967,4975,I-non_event,O,O,O
De_gedaante_verwisseling.txt,CURATION_USER,45,"Dat zou echter uiterst pijnlijk en verdacht zijn, want Gregor was in de vijf jaar dat hij in dienst was nog niet één keer ziek geweest.",en,4976,4978,I-non_event,O,O,O
De_gedaante_verwisseling.txt,CURATION_USER,45,"Dat zou echter uiterst pijnlijk en verdacht zijn, want Gregor was in de vijf jaar dat hij in dienst was nog niet één keer ziek geweest.",verdacht,4979,4987,I-non_event,O,O,O
De_gedaante_verwisseling.txt,CURATION_USER,45,"Dat zou echter uiterst pijnlijk en verdacht zijn, want Gregor was in de vijf jaar dat hij in dienst was nog niet één keer ziek geweest.",zijn,4988,4992,I-non_event,O,O,O
De_gedaante_verwisseling.txt,CURATION_USER,45,"Dat zou echter uiterst pijnlijk en verdacht zijn, want Gregor was in de vijf jaar dat hij in dienst was nog niet één keer ziek geweest.",",",4992,4993,O,O,O,O
De_gedaante_verwisseling.txt,CURATION_USER,45,"Dat zou echter uiterst pijnlijk en verdacht zijn, want Gregor was in de vijf jaar dat hij in dienst was nog niet één keer ziek geweest.",want,4994,4998,B-non_event,O,O,O
De_gedaante_verwisseling.txt,CURATION_USER,45,"Dat zou echter uiterst pijnlijk en verdacht zijn, want Gregor was in de vijf jaar dat hij in dienst was nog niet één keer ziek geweest.",Gregor,4999,5005,I-non_event,O,O,O
De_gedaante_verwisseling.txt,CURATION_USER,45,"Dat zou echter uiterst pijnlijk en verdacht zijn, want Gregor was in de vijf jaar dat hij in dienst was nog niet één keer ziek geweest.",was,5006,5009,I-non_event,O,O,O
De_gedaante_verwisseling.txt,CURATION_USER,45,"Dat zou echter uiterst pijnlijk en verdacht zijn, want Gregor was in de vijf jaar dat hij in dienst was nog niet één keer ziek geweest.",in,5010,5012,I-non_event,O,O,O
De_gedaante_verwisseling.txt,CURATION_USER,45,"Dat zou echter uiterst pijnlijk en verdacht zijn, want Gregor was in de vijf jaar dat hij in dienst was nog niet één keer ziek geweest.",de,5013,5015,I-non_event,O,O,O
De_gedaante_verwisseling.txt,CURATION_USER,45,"Dat zou echter uiterst pijnlijk en verdacht zijn, want Gregor was in de vijf jaar dat hij in dienst was nog niet één keer ziek geweest.",vijf,5016,5020,I-non_event,O,O,O
De_gedaante_verwisseling.txt,CURATION_USER,45,"Dat zou echter uiterst pijnlijk en verdacht zijn, want Gregor was in de vijf jaar dat hij in dienst was nog niet één keer ziek geweest.",jaar,5021,5025,I-non_event,O,O,O
De_gedaante_verwisseling.txt,CURATION_USER,45,"Dat zou echter uiterst pijnlijk en verdacht zijn, want Gregor was in de vijf jaar dat hij in dienst was nog niet één keer ziek geweest.",dat,5026,5029,I-non_event,O,O,O
De_gedaante_verwisseling.txt,CURATION_USER,45,"Dat zou echter uiterst pijnlijk en verdacht zijn, want Gregor was in de vijf jaar dat hij in dienst was nog niet één keer ziek geweest.",hij,5030,5033,I-non_event,O,O,O
De_gedaante_verwisseling.txt,CURATION_USER,45,"Dat zou echter uiterst pijnlijk en verdacht zijn, want Gregor was in de vijf jaar dat hij in dienst was nog niet één keer ziek geweest.",in,5034,5036,I-non_event,O,O,O
De_gedaante_verwisseling.txt,CURATION_USER,45,"Dat zou echter uiterst pijnlijk en verdacht zijn, want Gregor was in de vijf jaar dat hij in dienst was nog niet één keer ziek geweest.",dienst,5037,5043,I-non_event,O,O,O
De_gedaante_verwisseling.txt,CURATION_USER,45,"Dat zou echter uiterst pijnlijk en verdacht zijn, want Gregor was in de vijf jaar dat hij in dienst was nog niet één keer ziek geweest.",was,5044,5047,I-non_event,O,O,O
De_gedaante_verwisseling.txt,CURATION_USER,45,"Dat zou echter uiterst pijnlijk en verdacht zijn, want Gregor was in de vijf jaar dat hij in dienst was nog niet één keer ziek geweest.",nog,5048,5051,I-non_event,O,O,O
De_gedaante_verwisseling.txt,CURATION_USER,45,"Dat zou echter uiterst pijnlijk en verdacht zijn, want Gregor was in de vijf jaar dat hij in dienst was nog niet één keer ziek geweest.",niet,5052,5056,I-non_event,O,O,O
De_gedaante_verwisseling.txt,CURATION_USER,45,"Dat zou echter uiterst pijnlijk en verdacht zijn, want Gregor was in de vijf jaar dat hij in dienst was nog niet één keer ziek geweest.",één,5057,5060,I-non_event,O,O,O
De_gedaante_verwisseling.txt,CURATION_USER,45,"Dat zou echter uiterst pijnlijk en verdacht zijn, want Gregor was in de vijf jaar dat hij in dienst was nog niet één keer ziek geweest.",keer,5061,5065,I-non_event,O,O,O
De_gedaante_verwisseling.txt,CURATION_USER,45,"Dat zou echter uiterst pijnlijk en verdacht zijn, want Gregor was in de vijf jaar dat hij in dienst was nog niet één keer ziek geweest.",ziek,5066,5070,I-non_event,O,O,O
De_gedaante_verwisseling.txt,CURATION_USER,45,"Dat zou echter uiterst pijnlijk en verdacht zijn, want Gregor was in de vijf jaar dat hij in dienst was nog niet één keer ziek geweest.",geweest,5071,5078,I-non_event,O,O,O
De_gedaante_verwisseling.txt,CURATION_USER,45,"Dat zou echter uiterst pijnlijk en verdacht zijn, want Gregor was in de vijf jaar dat hij in dienst was nog niet één keer ziek geweest.",.,5078,5079,O,O,O,O
De_gedaante_verwisseling.txt,CURATION_USER,46,"Zijn directeur zou beslist met de ziekenfondsdokter komen, zou zijn ouders verwijten maken vanwege hun luie zoon en alle tegenwerpingen afkappen onder verwijzing naar de ziekenfondsdokter, voor wie er natuurlijk alleen maar geheel gezonde maar werkschuwe mensen bestaan.",Zijn,5080,5084,B-non_event,O,O,O
De_gedaante_verwisseling.txt,CURATION_USER,46,"Zijn directeur zou beslist met de ziekenfondsdokter komen, zou zijn ouders verwijten maken vanwege hun luie zoon en alle tegenwerpingen afkappen onder verwijzing naar de ziekenfondsdokter, voor wie er natuurlijk alleen maar geheel gezonde maar werkschuwe mensen bestaan.",directeur,5085,5094,I-non_event,O,O,O
De_gedaante_verwisseling.txt,CURATION_USER,46,"Zijn directeur zou beslist met de ziekenfondsdokter komen, zou zijn ouders verwijten maken vanwege hun luie zoon en alle tegenwerpingen afkappen onder verwijzing naar de ziekenfondsdokter, voor wie er natuurlijk alleen maar geheel gezonde maar werkschuwe mensen bestaan.",zou,5095,5098,I-non_event,O,O,O
De_gedaante_verwisseling.txt,CURATION_USER,46,"Zijn directeur zou beslist met de ziekenfondsdokter komen, zou zijn ouders verwijten maken vanwege hun luie zoon en alle tegenwerpingen afkappen onder verwijzing naar de ziekenfondsdokter, voor wie er natuurlijk alleen maar geheel gezonde maar werkschuwe mensen bestaan.",beslist,5099,5106,I-non_event,O,O,O
De_gedaante_verwisseling.txt,CURATION_USER,46,"Zijn directeur zou beslist met de ziekenfondsdokter komen, zou zijn ouders verwijten maken vanwege hun luie zoon en alle tegenwerpingen afkappen onder verwijzing naar de ziekenfondsdokter, voor wie er natuurlijk alleen maar geheel gezonde maar werkschuwe mensen bestaan.",met,5107,5110,I-non_event,O,O,O
De_gedaante_verwisseling.txt,CURATION_USER,46,"Zijn directeur zou beslist met de ziekenfondsdokter komen, zou zijn ouders verwijten maken vanwege hun luie zoon en alle tegenwerpingen afkappen onder verwijzing naar de ziekenfondsdokter, voor wie er natuurlijk alleen maar geheel gezonde maar werkschuwe mensen bestaan.",de,5111,5113,I-non_event,O,O,O
De_gedaante_verwisseling.txt,CURATION_USER,46,"Zijn directeur zou beslist met de ziekenfondsdokter komen, zou zijn ouders verwijten maken vanwege hun luie zoon en alle tegenwerpingen afkappen onder verwijzing naar de ziekenfondsdokter, voor wie er natuurlijk alleen maar geheel gezonde maar werkschuwe mensen bestaan.",ziekenfondsdokter,5114,5131,I-non_event,O,O,O
De_gedaante_verwisseling.txt,CURATION_USER,46,"Zijn directeur zou beslist met de ziekenfondsdokter komen, zou zijn ouders verwijten maken vanwege hun luie zoon en alle tegenwerpingen afkappen onder verwijzing naar de ziekenfondsdokter, voor wie er natuurlijk alleen maar geheel gezonde maar werkschuwe mensen bestaan.",komen,5132,5137,I-non_event,O,O,O
De_gedaante_verwisseling.txt,CURATION_USER,46,"Zijn directeur zou beslist met de ziekenfondsdokter komen, zou zijn ouders verwijten maken vanwege hun luie zoon en alle tegenwerpingen afkappen onder verwijzing naar de ziekenfondsdokter, voor wie er natuurlijk alleen maar geheel gezonde maar werkschuwe mensen bestaan.",",",5137,5138,O,O,O,O
De_gedaante_verwisseling.txt,CURATION_USER,46,"Zijn directeur zou beslist met de ziekenfondsdokter komen, zou zijn ouders verwijten maken vanwege hun luie zoon en alle tegenwerpingen afkappen onder verwijzing naar de ziekenfondsdokter, voor wie er natuurlijk alleen maar geheel gezonde maar werkschuwe mensen bestaan.",zou,5139,5142,B-non_event,O,O,O
De_gedaante_verwisseling.txt,CURATION_USER,46,"Zijn directeur zou beslist met de ziekenfondsdokter komen, zou zijn ouders verwijten maken vanwege hun luie zoon en alle tegenwerpingen afkappen onder verwijzing naar de ziekenfondsdokter, voor wie er natuurlijk alleen maar geheel gezonde maar werkschuwe mensen bestaan.",zijn,5143,5147,I-non_event,O,O,O
De_gedaante_verwisseling.txt,CURATION_USER,46,"Zijn directeur zou beslist met de ziekenfondsdokter komen, zou zijn ouders verwijten maken vanwege hun luie zoon en alle tegenwerpingen afkappen onder verwijzing naar de ziekenfondsdokter, voor wie er natuurlijk alleen maar geheel gezonde maar werkschuwe mensen bestaan.",ouders,5148,5154,I-non_event,O,O,O
De_gedaante_verwisseling.txt,CURATION_USER,46,"Zijn directeur zou beslist met de ziekenfondsdokter komen, zou zijn ouders verwijten maken vanwege hun luie zoon en alle tegenwerpingen afkappen onder verwijzing naar de ziekenfondsdokter, voor wie er natuurlijk alleen maar geheel gezonde maar werkschuwe mensen bestaan.",verwijten,5155,5164,I-non_event,O,O,O
De_gedaante_verwisseling.txt,CURATION_USER,46,"Zijn directeur zou beslist met de ziekenfondsdokter komen, zou zijn ouders verwijten maken vanwege hun luie zoon en alle tegenwerpingen afkappen onder verwijzing naar de ziekenfondsdokter, voor wie er natuurlijk alleen maar geheel gezonde maar werkschuwe mensen bestaan.",maken,5165,5170,I-non_event,O,O,O
De_gedaante_verwisseling.txt,CURATION_USER,46,"Zijn directeur zou beslist met de ziekenfondsdokter komen, zou zijn ouders verwijten maken vanwege hun luie zoon en alle tegenwerpingen afkappen onder verwijzing naar de ziekenfondsdokter, voor wie er natuurlijk alleen maar geheel gezonde maar werkschuwe mensen bestaan.",vanwege,5171,5178,I-non_event,O,O,O
De_gedaante_verwisseling.txt,CURATION_USER,46,"Zijn directeur zou beslist met de ziekenfondsdokter komen, zou zijn ouders verwijten maken vanwege hun luie zoon en alle tegenwerpingen afkappen onder verwijzing naar de ziekenfondsdokter, voor wie er natuurlijk alleen maar geheel gezonde maar werkschuwe mensen bestaan.",hun,5179,5182,I-non_event,O,O,O
De_gedaante_verwisseling.txt,CURATION_USER,46,"Zijn directeur zou beslist met de ziekenfondsdokter komen, zou zijn ouders verwijten maken vanwege hun luie zoon en alle tegenwerpingen afkappen onder verwijzing naar de ziekenfondsdokter, voor wie er natuurlijk alleen maar geheel gezonde maar werkschuwe mensen bestaan.",luie,5183,5187,I-non_event,O,O,O
De_gedaante_verwisseling.txt,CURATION_USER,46,"Zijn directeur zou beslist met de ziekenfondsdokter komen, zou zijn ouders verwijten maken vanwege hun luie zoon en alle tegenwerpingen afkappen onder verwijzing naar de ziekenfondsdokter, voor wie er natuurlijk alleen maar geheel gezonde maar werkschuwe mensen bestaan.",zoon,5188,5192,I-non_event,O,O,O
De_gedaante_verwisseling.txt,CURATION_USER,46,"Zijn directeur zou beslist met de ziekenfondsdokter komen, zou zijn ouders verwijten maken vanwege hun luie zoon en alle tegenwerpingen afkappen onder verwijzing naar de ziekenfondsdokter, voor wie er natuurlijk alleen maar geheel gezonde maar werkschuwe mensen bestaan.",en,5193,5195,B-non_event,O,O,O
De_gedaante_verwisseling.txt,CURATION_USER,46,"Zijn directeur zou beslist met de ziekenfondsdokter komen, zou zijn ouders verwijten maken vanwege hun luie zoon en alle tegenwerpingen afkappen onder verwijzing naar de ziekenfondsdokter, voor wie er natuurlijk alleen maar geheel gezonde maar werkschuwe mensen bestaan.",alle,5196,5200,I-non_event,O,O,O
De_gedaante_verwisseling.txt,CURATION_USER,46,"Zijn directeur zou beslist met de ziekenfondsdokter komen, zou zijn ouders verwijten maken vanwege hun luie zoon en alle tegenwerpingen afkappen onder verwijzing naar de ziekenfondsdokter, voor wie er natuurlijk alleen maar geheel gezonde maar werkschuwe mensen bestaan.",tegenwerpingen,5201,5215,I-non_event,O,O,O
De_gedaante_verwisseling.txt,CURATION_USER,46,"Zijn directeur zou beslist met de ziekenfondsdokter komen, zou zijn ouders verwijten maken vanwege hun luie zoon en alle tegenwerpingen afkappen onder verwijzing naar de ziekenfondsdokter, voor wie er natuurlijk alleen maar geheel gezonde maar werkschuwe mensen bestaan.",afkappen,5216,5224,I-non_event,O,O,O
De_gedaante_verwisseling.txt,CURATION_USER,46,"Zijn directeur zou beslist met de ziekenfondsdokter komen, zou zijn ouders verwijten maken vanwege hun luie zoon en alle tegenwerpingen afkappen onder verwijzing naar de ziekenfondsdokter, voor wie er natuurlijk alleen maar geheel gezonde maar werkschuwe mensen bestaan.",onder,5225,5230,I-non_event,O,O,O
De_gedaante_verwisseling.txt,CURATION_USER,46,"Zijn directeur zou beslist met de ziekenfondsdokter komen, zou zijn ouders verwijten maken vanwege hun luie zoon en alle tegenwerpingen afkappen onder verwijzing naar de ziekenfondsdokter, voor wie er natuurlijk alleen maar geheel gezonde maar werkschuwe mensen bestaan.",verwijzing,5231,5241,I-non_event,O,O,O
De_gedaante_verwisseling.txt,CURATION_USER,46,"Zijn directeur zou beslist met de ziekenfondsdokter komen, zou zijn ouders verwijten maken vanwege hun luie zoon en alle tegenwerpingen afkappen onder verwijzing naar de ziekenfondsdokter, voor wie er natuurlijk alleen maar geheel gezonde maar werkschuwe mensen bestaan.",naar,5242,5246,I-non_event,O,O,O
De_gedaante_verwisseling.txt,CURATION_USER,46,"Zijn directeur zou beslist met de ziekenfondsdokter komen, zou zijn ouders verwijten maken vanwege hun luie zoon en alle tegenwerpingen afkappen onder verwijzing naar de ziekenfondsdokter, voor wie er natuurlijk alleen maar geheel gezonde maar werkschuwe mensen bestaan.",de,5247,5249,I-non_event,O,O,O
De_gedaante_verwisseling.txt,CURATION_USER,46,"Zijn directeur zou beslist met de ziekenfondsdokter komen, zou zijn ouders verwijten maken vanwege hun luie zoon en alle tegenwerpingen afkappen onder verwijzing naar de ziekenfondsdokter, voor wie er natuurlijk alleen maar geheel gezonde maar werkschuwe mensen bestaan.",ziekenfondsdokter,5250,5267,I-non_event,O,O,O
De_gedaante_verwisseling.txt,CURATION_USER,46,"Zijn directeur zou beslist met de ziekenfondsdokter komen, zou zijn ouders verwijten maken vanwege hun luie zoon en alle tegenwerpingen afkappen onder verwijzing naar de ziekenfondsdokter, voor wie er natuurlijk alleen maar geheel gezonde maar werkschuwe mensen bestaan.",",",5267,5268,O,O,O,O
De_gedaante_verwisseling.txt,CURATION_USER,46,"Zijn directeur zou beslist met de ziekenfondsdokter komen, zou zijn ouders verwijten maken vanwege hun luie zoon en alle tegenwerpingen afkappen onder verwijzing naar de ziekenfondsdokter, voor wie er natuurlijk alleen maar geheel gezonde maar werkschuwe mensen bestaan.",voor,5269,5273,B-stative_event,O,O,O
De_gedaante_verwisseling.txt,CURATION_USER,46,"Zijn directeur zou beslist met de ziekenfondsdokter komen, zou zijn ouders verwijten maken vanwege hun luie zoon en alle tegenwerpingen afkappen onder verwijzing naar de ziekenfondsdokter, voor wie er natuurlijk alleen maar geheel gezonde maar werkschuwe mensen bestaan.",wie,5274,5277,I-stative_event,O,O,O
De_gedaante_verwisseling.txt,CURATION_USER,46,"Zijn directeur zou beslist met de ziekenfondsdokter komen, zou zijn ouders verwijten maken vanwege hun luie zoon en alle tegenwerpingen afkappen onder verwijzing naar de ziekenfondsdokter, voor wie er natuurlijk alleen maar geheel gezonde maar werkschuwe mensen bestaan.",er,5278,5280,I-stative_event,O,O,O
De_gedaante_verwisseling.txt,CURATION_USER,46,"Zijn directeur zou beslist met de ziekenfondsdokter komen, zou zijn ouders verwijten maken vanwege hun luie zoon en alle tegenwerpingen afkappen onder verwijzing naar de ziekenfondsdokter, voor wie er natuurlijk alleen maar geheel gezonde maar werkschuwe mensen bestaan.",natuurlijk,5281,5291,I-stative_event,O,O,O
De_gedaante_verwisseling.txt,CURATION_USER,46,"Zijn directeur zou beslist met de ziekenfondsdokter komen, zou zijn ouders verwijten maken vanwege hun luie zoon en alle tegenwerpingen afkappen onder verwijzing naar de ziekenfondsdokter, voor wie er natuurlijk alleen maar geheel gezonde maar werkschuwe mensen bestaan.",alleen,5292,5298,I-stative_event,O,O,O
De_gedaante_verwisseling.txt,CURATION_USER,46,"Zijn directeur zou beslist met de ziekenfondsdokter komen, zou zijn ouders verwijten maken vanwege hun luie zoon en alle tegenwerpingen afkappen onder verwijzing naar de ziekenfondsdokter, voor wie er natuurlijk alleen maar geheel gezonde maar werkschuwe mensen bestaan.",maar,5299,5303,I-stative_event,O,O,O
De_gedaante_verwisseling.txt,CURATION_USER,46,"Zijn directeur zou beslist met de ziekenfondsdokter komen, zou zijn ouders verwijten maken vanwege hun luie zoon en alle tegenwerpingen afkappen onder verwijzing naar de ziekenfondsdokter, voor wie er natuurlijk alleen maar geheel gezonde maar werkschuwe mensen bestaan.",geheel,5304,5310,I-stative_event,O,O,O
De_gedaante_verwisseling.txt,CURATION_USER,46,"Zijn directeur zou beslist met de ziekenfondsdokter komen, zou zijn ouders verwijten maken vanwege hun luie zoon en alle tegenwerpingen afkappen onder verwijzing naar de ziekenfondsdokter, voor wie er natuurlijk alleen maar geheel gezonde maar werkschuwe mensen bestaan.",gezonde,5311,5318,I-stative_event,O,O,O
De_gedaante_verwisseling.txt,CURATION_USER,46,"Zijn directeur zou beslist met de ziekenfondsdokter komen, zou zijn ouders verwijten maken vanwege hun luie zoon en alle tegenwerpingen afkappen onder verwijzing naar de ziekenfondsdokter, voor wie er natuurlijk alleen maar geheel gezonde maar werkschuwe mensen bestaan.",maar,5319,5323,I-stative_event,O,O,O
De_gedaante_verwisseling.txt,CURATION_USER,46,"Zijn directeur zou beslist met de ziekenfondsdokter komen, zou zijn ouders verwijten maken vanwege hun luie zoon en alle tegenwerpingen afkappen onder verwijzing naar de ziekenfondsdokter, voor wie er natuurlijk alleen maar geheel gezonde maar werkschuwe mensen bestaan.",werkschuwe,5324,5334,I-stative_event,O,O,O
De_gedaante_verwisseling.txt,CURATION_USER,46,"Zijn directeur zou beslist met de ziekenfondsdokter komen, zou zijn ouders verwijten maken vanwege hun luie zoon en alle tegenwerpingen afkappen onder verwijzing naar de ziekenfondsdokter, voor wie er natuurlijk alleen maar geheel gezonde maar werkschuwe mensen bestaan.",mensen,5335,5341,I-stative_event,O,O,O
De_gedaante_verwisseling.txt,CURATION_USER,46,"Zijn directeur zou beslist met de ziekenfondsdokter komen, zou zijn ouders verwijten maken vanwege hun luie zoon en alle tegenwerpingen afkappen onder verwijzing naar de ziekenfondsdokter, voor wie er natuurlijk alleen maar geheel gezonde maar werkschuwe mensen bestaan.",bestaan,5342,5349,I-stative_event,O,O,O
De_gedaante_verwisseling.txt,CURATION_USER,46,"Zijn directeur zou beslist met de ziekenfondsdokter komen, zou zijn ouders verwijten maken vanwege hun luie zoon en alle tegenwerpingen afkappen onder verwijzing naar de ziekenfondsdokter, voor wie er natuurlijk alleen maar geheel gezonde maar werkschuwe mensen bestaan.",.,5349,5350,O,O,O,O
De_gedaante_verwisseling.txt,CURATION_USER,47,En zou hij het trouwens in dit geval echt zo bij het verkeerde eind hebben?,En,5351,5353,B-non_event,O,O,O
De_gedaante_verwisseling.txt,CURATION_USER,47,En zou hij het trouwens in dit geval echt zo bij het verkeerde eind hebben?,zou,5354,5357,I-non_event,O,O,O
De_gedaante_verwisseling.txt,CURATION_USER,47,En zou hij het trouwens in dit geval echt zo bij het verkeerde eind hebben?,hij,5358,5361,I-non_event,O,O,O
De_gedaante_verwisseling.txt,CURATION_USER,47,En zou hij het trouwens in dit geval echt zo bij het verkeerde eind hebben?,het,5362,5365,I-non_event,O,O,O
De_gedaante_verwisseling.txt,CURATION_USER,47,En zou hij het trouwens in dit geval echt zo bij het verkeerde eind hebben?,trouwens,5366,5374,I-non_event,O,O,O
De_gedaante_verwisseling.txt,CURATION_USER,47,En zou hij het trouwens in dit geval echt zo bij het verkeerde eind hebben?,in,5375,5377,I-non_event,O,O,O
De_gedaante_verwisseling.txt,CURATION_USER,47,En zou hij het trouwens in dit geval echt zo bij het verkeerde eind hebben?,dit,5378,5381,I-non_event,O,O,O
De_gedaante_verwisseling.txt,CURATION_USER,47,En zou hij het trouwens in dit geval echt zo bij het verkeerde eind hebben?,geval,5382,5387,I-non_event,O,O,O
De_gedaante_verwisseling.txt,CURATION_USER,47,En zou hij het trouwens in dit geval echt zo bij het verkeerde eind hebben?,echt,5388,5392,I-non_event,O,O,O
De_gedaante_verwisseling.txt,CURATION_USER,47,En zou hij het trouwens in dit geval echt zo bij het verkeerde eind hebben?,zo,5393,5395,I-non_event,O,O,O
De_gedaante_verwisseling.txt,CURATION_USER,47,En zou hij het trouwens in dit geval echt zo bij het verkeerde eind hebben?,bij,5396,5399,I-non_event,O,O,O
De_gedaante_verwisseling.txt,CURATION_USER,47,En zou hij het trouwens in dit geval echt zo bij het verkeerde eind hebben?,het,5400,5403,I-non_event,O,O,O
De_gedaante_verwisseling.txt,CURATION_USER,47,En zou hij het trouwens in dit geval echt zo bij het verkeerde eind hebben?,verkeerde,5404,5413,I-non_event,O,O,O
De_gedaante_verwisseling.txt,CURATION_USER,47,En zou hij het trouwens in dit geval echt zo bij het verkeerde eind hebben?,eind,5414,5418,I-non_event,O,O,O
De_gedaante_verwisseling.txt,CURATION_USER,47,En zou hij het trouwens in dit geval echt zo bij het verkeerde eind hebben?,hebben,5419,5425,I-non_event,O,O,O
De_gedaante_verwisseling.txt,CURATION_USER,47,En zou hij het trouwens in dit geval echt zo bij het verkeerde eind hebben?,?,5425,5426,O,O,O,O
De_gedaante_verwisseling.txt,CURATION_USER,48,"Gregor voelde zich in feite, afgezien van een na zo’n lange slaap werkelijk overbodige slaperigheid, heel goed en hij had zelfs een bijzonder stevige honger.",Gregor,5427,5433,B-stative_event,O,O,O
De_gedaante_verwisseling.txt,CURATION_USER,48,"Gregor voelde zich in feite, afgezien van een na zo’n lange slaap werkelijk overbodige slaperigheid, heel goed en hij had zelfs een bijzonder stevige honger.",voelde,5434,5440,I-stative_event,O,O,O
De_gedaante_verwisseling.txt,CURATION_USER,48,"Gregor voelde zich in feite, afgezien van een na zo’n lange slaap werkelijk overbodige slaperigheid, heel goed en hij had zelfs een bijzonder stevige honger.",zich,5441,5445,I-stative_event,O,O,O
De_gedaante_verwisseling.txt,CURATION_USER,48,"Gregor voelde zich in feite, afgezien van een na zo’n lange slaap werkelijk overbodige slaperigheid, heel goed en hij had zelfs een bijzonder stevige honger.",in,5446,5448,I-stative_event,O,O,O
De_gedaante_verwisseling.txt,CURATION_USER,48,"Gregor voelde zich in feite, afgezien van een na zo’n lange slaap werkelijk overbodige slaperigheid, heel goed en hij had zelfs een bijzonder stevige honger.",feite,5449,5454,I-stative_event,O,O,O
De_gedaante_verwisseling.txt,CURATION_USER,48,"Gregor voelde zich in feite, afgezien van een na zo’n lange slaap werkelijk overbodige slaperigheid, heel goed en hij had zelfs een bijzonder stevige honger.",",",5454,5455,I-stative_event,O,O,O
De_gedaante_verwisseling.txt,CURATION_USER,48,"Gregor voelde zich in feite, afgezien van een na zo’n lange slaap werkelijk overbodige slaperigheid, heel goed en hij had zelfs een bijzonder stevige honger.",afgezien,5456,5464,I-stative_event,O,O,O
De_gedaante_verwisseling.txt,CURATION_USER,48,"Gregor voelde zich in feite, afgezien van een na zo’n lange slaap werkelijk overbodige slaperigheid, heel goed en hij had zelfs een bijzonder stevige honger.",van,5465,5468,I-stative_event,O,O,O
De_gedaante_verwisseling.txt,CURATION_USER,48,"Gregor voelde zich in feite, afgezien van een na zo’n lange slaap werkelijk overbodige slaperigheid, heel goed en hij had zelfs een bijzonder stevige honger.",een,5469,5472,I-stative_event,O,O,O
De_gedaante_verwisseling.txt,CURATION_USER,48,"Gregor voelde zich in feite, afgezien van een na zo’n lange slaap werkelijk overbodige slaperigheid, heel goed en hij had zelfs een bijzonder stevige honger.",na,5473,5475,I-stative_event,O,O,O
De_gedaante_verwisseling.txt,CURATION_USER,48,"Gregor voelde zich in feite, afgezien van een na zo’n lange slaap werkelijk overbodige slaperigheid, heel goed en hij had zelfs een bijzonder stevige honger.",zo,5476,5478,I-stative_event,O,O,O
De_gedaante_verwisseling.txt,CURATION_USER,48,"Gregor voelde zich in feite, afgezien van een na zo’n lange slaap werkelijk overbodige slaperigheid, heel goed en hij had zelfs een bijzonder stevige honger.",’,5478,5479,I-stative_event,O,O,O
De_gedaante_verwisseling.txt,CURATION_USER,48,"Gregor voelde zich in feite, afgezien van een na zo’n lange slaap werkelijk overbodige slaperigheid, heel goed en hij had zelfs een bijzonder stevige honger.",n,5479,5480,I-stative_event,O,O,O
De_gedaante_verwisseling.txt,CURATION_USER,48,"Gregor voelde zich in feite, afgezien van een na zo’n lange slaap werkelijk overbodige slaperigheid, heel goed en hij had zelfs een bijzonder stevige honger.",lange,5481,5486,I-stative_event,O,O,O
De_gedaante_verwisseling.txt,CURATION_USER,48,"Gregor voelde zich in feite, afgezien van een na zo’n lange slaap werkelijk overbodige slaperigheid, heel goed en hij had zelfs een bijzonder stevige honger.",slaap,5487,5492,I-stative_event,O,O,O
De_gedaante_verwisseling.txt,CURATION_USER,48,"Gregor voelde zich in feite, afgezien van een na zo’n lange slaap werkelijk overbodige slaperigheid, heel goed en hij had zelfs een bijzonder stevige honger.",werkelijk,5493,5502,I-stative_event,O,O,O
De_gedaante_verwisseling.txt,CURATION_USER,48,"Gregor voelde zich in feite, afgezien van een na zo’n lange slaap werkelijk overbodige slaperigheid, heel goed en hij had zelfs een bijzonder stevige honger.",overbodige,5503,5513,I-stative_event,O,O,O
De_gedaante_verwisseling.txt,CURATION_USER,48,"Gregor voelde zich in feite, afgezien van een na zo’n lange slaap werkelijk overbodige slaperigheid, heel goed en hij had zelfs een bijzonder stevige honger.",slaperigheid,5514,5526,I-stative_event,O,O,O
De_gedaante_verwisseling.txt,CURATION_USER,48,"Gregor voelde zich in feite, afgezien van een na zo’n lange slaap werkelijk overbodige slaperigheid, heel goed en hij had zelfs een bijzonder stevige honger.",",",5526,5527,I-stative_event,O,O,O
De_gedaante_verwisseling.txt,CURATION_USER,48,"Gregor voelde zich in feite, afgezien van een na zo’n lange slaap werkelijk overbodige slaperigheid, heel goed en hij had zelfs een bijzonder stevige honger.",heel,5528,5532,I-stative_event,O,O,O
De_gedaante_verwisseling.txt,CURATION_USER,48,"Gregor voelde zich in feite, afgezien van een na zo’n lange slaap werkelijk overbodige slaperigheid, heel goed en hij had zelfs een bijzonder stevige honger.",goed,5533,5537,I-stative_event,O,O,O
De_gedaante_verwisseling.txt,CURATION_USER,48,"Gregor voelde zich in feite, afgezien van een na zo’n lange slaap werkelijk overbodige slaperigheid, heel goed en hij had zelfs een bijzonder stevige honger.",en,5538,5540,B-stative_event,O,O,O
De_gedaante_verwisseling.txt,CURATION_USER,48,"Gregor voelde zich in feite, afgezien van een na zo’n lange slaap werkelijk overbodige slaperigheid, heel goed en hij had zelfs een bijzonder stevige honger.",hij,5541,5544,I-stative_event,O,O,O
De_gedaante_verwisseling.txt,CURATION_USER,48,"Gregor voelde zich in feite, afgezien van een na zo’n lange slaap werkelijk overbodige slaperigheid, heel goed en hij had zelfs een bijzonder stevige honger.",had,5545,5548,I-stative_event,O,O,O
De_gedaante_verwisseling.txt,CURATION_USER,48,"Gregor voelde zich in feite, afgezien van een na zo’n lange slaap werkelijk overbodige slaperigheid, heel goed en hij had zelfs een bijzonder stevige honger.",zelfs,5549,5554,I-stative_event,O,O,O
De_gedaante_verwisseling.txt,CURATION_USER,48,"Gregor voelde zich in feite, afgezien van een na zo’n lange slaap werkelijk overbodige slaperigheid, heel goed en hij had zelfs een bijzonder stevige honger.",een,5555,5558,I-stative_event,O,O,O
De_gedaante_verwisseling.txt,CURATION_USER,48,"Gregor voelde zich in feite, afgezien van een na zo’n lange slaap werkelijk overbodige slaperigheid, heel goed en hij had zelfs een bijzonder stevige honger.",bijzonder,5559,5568,I-stative_event,O,O,O
De_gedaante_verwisseling.txt,CURATION_USER,48,"Gregor voelde zich in feite, afgezien van een na zo’n lange slaap werkelijk overbodige slaperigheid, heel goed en hij had zelfs een bijzonder stevige honger.",stevige,5569,5576,I-stative_event,O,O,O
De_gedaante_verwisseling.txt,CURATION_USER,48,"Gregor voelde zich in feite, afgezien van een na zo’n lange slaap werkelijk overbodige slaperigheid, heel goed en hij had zelfs een bijzonder stevige honger.",honger,5577,5583,I-stative_event,O,O,O
De_gedaante_verwisseling.txt,CURATION_USER,48,"Gregor voelde zich in feite, afgezien van een na zo’n lange slaap werkelijk overbodige slaperigheid, heel goed en hij had zelfs een bijzonder stevige honger.",.,5583,5584,O,O,O,O
De_gedaante_verwisseling.txt,CURATION_USER,49,"Terwijl hij dit allemaal in grote haast overdacht, zonder te kunnen besluiten uit zijn bed te komen – de wekker sloeg net kwart voor zeven – werd er voorzichtig op de deur bij het hoofdeinde van zijn bed geklopt.",Terwijl,5587,5594,B-process,O,O,O
De_gedaante_verwisseling.txt,CURATION_USER,49,"Terwijl hij dit allemaal in grote haast overdacht, zonder te kunnen besluiten uit zijn bed te komen – de wekker sloeg net kwart voor zeven – werd er voorzichtig op de deur bij het hoofdeinde van zijn bed geklopt.",hij,5595,5598,I-process,O,O,O
De_gedaante_verwisseling.txt,CURATION_USER,49,"Terwijl hij dit allemaal in grote haast overdacht, zonder te kunnen besluiten uit zijn bed te komen – de wekker sloeg net kwart voor zeven – werd er voorzichtig op de deur bij het hoofdeinde van zijn bed geklopt.",dit,5599,5602,I-process,O,O,O
De_gedaante_verwisseling.txt,CURATION_USER,49,"Terwijl hij dit allemaal in grote haast overdacht, zonder te kunnen besluiten uit zijn bed te komen – de wekker sloeg net kwart voor zeven – werd er voorzichtig op de deur bij het hoofdeinde van zijn bed geklopt.",allemaal,5603,5611,I-process,O,O,O
De_gedaante_verwisseling.txt,CURATION_USER,49,"Terwijl hij dit allemaal in grote haast overdacht, zonder te kunnen besluiten uit zijn bed te komen – de wekker sloeg net kwart voor zeven – werd er voorzichtig op de deur bij het hoofdeinde van zijn bed geklopt.",in,5612,5614,I-process,O,O,O
De_gedaante_verwisseling.txt,CURATION_USER,49,"Terwijl hij dit allemaal in grote haast overdacht, zonder te kunnen besluiten uit zijn bed te komen – de wekker sloeg net kwart voor zeven – werd er voorzichtig op de deur bij het hoofdeinde van zijn bed geklopt.",grote,5615,5620,I-process,O,O,O
De_gedaante_verwisseling.txt,CURATION_USER,49,"Terwijl hij dit allemaal in grote haast overdacht, zonder te kunnen besluiten uit zijn bed te komen – de wekker sloeg net kwart voor zeven – werd er voorzichtig op de deur bij het hoofdeinde van zijn bed geklopt.",haast,5621,5626,I-process,O,O,O
De_gedaante_verwisseling.txt,CURATION_USER,49,"Terwijl hij dit allemaal in grote haast overdacht, zonder te kunnen besluiten uit zijn bed te komen – de wekker sloeg net kwart voor zeven – werd er voorzichtig op de deur bij het hoofdeinde van zijn bed geklopt.",overdacht,5627,5636,I-process,O,O,O
De_gedaante_verwisseling.txt,CURATION_USER,49,"Terwijl hij dit allemaal in grote haast overdacht, zonder te kunnen besluiten uit zijn bed te komen – de wekker sloeg net kwart voor zeven – werd er voorzichtig op de deur bij het hoofdeinde van zijn bed geklopt.",",",5636,5637,O,O,O,O
De_gedaante_verwisseling.txt,CURATION_USER,49,"Terwijl hij dit allemaal in grote haast overdacht, zonder te kunnen besluiten uit zijn bed te komen – de wekker sloeg net kwart voor zeven – werd er voorzichtig op de deur bij het hoofdeinde van zijn bed geklopt.",zonder,5638,5644,B-non_event,O,O,O
De_gedaante_verwisseling.txt,CURATION_USER,49,"Terwijl hij dit allemaal in grote haast overdacht, zonder te kunnen besluiten uit zijn bed te komen – de wekker sloeg net kwart voor zeven – werd er voorzichtig op de deur bij het hoofdeinde van zijn bed geklopt.",te,5645,5647,I-non_event,O,O,O
De_gedaante_verwisseling.txt,CURATION_USER,49,"Terwijl hij dit allemaal in grote haast overdacht, zonder te kunnen besluiten uit zijn bed te komen – de wekker sloeg net kwart voor zeven – werd er voorzichtig op de deur bij het hoofdeinde van zijn bed geklopt.",kunnen,5648,5654,I-non_event,O,O,O
De_gedaante_verwisseling.txt,CURATION_USER,49,"Terwijl hij dit allemaal in grote haast overdacht, zonder te kunnen besluiten uit zijn bed te komen – de wekker sloeg net kwart voor zeven – werd er voorzichtig op de deur bij het hoofdeinde van zijn bed geklopt.",besluiten,5655,5664,I-non_event,O,O,O
De_gedaante_verwisseling.txt,CURATION_USER,49,"Terwijl hij dit allemaal in grote haast overdacht, zonder te kunnen besluiten uit zijn bed te komen – de wekker sloeg net kwart voor zeven – werd er voorzichtig op de deur bij het hoofdeinde van zijn bed geklopt.",uit,5665,5668,I-non_event,O,O,O
De_gedaante_verwisseling.txt,CURATION_USER,49,"Terwijl hij dit allemaal in grote haast overdacht, zonder te kunnen besluiten uit zijn bed te komen – de wekker sloeg net kwart voor zeven – werd er voorzichtig op de deur bij het hoofdeinde van zijn bed geklopt.",zijn,5669,5673,I-non_event,O,O,O
De_gedaante_verwisseling.txt,CURATION_USER,49,"Terwijl hij dit allemaal in grote haast overdacht, zonder te kunnen besluiten uit zijn bed te komen – de wekker sloeg net kwart voor zeven – werd er voorzichtig op de deur bij het hoofdeinde van zijn bed geklopt.",bed,5674,5677,I-non_event,O,O,O
De_gedaante_verwisseling.txt,CURATION_USER,49,"Terwijl hij dit allemaal in grote haast overdacht, zonder te kunnen besluiten uit zijn bed te komen – de wekker sloeg net kwart voor zeven – werd er voorzichtig op de deur bij het hoofdeinde van zijn bed geklopt.",te,5678,5680,I-non_event,O,O,O
De_gedaante_verwisseling.txt,CURATION_USER,49,"Terwijl hij dit allemaal in grote haast overdacht, zonder te kunnen besluiten uit zijn bed te komen – de wekker sloeg net kwart voor zeven – werd er voorzichtig op de deur bij het hoofdeinde van zijn bed geklopt.",komen,5681,5686,I-non_event,O,O,O
De_gedaante_verwisseling.txt,CURATION_USER,49,"Terwijl hij dit allemaal in grote haast overdacht, zonder te kunnen besluiten uit zijn bed te komen – de wekker sloeg net kwart voor zeven – werd er voorzichtig op de deur bij het hoofdeinde van zijn bed geklopt.",–,5687,5688,O,O,O,O
De_gedaante_verwisseling.txt,CURATION_USER,49,"Terwijl hij dit allemaal in grote haast overdacht, zonder te kunnen besluiten uit zijn bed te komen – de wekker sloeg net kwart voor zeven – werd er voorzichtig op de deur bij het hoofdeinde van zijn bed geklopt.",de,5689,5691,B-process,O,O,O
De_gedaante_verwisseling.txt,CURATION_USER,49,"Terwijl hij dit allemaal in grote haast overdacht, zonder te kunnen besluiten uit zijn bed te komen – de wekker sloeg net kwart voor zeven – werd er voorzichtig op de deur bij het hoofdeinde van zijn bed geklopt.",wekker,5692,5698,I-process,O,O,O
De_gedaante_verwisseling.txt,CURATION_USER,49,"Terwijl hij dit allemaal in grote haast overdacht, zonder te kunnen besluiten uit zijn bed te komen – de wekker sloeg net kwart voor zeven – werd er voorzichtig op de deur bij het hoofdeinde van zijn bed geklopt.",sloeg,5699,5704,I-process,O,O,O
De_gedaante_verwisseling.txt,CURATION_USER,49,"Terwijl hij dit allemaal in grote haast overdacht, zonder te kunnen besluiten uit zijn bed te komen – de wekker sloeg net kwart voor zeven – werd er voorzichtig op de deur bij het hoofdeinde van zijn bed geklopt.",net,5705,5708,I-process,O,O,O
De_gedaante_verwisseling.txt,CURATION_USER,49,"Terwijl hij dit allemaal in grote haast overdacht, zonder te kunnen besluiten uit zijn bed te komen – de wekker sloeg net kwart voor zeven – werd er voorzichtig op de deur bij het hoofdeinde van zijn bed geklopt.",kwart,5709,5714,I-process,O,O,O
De_gedaante_verwisseling.txt,CURATION_USER,49,"Terwijl hij dit allemaal in grote haast overdacht, zonder te kunnen besluiten uit zijn bed te komen – de wekker sloeg net kwart voor zeven – werd er voorzichtig op de deur bij het hoofdeinde van zijn bed geklopt.",voor,5715,5719,I-process,O,O,O
De_gedaante_verwisseling.txt,CURATION_USER,49,"Terwijl hij dit allemaal in grote haast overdacht, zonder te kunnen besluiten uit zijn bed te komen – de wekker sloeg net kwart voor zeven – werd er voorzichtig op de deur bij het hoofdeinde van zijn bed geklopt.",zeven,5720,5725,I-process,O,O,O
De_gedaante_verwisseling.txt,CURATION_USER,49,"Terwijl hij dit allemaal in grote haast overdacht, zonder te kunnen besluiten uit zijn bed te komen – de wekker sloeg net kwart voor zeven – werd er voorzichtig op de deur bij het hoofdeinde van zijn bed geklopt.",–,5726,5727,O,O,O,O
De_gedaante_verwisseling.txt,CURATION_USER,49,"Terwijl hij dit allemaal in grote haast overdacht, zonder te kunnen besluiten uit zijn bed te komen – de wekker sloeg net kwart voor zeven – werd er voorzichtig op de deur bij het hoofdeinde van zijn bed geklopt.",werd,5728,5732,B-process,O,O,O
De_gedaante_verwisseling.txt,CURATION_USER,49,"Terwijl hij dit allemaal in grote haast overdacht, zonder te kunnen besluiten uit zijn bed te komen – de wekker sloeg net kwart voor zeven – werd er voorzichtig op de deur bij het hoofdeinde van zijn bed geklopt.",er,5733,5735,I-process,O,O,O
De_gedaante_verwisseling.txt,CURATION_USER,49,"Terwijl hij dit allemaal in grote haast overdacht, zonder te kunnen besluiten uit zijn bed te komen – de wekker sloeg net kwart voor zeven – werd er voorzichtig op de deur bij het hoofdeinde van zijn bed geklopt.",voorzichtig,5736,5747,I-process,O,O,O
De_gedaante_verwisseling.txt,CURATION_USER,49,"Terwijl hij dit allemaal in grote haast overdacht, zonder te kunnen besluiten uit zijn bed te komen – de wekker sloeg net kwart voor zeven – werd er voorzichtig op de deur bij het hoofdeinde van zijn bed geklopt.",op,5748,5750,I-process,O,O,O
De_gedaante_verwisseling.txt,CURATION_USER,49,"Terwijl hij dit allemaal in grote haast overdacht, zonder te kunnen besluiten uit zijn bed te komen – de wekker sloeg net kwart voor zeven – werd er voorzichtig op de deur bij het hoofdeinde van zijn bed geklopt.",de,5751,5753,I-process,O,O,O
De_gedaante_verwisseling.txt,CURATION_USER,49,"Terwijl hij dit allemaal in grote haast overdacht, zonder te kunnen besluiten uit zijn bed te komen – de wekker sloeg net kwart voor zeven – werd er voorzichtig op de deur bij het hoofdeinde van zijn bed geklopt.",deur,5754,5758,I-process,O,O,O
De_gedaante_verwisseling.txt,CURATION_USER,49,"Terwijl hij dit allemaal in grote haast overdacht, zonder te kunnen besluiten uit zijn bed te komen – de wekker sloeg net kwart voor zeven – werd er voorzichtig op de deur bij het hoofdeinde van zijn bed geklopt.",bij,5759,5762,I-process,O,O,O
De_gedaante_verwisseling.txt,CURATION_USER,49,"Terwijl hij dit allemaal in grote haast overdacht, zonder te kunnen besluiten uit zijn bed te komen – de wekker sloeg net kwart voor zeven – werd er voorzichtig op de deur bij het hoofdeinde van zijn bed geklopt.",het,5763,5766,I-process,O,O,O
De_gedaante_verwisseling.txt,CURATION_USER,49,"Terwijl hij dit allemaal in grote haast overdacht, zonder te kunnen besluiten uit zijn bed te komen – de wekker sloeg net kwart voor zeven – werd er voorzichtig op de deur bij het hoofdeinde van zijn bed geklopt.",hoofdeinde,5767,5777,I-process,O,O,O
De_gedaante_verwisseling.txt,CURATION_USER,49,"Terwijl hij dit allemaal in grote haast overdacht, zonder te kunnen besluiten uit zijn bed te komen – de wekker sloeg net kwart voor zeven – werd er voorzichtig op de deur bij het hoofdeinde van zijn bed geklopt.",van,5778,5781,I-process,O,O,O
De_gedaante_verwisseling.txt,CURATION_USER,49,"Terwijl hij dit allemaal in grote haast overdacht, zonder te kunnen besluiten uit zijn bed te komen – de wekker sloeg net kwart voor zeven – werd er voorzichtig op de deur bij het hoofdeinde van zijn bed geklopt.",zijn,5782,5786,I-process,O,O,O
De_gedaante_verwisseling.txt,CURATION_USER,49,"Terwijl hij dit allemaal in grote haast overdacht, zonder te kunnen besluiten uit zijn bed te komen – de wekker sloeg net kwart voor zeven – werd er voorzichtig op de deur bij het hoofdeinde van zijn bed geklopt.",bed,5787,5790,I-process,O,O,O
De_gedaante_verwisseling.txt,CURATION_USER,49,"Terwijl hij dit allemaal in grote haast overdacht, zonder te kunnen besluiten uit zijn bed te komen – de wekker sloeg net kwart voor zeven – werd er voorzichtig op de deur bij het hoofdeinde van zijn bed geklopt.",geklopt,5791,5798,I-process,O,O,O
De_gedaante_verwisseling.txt,CURATION_USER,49,"Terwijl hij dit allemaal in grote haast overdacht, zonder te kunnen besluiten uit zijn bed te komen – de wekker sloeg net kwart voor zeven – werd er voorzichtig op de deur bij het hoofdeinde van zijn bed geklopt.",.,5798,5799,O,O,O,O
De_gedaante_verwisseling.txt,CURATION_USER,50,"‘Gregor,’ werd er geroepen – het was zijn moeder – ‘het is al kwart voor zeven.",‘,5800,5801,O,O,O,O
De_gedaante_verwisseling.txt,CURATION_USER,50,"‘Gregor,’ werd er geroepen – het was zijn moeder – ‘het is al kwart voor zeven.",Gregor,5801,5807,O,O,O,O
De_gedaante_verwisseling.txt,CURATION_USER,50,"‘Gregor,’ werd er geroepen – het was zijn moeder – ‘het is al kwart voor zeven.",",",5807,5808,O,O,O,O
De_gedaante_verwisseling.txt,CURATION_USER,50,"‘Gregor,’ werd er geroepen – het was zijn moeder – ‘het is al kwart voor zeven.",’,5808,5809,O,O,O,O
De_gedaante_verwisseling.txt,CURATION_USER,50,"‘Gregor,’ werd er geroepen – het was zijn moeder – ‘het is al kwart voor zeven.",werd,5810,5814,B-process,O,O,O
De_gedaante_verwisseling.txt,CURATION_USER,50,"‘Gregor,’ werd er geroepen – het was zijn moeder – ‘het is al kwart voor zeven.",er,5815,5817,I-process,O,O,O
De_gedaante_verwisseling.txt,CURATION_USER,50,"‘Gregor,’ werd er geroepen – het was zijn moeder – ‘het is al kwart voor zeven.",geroepen,5818,5826,I-process,O,O,O
De_gedaante_verwisseling.txt,CURATION_USER,50,"‘Gregor,’ werd er geroepen – het was zijn moeder – ‘het is al kwart voor zeven.",–,5827,5828,O,O,O,O
De_gedaante_verwisseling.txt,CURATION_USER,50,"‘Gregor,’ werd er geroepen – het was zijn moeder – ‘het is al kwart voor zeven.",het,5829,5832,B-stative_event,O,O,O
De_gedaante_verwisseling.txt,CURATION_USER,50,"‘Gregor,’ werd er geroepen – het was zijn moeder – ‘het is al kwart voor zeven.",was,5833,5836,I-stative_event,O,O,O
De_gedaante_verwisseling.txt,CURATION_USER,50,"‘Gregor,’ werd er geroepen – het was zijn moeder – ‘het is al kwart voor zeven.",zijn,5837,5841,I-stative_event,O,O,O
De_gedaante_verwisseling.txt,CURATION_USER,50,"‘Gregor,’ werd er geroepen – het was zijn moeder – ‘het is al kwart voor zeven.",moeder,5842,5848,I-stative_event,O,O,O
De_gedaante_verwisseling.txt,CURATION_USER,50,"‘Gregor,’ werd er geroepen – het was zijn moeder – ‘het is al kwart voor zeven.",–,5849,5850,O,O,O,O
De_gedaante_verwisseling.txt,CURATION_USER,50,"‘Gregor,’ werd er geroepen – het was zijn moeder – ‘het is al kwart voor zeven.",‘,5851,5852,O,O,O,O
De_gedaante_verwisseling.txt,CURATION_USER,50,"‘Gregor,’ werd er geroepen – het was zijn moeder – ‘het is al kwart voor zeven.",het,5852,5855,B-stative_event,O,B-Direct speech,O
De_gedaante_verwisseling.txt,CURATION_USER,50,"‘Gregor,’ werd er geroepen – het was zijn moeder – ‘het is al kwart voor zeven.",is,5856,5858,I-stative_event,O,I-Direct speech,O
De_gedaante_verwisseling.txt,CURATION_USER,50,"‘Gregor,’ werd er geroepen – het was zijn moeder – ‘het is al kwart voor zeven.",al,5859,5861,I-stative_event,O,I-Direct speech,O
De_gedaante_verwisseling.txt,CURATION_USER,50,"‘Gregor,’ werd er geroepen – het was zijn moeder – ‘het is al kwart voor zeven.",kwart,5862,5867,I-stative_event,O,I-Direct speech,O
De_gedaante_verwisseling.txt,CURATION_USER,50,"‘Gregor,’ werd er geroepen – het was zijn moeder – ‘het is al kwart voor zeven.",voor,5868,5872,I-stative_event,O,I-Direct speech,O
De_gedaante_verwisseling.txt,CURATION_USER,50,"‘Gregor,’ werd er geroepen – het was zijn moeder – ‘het is al kwart voor zeven.",zeven,5873,5878,I-stative_event,O,I-Direct speech,O
De_gedaante_verwisseling.txt,CURATION_USER,50,"‘Gregor,’ werd er geroepen – het was zijn moeder – ‘het is al kwart voor zeven.",.,5878,5879,O,O,O,O
De_gedaante_verwisseling.txt,CURATION_USER,51,Moest je niet weg?’,Moest,5880,5885,B-non_event,O,B-Direct speech,O
De_gedaante_verwisseling.txt,CURATION_USER,51,Moest je niet weg?’,je,5886,5888,I-non_event,O,I-Direct speech,O
De_gedaante_verwisseling.txt,CURATION_USER,51,Moest je niet weg?’,niet,5889,5893,I-non_event,O,I-Direct speech,O
De_gedaante_verwisseling.txt,CURATION_USER,51,Moest je niet weg?’,weg,5894,5897,I-non_event,O,I-Direct speech,O
De_gedaante_verwisseling.txt,CURATION_USER,51,Moest je niet weg?’,?,5897,5898,O,O,O,O
De_gedaante_verwisseling.txt,CURATION_USER,51,Moest je niet weg?’,’,5898,5899,O,O,O,O
De_gedaante_verwisseling.txt,CURATION_USER,52,Die zachte stem!,Die,5900,5903,O,O,O,O
De_gedaante_verwisseling.txt,CURATION_USER,52,Die zachte stem!,zachte,5904,5910,O,O,O,O
De_gedaante_verwisseling.txt,CURATION_USER,52,Die zachte stem!,stem,5911,5915,O,O,O,O
De_gedaante_verwisseling.txt,CURATION_USER,52,Die zachte stem!,!,5915,5916,O,O,O,O
De_gedaante_verwisseling.txt,CURATION_USER,53,"Gregor schrok toen hij zijn eigen stem hoorde antwoorden, het was wel onmiskenbaar zijn vroegere stem, maar er mengde zich als van onderaf een niet te onderdrukken, pijnlijk gepiep in dat de woorden eigenlijk alleen in het eerste ogenblik hun duidelijkheid liet behouden maar ze in de naklank zo vervormde dat je niet wist of je ze wel goed had verstaan.",Gregor,5917,5923,B-process,O,O,O
De_gedaante_verwisseling.txt,CURATION_USER,53,"Gregor schrok toen hij zijn eigen stem hoorde antwoorden, het was wel onmiskenbaar zijn vroegere stem, maar er mengde zich als van onderaf een niet te onderdrukken, pijnlijk gepiep in dat de woorden eigenlijk alleen in het eerste ogenblik hun duidelijkheid liet behouden maar ze in de naklank zo vervormde dat je niet wist of je ze wel goed had verstaan.",schrok,5924,5930,I-process,O,O,O
De_gedaante_verwisseling.txt,CURATION_USER,53,"Gregor schrok toen hij zijn eigen stem hoorde antwoorden, het was wel onmiskenbaar zijn vroegere stem, maar er mengde zich als van onderaf een niet te onderdrukken, pijnlijk gepiep in dat de woorden eigenlijk alleen in het eerste ogenblik hun duidelijkheid liet behouden maar ze in de naklank zo vervormde dat je niet wist of je ze wel goed had verstaan.",toen,5931,5935,B-process,O,O,O
De_gedaante_verwisseling.txt,CURATION_USER,53,"Gregor schrok toen hij zijn eigen stem hoorde antwoorden, het was wel onmiskenbaar zijn vroegere stem, maar er mengde zich als van onderaf een niet te onderdrukken, pijnlijk gepiep in dat de woorden eigenlijk alleen in het eerste ogenblik hun duidelijkheid liet behouden maar ze in de naklank zo vervormde dat je niet wist of je ze wel goed had verstaan.",hij,5936,5939,I-process,O,O,O
De_gedaante_verwisseling.txt,CURATION_USER,53,"Gregor schrok toen hij zijn eigen stem hoorde antwoorden, het was wel onmiskenbaar zijn vroegere stem, maar er mengde zich als van onderaf een niet te onderdrukken, pijnlijk gepiep in dat de woorden eigenlijk alleen in het eerste ogenblik hun duidelijkheid liet behouden maar ze in de naklank zo vervormde dat je niet wist of je ze wel goed had verstaan.",zijn,5940,5944,I-process,O,O,O
De_gedaante_verwisseling.txt,CURATION_USER,53,"Gregor schrok toen hij zijn eigen stem hoorde antwoorden, het was wel onmiskenbaar zijn vroegere stem, maar er mengde zich als van onderaf een niet te onderdrukken, pijnlijk gepiep in dat de woorden eigenlijk alleen in het eerste ogenblik hun duidelijkheid liet behouden maar ze in de naklank zo vervormde dat je niet wist of je ze wel goed had verstaan.",eigen,5945,5950,I-process,O,O,O
De_gedaante_verwisseling.txt,CURATION_USER,53,"Gregor schrok toen hij zijn eigen stem hoorde antwoorden, het was wel onmiskenbaar zijn vroegere stem, maar er mengde zich als van onderaf een niet te onderdrukken, pijnlijk gepiep in dat de woorden eigenlijk alleen in het eerste ogenblik hun duidelijkheid liet behouden maar ze in de naklank zo vervormde dat je niet wist of je ze wel goed had verstaan.",stem,5951,5955,I-process,O,O,O
De_gedaante_verwisseling.txt,CURATION_USER,53,"Gregor schrok toen hij zijn eigen stem hoorde antwoorden, het was wel onmiskenbaar zijn vroegere stem, maar er mengde zich als van onderaf een niet te onderdrukken, pijnlijk gepiep in dat de woorden eigenlijk alleen in het eerste ogenblik hun duidelijkheid liet behouden maar ze in de naklank zo vervormde dat je niet wist of je ze wel goed had verstaan.",hoorde,5956,5962,I-process,O,O,O
De_gedaante_verwisseling.txt,CURATION_USER,53,"Gregor schrok toen hij zijn eigen stem hoorde antwoorden, het was wel onmiskenbaar zijn vroegere stem, maar er mengde zich als van onderaf een niet te onderdrukken, pijnlijk gepiep in dat de woorden eigenlijk alleen in het eerste ogenblik hun duidelijkheid liet behouden maar ze in de naklank zo vervormde dat je niet wist of je ze wel goed had verstaan.",antwoorden,5963,5973,I-process,O,O,O
De_gedaante_verwisseling.txt,CURATION_USER,53,"Gregor schrok toen hij zijn eigen stem hoorde antwoorden, het was wel onmiskenbaar zijn vroegere stem, maar er mengde zich als van onderaf een niet te onderdrukken, pijnlijk gepiep in dat de woorden eigenlijk alleen in het eerste ogenblik hun duidelijkheid liet behouden maar ze in de naklank zo vervormde dat je niet wist of je ze wel goed had verstaan.",",",5973,5974,O,O,O,O
De_gedaante_verwisseling.txt,CURATION_USER,53,"Gregor schrok toen hij zijn eigen stem hoorde antwoorden, het was wel onmiskenbaar zijn vroegere stem, maar er mengde zich als van onderaf een niet te onderdrukken, pijnlijk gepiep in dat de woorden eigenlijk alleen in het eerste ogenblik hun duidelijkheid liet behouden maar ze in de naklank zo vervormde dat je niet wist of je ze wel goed had verstaan.",het,5975,5978,B-stative_event,O,O,O
De_gedaante_verwisseling.txt,CURATION_USER,53,"Gregor schrok toen hij zijn eigen stem hoorde antwoorden, het was wel onmiskenbaar zijn vroegere stem, maar er mengde zich als van onderaf een niet te onderdrukken, pijnlijk gepiep in dat de woorden eigenlijk alleen in het eerste ogenblik hun duidelijkheid liet behouden maar ze in de naklank zo vervormde dat je niet wist of je ze wel goed had verstaan.",was,5979,5982,I-stative_event,O,O,O
De_gedaante_verwisseling.txt,CURATION_USER,53,"Gregor schrok toen hij zijn eigen stem hoorde antwoorden, het was wel onmiskenbaar zijn vroegere stem, maar er mengde zich als van onderaf een niet te onderdrukken, pijnlijk gepiep in dat de woorden eigenlijk alleen in het eerste ogenblik hun duidelijkheid liet behouden maar ze in de naklank zo vervormde dat je niet wist of je ze wel goed had verstaan.",wel,5983,5986,I-stative_event,O,O,O
De_gedaante_verwisseling.txt,CURATION_USER,53,"Gregor schrok toen hij zijn eigen stem hoorde antwoorden, het was wel onmiskenbaar zijn vroegere stem, maar er mengde zich als van onderaf een niet te onderdrukken, pijnlijk gepiep in dat de woorden eigenlijk alleen in het eerste ogenblik hun duidelijkheid liet behouden maar ze in de naklank zo vervormde dat je niet wist of je ze wel goed had verstaan.",onmiskenbaar,5987,5999,I-stative_event,O,O,O
De_gedaante_verwisseling.txt,CURATION_USER,53,"Gregor schrok toen hij zijn eigen stem hoorde antwoorden, het was wel onmiskenbaar zijn vroegere stem, maar er mengde zich als van onderaf een niet te onderdrukken, pijnlijk gepiep in dat de woorden eigenlijk alleen in het eerste ogenblik hun duidelijkheid liet behouden maar ze in de naklank zo vervormde dat je niet wist of je ze wel goed had verstaan.",zijn,6000,6004,I-stative_event,O,O,O
De_gedaante_verwisseling.txt,CURATION_USER,53,"Gregor schrok toen hij zijn eigen stem hoorde antwoorden, het was wel onmiskenbaar zijn vroegere stem, maar er mengde zich als van onderaf een niet te onderdrukken, pijnlijk gepiep in dat de woorden eigenlijk alleen in het eerste ogenblik hun duidelijkheid liet behouden maar ze in de naklank zo vervormde dat je niet wist of je ze wel goed had verstaan.",vroegere,6005,6013,I-stative_event,O,O,O
De_gedaante_verwisseling.txt,CURATION_USER,53,"Gregor schrok toen hij zijn eigen stem hoorde antwoorden, het was wel onmiskenbaar zijn vroegere stem, maar er mengde zich als van onderaf een niet te onderdrukken, pijnlijk gepiep in dat de woorden eigenlijk alleen in het eerste ogenblik hun duidelijkheid liet behouden maar ze in de naklank zo vervormde dat je niet wist of je ze wel goed had verstaan.",stem,6014,6018,I-stative_event,O,O,O
De_gedaante_verwisseling.txt,CURATION_USER,53,"Gregor schrok toen hij zijn eigen stem hoorde antwoorden, het was wel onmiskenbaar zijn vroegere stem, maar er mengde zich als van onderaf een niet te onderdrukken, pijnlijk gepiep in dat de woorden eigenlijk alleen in het eerste ogenblik hun duidelijkheid liet behouden maar ze in de naklank zo vervormde dat je niet wist of je ze wel goed had verstaan.",",",6018,6019,O,O,O,O
De_gedaante_verwisseling.txt,CURATION_USER,53,"Gregor schrok toen hij zijn eigen stem hoorde antwoorden, het was wel onmiskenbaar zijn vroegere stem, maar er mengde zich als van onderaf een niet te onderdrukken, pijnlijk gepiep in dat de woorden eigenlijk alleen in het eerste ogenblik hun duidelijkheid liet behouden maar ze in de naklank zo vervormde dat je niet wist of je ze wel goed had verstaan.",maar,6020,6024,B-process,O,O,O
De_gedaante_verwisseling.txt,CURATION_USER,53,"Gregor schrok toen hij zijn eigen stem hoorde antwoorden, het was wel onmiskenbaar zijn vroegere stem, maar er mengde zich als van onderaf een niet te onderdrukken, pijnlijk gepiep in dat de woorden eigenlijk alleen in het eerste ogenblik hun duidelijkheid liet behouden maar ze in de naklank zo vervormde dat je niet wist of je ze wel goed had verstaan.",er,6025,6027,I-process,O,O,O
De_gedaante_verwisseling.txt,CURATION_USER,53,"Gregor schrok toen hij zijn eigen stem hoorde antwoorden, het was wel onmiskenbaar zijn vroegere stem, maar er mengde zich als van onderaf een niet te onderdrukken, pijnlijk gepiep in dat de woorden eigenlijk alleen in het eerste ogenblik hun duidelijkheid liet behouden maar ze in de naklank zo vervormde dat je niet wist of je ze wel goed had verstaan.",mengde,6028,6034,I-process,O,O,O
De_gedaante_verwisseling.txt,CURATION_USER,53,"Gregor schrok toen hij zijn eigen stem hoorde antwoorden, het was wel onmiskenbaar zijn vroegere stem, maar er mengde zich als van onderaf een niet te onderdrukken, pijnlijk gepiep in dat de woorden eigenlijk alleen in het eerste ogenblik hun duidelijkheid liet behouden maar ze in de naklank zo vervormde dat je niet wist of je ze wel goed had verstaan.",zich,6035,6039,I-process,O,O,O
De_gedaante_verwisseling.txt,CURATION_USER,53,"Gregor schrok toen hij zijn eigen stem hoorde antwoorden, het was wel onmiskenbaar zijn vroegere stem, maar er mengde zich als van onderaf een niet te onderdrukken, pijnlijk gepiep in dat de woorden eigenlijk alleen in het eerste ogenblik hun duidelijkheid liet behouden maar ze in de naklank zo vervormde dat je niet wist of je ze wel goed had verstaan.",als,6040,6043,I-process,O,O,O
De_gedaante_verwisseling.txt,CURATION_USER,53,"Gregor schrok toen hij zijn eigen stem hoorde antwoorden, het was wel onmiskenbaar zijn vroegere stem, maar er mengde zich als van onderaf een niet te onderdrukken, pijnlijk gepiep in dat de woorden eigenlijk alleen in het eerste ogenblik hun duidelijkheid liet behouden maar ze in de naklank zo vervormde dat je niet wist of je ze wel goed had verstaan.",van,6044,6047,I-process,O,O,O
De_gedaante_verwisseling.txt,CURATION_USER,53,"Gregor schrok toen hij zijn eigen stem hoorde antwoorden, het was wel onmiskenbaar zijn vroegere stem, maar er mengde zich als van onderaf een niet te onderdrukken, pijnlijk gepiep in dat de woorden eigenlijk alleen in het eerste ogenblik hun duidelijkheid liet behouden maar ze in de naklank zo vervormde dat je niet wist of je ze wel goed had verstaan.",onderaf,6048,6055,I-process,O,O,O
De_gedaante_verwisseling.txt,CURATION_USER,53,"Gregor schrok toen hij zijn eigen stem hoorde antwoorden, het was wel onmiskenbaar zijn vroegere stem, maar er mengde zich als van onderaf een niet te onderdrukken, pijnlijk gepiep in dat de woorden eigenlijk alleen in het eerste ogenblik hun duidelijkheid liet behouden maar ze in de naklank zo vervormde dat je niet wist of je ze wel goed had verstaan.",een,6056,6059,I-process,O,O,O
De_gedaante_verwisseling.txt,CURATION_USER,53,"Gregor schrok toen hij zijn eigen stem hoorde antwoorden, het was wel onmiskenbaar zijn vroegere stem, maar er mengde zich als van onderaf een niet te onderdrukken, pijnlijk gepiep in dat de woorden eigenlijk alleen in het eerste ogenblik hun duidelijkheid liet behouden maar ze in de naklank zo vervormde dat je niet wist of je ze wel goed had verstaan.",niet,6060,6064,I-process,O,O,O
De_gedaante_verwisseling.txt,CURATION_USER,53,"Gregor schrok toen hij zijn eigen stem hoorde antwoorden, het was wel onmiskenbaar zijn vroegere stem, maar er mengde zich als van onderaf een niet te onderdrukken, pijnlijk gepiep in dat de woorden eigenlijk alleen in het eerste ogenblik hun duidelijkheid liet behouden maar ze in de naklank zo vervormde dat je niet wist of je ze wel goed had verstaan.",te,6065,6067,I-process,O,O,O
De_gedaante_verwisseling.txt,CURATION_USER,53,"Gregor schrok toen hij zijn eigen stem hoorde antwoorden, het was wel onmiskenbaar zijn vroegere stem, maar er mengde zich als van onderaf een niet te onderdrukken, pijnlijk gepiep in dat de woorden eigenlijk alleen in het eerste ogenblik hun duidelijkheid liet behouden maar ze in de naklank zo vervormde dat je niet wist of je ze wel goed had verstaan.",onderdrukken,6068,6080,I-process,O,O,O
De_gedaante_verwisseling.txt,CURATION_USER,53,"Gregor schrok toen hij zijn eigen stem hoorde antwoorden, het was wel onmiskenbaar zijn vroegere stem, maar er mengde zich als van onderaf een niet te onderdrukken, pijnlijk gepiep in dat de woorden eigenlijk alleen in het eerste ogenblik hun duidelijkheid liet behouden maar ze in de naklank zo vervormde dat je niet wist of je ze wel goed had verstaan.",",",6080,6081,I-process,O,O,O
De_gedaante_verwisseling.txt,CURATION_USER,53,"Gregor schrok toen hij zijn eigen stem hoorde antwoorden, het was wel onmiskenbaar zijn vroegere stem, maar er mengde zich als van onderaf een niet te onderdrukken, pijnlijk gepiep in dat de woorden eigenlijk alleen in het eerste ogenblik hun duidelijkheid liet behouden maar ze in de naklank zo vervormde dat je niet wist of je ze wel goed had verstaan.",pijnlijk,6082,6090,I-process,O,O,O
De_gedaante_verwisseling.txt,CURATION_USER,53,"Gregor schrok toen hij zijn eigen stem hoorde antwoorden, het was wel onmiskenbaar zijn vroegere stem, maar er mengde zich als van onderaf een niet te onderdrukken, pijnlijk gepiep in dat de woorden eigenlijk alleen in het eerste ogenblik hun duidelijkheid liet behouden maar ze in de naklank zo vervormde dat je niet wist of je ze wel goed had verstaan.",gepiep,6091,6097,I-process,O,O,O
De_gedaante_verwisseling.txt,CURATION_USER,53,"Gregor schrok toen hij zijn eigen stem hoorde antwoorden, het was wel onmiskenbaar zijn vroegere stem, maar er mengde zich als van onderaf een niet te onderdrukken, pijnlijk gepiep in dat de woorden eigenlijk alleen in het eerste ogenblik hun duidelijkheid liet behouden maar ze in de naklank zo vervormde dat je niet wist of je ze wel goed had verstaan.",in,6098,6100,I-process,O,O,O
De_gedaante_verwisseling.txt,CURATION_USER,53,"Gregor schrok toen hij zijn eigen stem hoorde antwoorden, het was wel onmiskenbaar zijn vroegere stem, maar er mengde zich als van onderaf een niet te onderdrukken, pijnlijk gepiep in dat de woorden eigenlijk alleen in het eerste ogenblik hun duidelijkheid liet behouden maar ze in de naklank zo vervormde dat je niet wist of je ze wel goed had verstaan.",dat,6101,6104,B-process,O,O,O
De_gedaante_verwisseling.txt,CURATION_USER,53,"Gregor schrok toen hij zijn eigen stem hoorde antwoorden, het was wel onmiskenbaar zijn vroegere stem, maar er mengde zich als van onderaf een niet te onderdrukken, pijnlijk gepiep in dat de woorden eigenlijk alleen in het eerste ogenblik hun duidelijkheid liet behouden maar ze in de naklank zo vervormde dat je niet wist of je ze wel goed had verstaan.",de,6105,6107,I-process,O,O,O
De_gedaante_verwisseling.txt,CURATION_USER,53,"Gregor schrok toen hij zijn eigen stem hoorde antwoorden, het was wel onmiskenbaar zijn vroegere stem, maar er mengde zich als van onderaf een niet te onderdrukken, pijnlijk gepiep in dat de woorden eigenlijk alleen in het eerste ogenblik hun duidelijkheid liet behouden maar ze in de naklank zo vervormde dat je niet wist of je ze wel goed had verstaan.",woorden,6108,6115,I-process,O,O,O
De_gedaante_verwisseling.txt,CURATION_USER,53,"Gregor schrok toen hij zijn eigen stem hoorde antwoorden, het was wel onmiskenbaar zijn vroegere stem, maar er mengde zich als van onderaf een niet te onderdrukken, pijnlijk gepiep in dat de woorden eigenlijk alleen in het eerste ogenblik hun duidelijkheid liet behouden maar ze in de naklank zo vervormde dat je niet wist of je ze wel goed had verstaan.",eigenlijk,6116,6125,I-process,O,O,O
De_gedaante_verwisseling.txt,CURATION_USER,53,"Gregor schrok toen hij zijn eigen stem hoorde antwoorden, het was wel onmiskenbaar zijn vroegere stem, maar er mengde zich als van onderaf een niet te onderdrukken, pijnlijk gepiep in dat de woorden eigenlijk alleen in het eerste ogenblik hun duidelijkheid liet behouden maar ze in de naklank zo vervormde dat je niet wist of je ze wel goed had verstaan.",alleen,6126,6132,I-process,O,O,O
De_gedaante_verwisseling.txt,CURATION_USER,53,"Gregor schrok toen hij zijn eigen stem hoorde antwoorden, het was wel onmiskenbaar zijn vroegere stem, maar er mengde zich als van onderaf een niet te onderdrukken, pijnlijk gepiep in dat de woorden eigenlijk alleen in het eerste ogenblik hun duidelijkheid liet behouden maar ze in de naklank zo vervormde dat je niet wist of je ze wel goed had verstaan.",in,6133,6135,I-process,O,O,O
De_gedaante_verwisseling.txt,CURATION_USER,53,"Gregor schrok toen hij zijn eigen stem hoorde antwoorden, het was wel onmiskenbaar zijn vroegere stem, maar er mengde zich als van onderaf een niet te onderdrukken, pijnlijk gepiep in dat de woorden eigenlijk alleen in het eerste ogenblik hun duidelijkheid liet behouden maar ze in de naklank zo vervormde dat je niet wist of je ze wel goed had verstaan.",het,6136,6139,I-process,O,O,O
De_gedaante_verwisseling.txt,CURATION_USER,53,"Gregor schrok toen hij zijn eigen stem hoorde antwoorden, het was wel onmiskenbaar zijn vroegere stem, maar er mengde zich als van onderaf een niet te onderdrukken, pijnlijk gepiep in dat de woorden eigenlijk alleen in het eerste ogenblik hun duidelijkheid liet behouden maar ze in de naklank zo vervormde dat je niet wist of je ze wel goed had verstaan.",eerste,6140,6146,I-process,O,O,O
De_gedaante_verwisseling.txt,CURATION_USER,53,"Gregor schrok toen hij zijn eigen stem hoorde antwoorden, het was wel onmiskenbaar zijn vroegere stem, maar er mengde zich als van onderaf een niet te onderdrukken, pijnlijk gepiep in dat de woorden eigenlijk alleen in het eerste ogenblik hun duidelijkheid liet behouden maar ze in de naklank zo vervormde dat je niet wist of je ze wel goed had verstaan.",ogenblik,6147,6155,I-process,O,O,O
De_gedaante_verwisseling.txt,CURATION_USER,53,"Gregor schrok toen hij zijn eigen stem hoorde antwoorden, het was wel onmiskenbaar zijn vroegere stem, maar er mengde zich als van onderaf een niet te onderdrukken, pijnlijk gepiep in dat de woorden eigenlijk alleen in het eerste ogenblik hun duidelijkheid liet behouden maar ze in de naklank zo vervormde dat je niet wist of je ze wel goed had verstaan.",hun,6156,6159,I-process,O,O,O
De_gedaante_verwisseling.txt,CURATION_USER,53,"Gregor schrok toen hij zijn eigen stem hoorde antwoorden, het was wel onmiskenbaar zijn vroegere stem, maar er mengde zich als van onderaf een niet te onderdrukken, pijnlijk gepiep in dat de woorden eigenlijk alleen in het eerste ogenblik hun duidelijkheid liet behouden maar ze in de naklank zo vervormde dat je niet wist of je ze wel goed had verstaan.",duidelijkheid,6160,6173,I-process,O,O,O
De_gedaante_verwisseling.txt,CURATION_USER,53,"Gregor schrok toen hij zijn eigen stem hoorde antwoorden, het was wel onmiskenbaar zijn vroegere stem, maar er mengde zich als van onderaf een niet te onderdrukken, pijnlijk gepiep in dat de woorden eigenlijk alleen in het eerste ogenblik hun duidelijkheid liet behouden maar ze in de naklank zo vervormde dat je niet wist of je ze wel goed had verstaan.",liet,6174,6178,I-process,O,O,O
De_gedaante_verwisseling.txt,CURATION_USER,53,"Gregor schrok toen hij zijn eigen stem hoorde antwoorden, het was wel onmiskenbaar zijn vroegere stem, maar er mengde zich als van onderaf een niet te onderdrukken, pijnlijk gepiep in dat de woorden eigenlijk alleen in het eerste ogenblik hun duidelijkheid liet behouden maar ze in de naklank zo vervormde dat je niet wist of je ze wel goed had verstaan.",behouden,6179,6187,I-process,O,O,O
De_gedaante_verwisseling.txt,CURATION_USER,53,"Gregor schrok toen hij zijn eigen stem hoorde antwoorden, het was wel onmiskenbaar zijn vroegere stem, maar er mengde zich als van onderaf een niet te onderdrukken, pijnlijk gepiep in dat de woorden eigenlijk alleen in het eerste ogenblik hun duidelijkheid liet behouden maar ze in de naklank zo vervormde dat je niet wist of je ze wel goed had verstaan.",maar,6188,6192,B-process,O,O,O
De_gedaante_verwisseling.txt,CURATION_USER,53,"Gregor schrok toen hij zijn eigen stem hoorde antwoorden, het was wel onmiskenbaar zijn vroegere stem, maar er mengde zich als van onderaf een niet te onderdrukken, pijnlijk gepiep in dat de woorden eigenlijk alleen in het eerste ogenblik hun duidelijkheid liet behouden maar ze in de naklank zo vervormde dat je niet wist of je ze wel goed had verstaan.",ze,6193,6195,I-process,O,O,O
De_gedaante_verwisseling.txt,CURATION_USER,53,"Gregor schrok toen hij zijn eigen stem hoorde antwoorden, het was wel onmiskenbaar zijn vroegere stem, maar er mengde zich als van onderaf een niet te onderdrukken, pijnlijk gepiep in dat de woorden eigenlijk alleen in het eerste ogenblik hun duidelijkheid liet behouden maar ze in de naklank zo vervormde dat je niet wist of je ze wel goed had verstaan.",in,6196,6198,I-process,O,O,O
De_gedaante_verwisseling.txt,CURATION_USER,53,"Gregor schrok toen hij zijn eigen stem hoorde antwoorden, het was wel onmiskenbaar zijn vroegere stem, maar er mengde zich als van onderaf een niet te onderdrukken, pijnlijk gepiep in dat de woorden eigenlijk alleen in het eerste ogenblik hun duidelijkheid liet behouden maar ze in de naklank zo vervormde dat je niet wist of je ze wel goed had verstaan.",de,6199,6201,I-process,O,O,O
De_gedaante_verwisseling.txt,CURATION_USER,53,"Gregor schrok toen hij zijn eigen stem hoorde antwoorden, het was wel onmiskenbaar zijn vroegere stem, maar er mengde zich als van onderaf een niet te onderdrukken, pijnlijk gepiep in dat de woorden eigenlijk alleen in het eerste ogenblik hun duidelijkheid liet behouden maar ze in de naklank zo vervormde dat je niet wist of je ze wel goed had verstaan.",naklank,6202,6209,I-process,O,O,O
De_gedaante_verwisseling.txt,CURATION_USER,53,"Gregor schrok toen hij zijn eigen stem hoorde antwoorden, het was wel onmiskenbaar zijn vroegere stem, maar er mengde zich als van onderaf een niet te onderdrukken, pijnlijk gepiep in dat de woorden eigenlijk alleen in het eerste ogenblik hun duidelijkheid liet behouden maar ze in de naklank zo vervormde dat je niet wist of je ze wel goed had verstaan.",zo,6210,6212,I-process,O,O,O
De_gedaante_verwisseling.txt,CURATION_USER,53,"Gregor schrok toen hij zijn eigen stem hoorde antwoorden, het was wel onmiskenbaar zijn vroegere stem, maar er mengde zich als van onderaf een niet te onderdrukken, pijnlijk gepiep in dat de woorden eigenlijk alleen in het eerste ogenblik hun duidelijkheid liet behouden maar ze in de naklank zo vervormde dat je niet wist of je ze wel goed had verstaan.",vervormde,6213,6222,I-process,O,O,O
De_gedaante_verwisseling.txt,CURATION_USER,53,"Gregor schrok toen hij zijn eigen stem hoorde antwoorden, het was wel onmiskenbaar zijn vroegere stem, maar er mengde zich als van onderaf een niet te onderdrukken, pijnlijk gepiep in dat de woorden eigenlijk alleen in het eerste ogenblik hun duidelijkheid liet behouden maar ze in de naklank zo vervormde dat je niet wist of je ze wel goed had verstaan.",dat,6223,6226,B-non_event,O,O,O
De_gedaante_verwisseling.txt,CURATION_USER,53,"Gregor schrok toen hij zijn eigen stem hoorde antwoorden, het was wel onmiskenbaar zijn vroegere stem, maar er mengde zich als van onderaf een niet te onderdrukken, pijnlijk gepiep in dat de woorden eigenlijk alleen in het eerste ogenblik hun duidelijkheid liet behouden maar ze in de naklank zo vervormde dat je niet wist of je ze wel goed had verstaan.",je,6227,6229,I-non_event,O,O,O
De_gedaante_verwisseling.txt,CURATION_USER,53,"Gregor schrok toen hij zijn eigen stem hoorde antwoorden, het was wel onmiskenbaar zijn vroegere stem, maar er mengde zich als van onderaf een niet te onderdrukken, pijnlijk gepiep in dat de woorden eigenlijk alleen in het eerste ogenblik hun duidelijkheid liet behouden maar ze in de naklank zo vervormde dat je niet wist of je ze wel goed had verstaan.",niet,6230,6234,I-non_event,O,O,O
De_gedaante_verwisseling.txt,CURATION_USER,53,"Gregor schrok toen hij zijn eigen stem hoorde antwoorden, het was wel onmiskenbaar zijn vroegere stem, maar er mengde zich als van onderaf een niet te onderdrukken, pijnlijk gepiep in dat de woorden eigenlijk alleen in het eerste ogenblik hun duidelijkheid liet behouden maar ze in de naklank zo vervormde dat je niet wist of je ze wel goed had verstaan.",wist,6235,6239,I-non_event,O,O,O
De_gedaante_verwisseling.txt,CURATION_USER,53,"Gregor schrok toen hij zijn eigen stem hoorde antwoorden, het was wel onmiskenbaar zijn vroegere stem, maar er mengde zich als van onderaf een niet te onderdrukken, pijnlijk gepiep in dat de woorden eigenlijk alleen in het eerste ogenblik hun duidelijkheid liet behouden maar ze in de naklank zo vervormde dat je niet wist of je ze wel goed had verstaan.",of,6240,6242,B-process,O,O,O
De_gedaante_verwisseling.txt,CURATION_USER,53,"Gregor schrok toen hij zijn eigen stem hoorde antwoorden, het was wel onmiskenbaar zijn vroegere stem, maar er mengde zich als van onderaf een niet te onderdrukken, pijnlijk gepiep in dat de woorden eigenlijk alleen in het eerste ogenblik hun duidelijkheid liet behouden maar ze in de naklank zo vervormde dat je niet wist of je ze wel goed had verstaan.",je,6243,6245,I-process,O,O,O
De_gedaante_verwisseling.txt,CURATION_USER,53,"Gregor schrok toen hij zijn eigen stem hoorde antwoorden, het was wel onmiskenbaar zijn vroegere stem, maar er mengde zich als van onderaf een niet te onderdrukken, pijnlijk gepiep in dat de woorden eigenlijk alleen in het eerste ogenblik hun duidelijkheid liet behouden maar ze in de naklank zo vervormde dat je niet wist of je ze wel goed had verstaan.",ze,6246,6248,I-process,O,O,O
De_gedaante_verwisseling.txt,CURATION_USER,53,"Gregor schrok toen hij zijn eigen stem hoorde antwoorden, het was wel onmiskenbaar zijn vroegere stem, maar er mengde zich als van onderaf een niet te onderdrukken, pijnlijk gepiep in dat de woorden eigenlijk alleen in het eerste ogenblik hun duidelijkheid liet behouden maar ze in de naklank zo vervormde dat je niet wist of je ze wel goed had verstaan.",wel,6249,6252,I-process,O,O,O
De_gedaante_verwisseling.txt,CURATION_USER,53,"Gregor schrok toen hij zijn eigen stem hoorde antwoorden, het was wel onmiskenbaar zijn vroegere stem, maar er mengde zich als van onderaf een niet te onderdrukken, pijnlijk gepiep in dat de woorden eigenlijk alleen in het eerste ogenblik hun duidelijkheid liet behouden maar ze in de naklank zo vervormde dat je niet wist of je ze wel goed had verstaan.",goed,6253,6257,I-process,O,O,O
De_gedaante_verwisseling.txt,CURATION_USER,53,"Gregor schrok toen hij zijn eigen stem hoorde antwoorden, het was wel onmiskenbaar zijn vroegere stem, maar er mengde zich als van onderaf een niet te onderdrukken, pijnlijk gepiep in dat de woorden eigenlijk alleen in het eerste ogenblik hun duidelijkheid liet behouden maar ze in de naklank zo vervormde dat je niet wist of je ze wel goed had verstaan.",had,6258,6261,I-process,O,O,O
De_gedaante_verwisseling.txt,CURATION_USER,53,"Gregor schrok toen hij zijn eigen stem hoorde antwoorden, het was wel onmiskenbaar zijn vroegere stem, maar er mengde zich als van onderaf een niet te onderdrukken, pijnlijk gepiep in dat de woorden eigenlijk alleen in het eerste ogenblik hun duidelijkheid liet behouden maar ze in de naklank zo vervormde dat je niet wist of je ze wel goed had verstaan.",verstaan,6262,6270,I-process,O,O,O
De_gedaante_verwisseling.txt,CURATION_USER,53,"Gregor schrok toen hij zijn eigen stem hoorde antwoorden, het was wel onmiskenbaar zijn vroegere stem, maar er mengde zich als van onderaf een niet te onderdrukken, pijnlijk gepiep in dat de woorden eigenlijk alleen in het eerste ogenblik hun duidelijkheid liet behouden maar ze in de naklank zo vervormde dat je niet wist of je ze wel goed had verstaan.",.,6270,6271,O,O,O,O
De_gedaante_verwisseling.txt,CURATION_USER,54,"Gregor had uitvoerig willen antwoorden om alles uit te leggen, maar beperkte zich er onder deze omstandigheden toe, te zeggen: ‘Jaja, dank u wel moeder, ik kom er al uit.’",Gregor,6272,6278,B-non_event,O,O,O
De_gedaante_verwisseling.txt,CURATION_USER,54,"Gregor had uitvoerig willen antwoorden om alles uit te leggen, maar beperkte zich er onder deze omstandigheden toe, te zeggen: ‘Jaja, dank u wel moeder, ik kom er al uit.’",had,6279,6282,I-non_event,O,O,O
De_gedaante_verwisseling.txt,CURATION_USER,54,"Gregor had uitvoerig willen antwoorden om alles uit te leggen, maar beperkte zich er onder deze omstandigheden toe, te zeggen: ‘Jaja, dank u wel moeder, ik kom er al uit.’",uitvoerig,6283,6292,I-non_event,O,O,O
De_gedaante_verwisseling.txt,CURATION_USER,54,"Gregor had uitvoerig willen antwoorden om alles uit te leggen, maar beperkte zich er onder deze omstandigheden toe, te zeggen: ‘Jaja, dank u wel moeder, ik kom er al uit.’",willen,6293,6299,I-non_event,O,O,O
De_gedaante_verwisseling.txt,CURATION_USER,54,"Gregor had uitvoerig willen antwoorden om alles uit te leggen, maar beperkte zich er onder deze omstandigheden toe, te zeggen: ‘Jaja, dank u wel moeder, ik kom er al uit.’",antwoorden,6300,6310,I-non_event,O,O,O
De_gedaante_verwisseling.txt,CURATION_USER,54,"Gregor had uitvoerig willen antwoorden om alles uit te leggen, maar beperkte zich er onder deze omstandigheden toe, te zeggen: ‘Jaja, dank u wel moeder, ik kom er al uit.’",om,6311,6313,I-non_event,O,O,O
De_gedaante_verwisseling.txt,CURATION_USER,54,"Gregor had uitvoerig willen antwoorden om alles uit te leggen, maar beperkte zich er onder deze omstandigheden toe, te zeggen: ‘Jaja, dank u wel moeder, ik kom er al uit.’",alles,6314,6319,I-non_event,O,O,O
De_gedaante_verwisseling.txt,CURATION_USER,54,"Gregor had uitvoerig willen antwoorden om alles uit te leggen, maar beperkte zich er onder deze omstandigheden toe, te zeggen: ‘Jaja, dank u wel moeder, ik kom er al uit.’",uit,6320,6323,I-non_event,O,O,O
De_gedaante_verwisseling.txt,CURATION_USER,54,"Gregor had uitvoerig willen antwoorden om alles uit te leggen, maar beperkte zich er onder deze omstandigheden toe, te zeggen: ‘Jaja, dank u wel moeder, ik kom er al uit.’",te,6324,6326,I-non_event,O,O,O
De_gedaante_verwisseling.txt,CURATION_USER,54,"Gregor had uitvoerig willen antwoorden om alles uit te leggen, maar beperkte zich er onder deze omstandigheden toe, te zeggen: ‘Jaja, dank u wel moeder, ik kom er al uit.’",leggen,6327,6333,I-non_event,O,O,O
De_gedaante_verwisseling.txt,CURATION_USER,54,"Gregor had uitvoerig willen antwoorden om alles uit te leggen, maar beperkte zich er onder deze omstandigheden toe, te zeggen: ‘Jaja, dank u wel moeder, ik kom er al uit.’",",",6333,6334,O,O,O,O
De_gedaante_verwisseling.txt,CURATION_USER,54,"Gregor had uitvoerig willen antwoorden om alles uit te leggen, maar beperkte zich er onder deze omstandigheden toe, te zeggen: ‘Jaja, dank u wel moeder, ik kom er al uit.’",maar,6335,6339,B-process,O,O,O
De_gedaante_verwisseling.txt,CURATION_USER,54,"Gregor had uitvoerig willen antwoorden om alles uit te leggen, maar beperkte zich er onder deze omstandigheden toe, te zeggen: ‘Jaja, dank u wel moeder, ik kom er al uit.’",beperkte,6340,6348,I-process,O,O,O
De_gedaante_verwisseling.txt,CURATION_USER,54,"Gregor had uitvoerig willen antwoorden om alles uit te leggen, maar beperkte zich er onder deze omstandigheden toe, te zeggen: ‘Jaja, dank u wel moeder, ik kom er al uit.’",zich,6349,6353,I-process,O,O,O
De_gedaante_verwisseling.txt,CURATION_USER,54,"Gregor had uitvoerig willen antwoorden om alles uit te leggen, maar beperkte zich er onder deze omstandigheden toe, te zeggen: ‘Jaja, dank u wel moeder, ik kom er al uit.’",er,6354,6356,I-process,O,O,O
De_gedaante_verwisseling.txt,CURATION_USER,54,"Gregor had uitvoerig willen antwoorden om alles uit te leggen, maar beperkte zich er onder deze omstandigheden toe, te zeggen: ‘Jaja, dank u wel moeder, ik kom er al uit.’",onder,6357,6362,I-process,O,O,O
De_gedaante_verwisseling.txt,CURATION_USER,54,"Gregor had uitvoerig willen antwoorden om alles uit te leggen, maar beperkte zich er onder deze omstandigheden toe, te zeggen: ‘Jaja, dank u wel moeder, ik kom er al uit.’",deze,6363,6367,I-process,O,O,O
De_gedaante_verwisseling.txt,CURATION_USER,54,"Gregor had uitvoerig willen antwoorden om alles uit te leggen, maar beperkte zich er onder deze omstandigheden toe, te zeggen: ‘Jaja, dank u wel moeder, ik kom er al uit.’",omstandigheden,6368,6382,I-process,O,O,O
De_gedaante_verwisseling.txt,CURATION_USER,54,"Gregor had uitvoerig willen antwoorden om alles uit te leggen, maar beperkte zich er onder deze omstandigheden toe, te zeggen: ‘Jaja, dank u wel moeder, ik kom er al uit.’",toe,6383,6386,I-process,O,O,O
De_gedaante_verwisseling.txt,CURATION_USER,54,"Gregor had uitvoerig willen antwoorden om alles uit te leggen, maar beperkte zich er onder deze omstandigheden toe, te zeggen: ‘Jaja, dank u wel moeder, ik kom er al uit.’",",",6386,6387,I-process,O,O,O
De_gedaante_verwisseling.txt,CURATION_USER,54,"Gregor had uitvoerig willen antwoorden om alles uit te leggen, maar beperkte zich er onder deze omstandigheden toe, te zeggen: ‘Jaja, dank u wel moeder, ik kom er al uit.’",te,6388,6390,I-process,O,O,O
De_gedaante_verwisseling.txt,CURATION_USER,54,"Gregor had uitvoerig willen antwoorden om alles uit te leggen, maar beperkte zich er onder deze omstandigheden toe, te zeggen: ‘Jaja, dank u wel moeder, ik kom er al uit.’",zeggen,6391,6397,I-process,O,O,O
De_gedaante_verwisseling.txt,CURATION_USER,54,"Gregor had uitvoerig willen antwoorden om alles uit te leggen, maar beperkte zich er onder deze omstandigheden toe, te zeggen: ‘Jaja, dank u wel moeder, ik kom er al uit.’",:,6397,6398,O,O,O,O
De_gedaante_verwisseling.txt,CURATION_USER,54,"Gregor had uitvoerig willen antwoorden om alles uit te leggen, maar beperkte zich er onder deze omstandigheden toe, te zeggen: ‘Jaja, dank u wel moeder, ik kom er al uit.’",‘,6399,6400,O,O,O,O
De_gedaante_verwisseling.txt,CURATION_USER,54,"Gregor had uitvoerig willen antwoorden om alles uit te leggen, maar beperkte zich er onder deze omstandigheden toe, te zeggen: ‘Jaja, dank u wel moeder, ik kom er al uit.’",Jaja,6400,6404,O,O,O,O
De_gedaante_verwisseling.txt,CURATION_USER,54,"Gregor had uitvoerig willen antwoorden om alles uit te leggen, maar beperkte zich er onder deze omstandigheden toe, te zeggen: ‘Jaja, dank u wel moeder, ik kom er al uit.’",",",6404,6405,O,O,O,O
De_gedaante_verwisseling.txt,CURATION_USER,54,"Gregor had uitvoerig willen antwoorden om alles uit te leggen, maar beperkte zich er onder deze omstandigheden toe, te zeggen: ‘Jaja, dank u wel moeder, ik kom er al uit.’",dank,6406,6410,O,O,O,O
De_gedaante_verwisseling.txt,CURATION_USER,54,"Gregor had uitvoerig willen antwoorden om alles uit te leggen, maar beperkte zich er onder deze omstandigheden toe, te zeggen: ‘Jaja, dank u wel moeder, ik kom er al uit.’",u,6411,6412,O,O,O,O
De_gedaante_verwisseling.txt,CURATION_USER,54,"Gregor had uitvoerig willen antwoorden om alles uit te leggen, maar beperkte zich er onder deze omstandigheden toe, te zeggen: ‘Jaja, dank u wel moeder, ik kom er al uit.’",wel,6413,6416,O,O,O,O
De_gedaante_verwisseling.txt,CURATION_USER,54,"Gregor had uitvoerig willen antwoorden om alles uit te leggen, maar beperkte zich er onder deze omstandigheden toe, te zeggen: ‘Jaja, dank u wel moeder, ik kom er al uit.’",moeder,6417,6423,O,O,O,O
De_gedaante_verwisseling.txt,CURATION_USER,54,"Gregor had uitvoerig willen antwoorden om alles uit te leggen, maar beperkte zich er onder deze omstandigheden toe, te zeggen: ‘Jaja, dank u wel moeder, ik kom er al uit.’",",",6423,6424,O,O,O,O
De_gedaante_verwisseling.txt,CURATION_USER,54,"Gregor had uitvoerig willen antwoorden om alles uit te leggen, maar beperkte zich er onder deze omstandigheden toe, te zeggen: ‘Jaja, dank u wel moeder, ik kom er al uit.’",ik,6425,6427,B-process,O,B-Direct speech,O
De_gedaante_verwisseling.txt,CURATION_USER,54,"Gregor had uitvoerig willen antwoorden om alles uit te leggen, maar beperkte zich er onder deze omstandigheden toe, te zeggen: ‘Jaja, dank u wel moeder, ik kom er al uit.’",kom,6428,6431,I-process,O,I-Direct speech,O
De_gedaante_verwisseling.txt,CURATION_USER,54,"Gregor had uitvoerig willen antwoorden om alles uit te leggen, maar beperkte zich er onder deze omstandigheden toe, te zeggen: ‘Jaja, dank u wel moeder, ik kom er al uit.’",er,6432,6434,I-process,O,I-Direct speech,O
De_gedaante_verwisseling.txt,CURATION_USER,54,"Gregor had uitvoerig willen antwoorden om alles uit te leggen, maar beperkte zich er onder deze omstandigheden toe, te zeggen: ‘Jaja, dank u wel moeder, ik kom er al uit.’",al,6435,6437,I-process,O,I-Direct speech,O
De_gedaante_verwisseling.txt,CURATION_USER,54,"Gregor had uitvoerig willen antwoorden om alles uit te leggen, maar beperkte zich er onder deze omstandigheden toe, te zeggen: ‘Jaja, dank u wel moeder, ik kom er al uit.’",uit,6438,6441,I-process,O,I-Direct speech,O
De_gedaante_verwisseling.txt,CURATION_USER,54,"Gregor had uitvoerig willen antwoorden om alles uit te leggen, maar beperkte zich er onder deze omstandigheden toe, te zeggen: ‘Jaja, dank u wel moeder, ik kom er al uit.’",.,6441,6442,O,O,O,O
De_gedaante_verwisseling.txt,CURATION_USER,54,"Gregor had uitvoerig willen antwoorden om alles uit te leggen, maar beperkte zich er onder deze omstandigheden toe, te zeggen: ‘Jaja, dank u wel moeder, ik kom er al uit.’",’,6442,6443,O,O,O,O
De_gedaante_verwisseling.txt,CURATION_USER,55,"Door de houten deur heen was de verandering in Gregors stem aan de andere kant waarschijnlijk niet te merken, want zijn moeder was door deze verklaring gerustgesteld en slofte weg.",Door,6444,6448,B-non_event,O,O,O
De_gedaante_verwisseling.txt,CURATION_USER,55,"Door de houten deur heen was de verandering in Gregors stem aan de andere kant waarschijnlijk niet te merken, want zijn moeder was door deze verklaring gerustgesteld en slofte weg.",de,6449,6451,I-non_event,O,O,O
De_gedaante_verwisseling.txt,CURATION_USER,55,"Door de houten deur heen was de verandering in Gregors stem aan de andere kant waarschijnlijk niet te merken, want zijn moeder was door deze verklaring gerustgesteld en slofte weg.",houten,6452,6458,I-non_event,O,O,O
De_gedaante_verwisseling.txt,CURATION_USER,55,"Door de houten deur heen was de verandering in Gregors stem aan de andere kant waarschijnlijk niet te merken, want zijn moeder was door deze verklaring gerustgesteld en slofte weg.",deur,6459,6463,I-non_event,O,O,O
De_gedaante_verwisseling.txt,CURATION_USER,55,"Door de houten deur heen was de verandering in Gregors stem aan de andere kant waarschijnlijk niet te merken, want zijn moeder was door deze verklaring gerustgesteld en slofte weg.",heen,6464,6468,I-non_event,O,O,O
De_gedaante_verwisseling.txt,CURATION_USER,55,"Door de houten deur heen was de verandering in Gregors stem aan de andere kant waarschijnlijk niet te merken, want zijn moeder was door deze verklaring gerustgesteld en slofte weg.",was,6469,6472,I-non_event,O,O,O
De_gedaante_verwisseling.txt,CURATION_USER,55,"Door de houten deur heen was de verandering in Gregors stem aan de andere kant waarschijnlijk niet te merken, want zijn moeder was door deze verklaring gerustgesteld en slofte weg.",de,6473,6475,I-non_event,O,O,O
De_gedaante_verwisseling.txt,CURATION_USER,55,"Door de houten deur heen was de verandering in Gregors stem aan de andere kant waarschijnlijk niet te merken, want zijn moeder was door deze verklaring gerustgesteld en slofte weg.",verandering,6476,6487,I-non_event,O,O,O
De_gedaante_verwisseling.txt,CURATION_USER,55,"Door de houten deur heen was de verandering in Gregors stem aan de andere kant waarschijnlijk niet te merken, want zijn moeder was door deze verklaring gerustgesteld en slofte weg.",in,6488,6490,I-non_event,O,O,O
De_gedaante_verwisseling.txt,CURATION_USER,55,"Door de houten deur heen was de verandering in Gregors stem aan de andere kant waarschijnlijk niet te merken, want zijn moeder was door deze verklaring gerustgesteld en slofte weg.",Gregors,6491,6498,I-non_event,O,O,O
De_gedaante_verwisseling.txt,CURATION_USER,55,"Door de houten deur heen was de verandering in Gregors stem aan de andere kant waarschijnlijk niet te merken, want zijn moeder was door deze verklaring gerustgesteld en slofte weg.",stem,6499,6503,I-non_event,O,O,O
De_gedaante_verwisseling.txt,CURATION_USER,55,"Door de houten deur heen was de verandering in Gregors stem aan de andere kant waarschijnlijk niet te merken, want zijn moeder was door deze verklaring gerustgesteld en slofte weg.",aan,6504,6507,I-non_event,O,O,O
De_gedaante_verwisseling.txt,CURATION_USER,55,"Door de houten deur heen was de verandering in Gregors stem aan de andere kant waarschijnlijk niet te merken, want zijn moeder was door deze verklaring gerustgesteld en slofte weg.",de,6508,6510,I-non_event,O,O,O
De_gedaante_verwisseling.txt,CURATION_USER,55,"Door de houten deur heen was de verandering in Gregors stem aan de andere kant waarschijnlijk niet te merken, want zijn moeder was door deze verklaring gerustgesteld en slofte weg.",andere,6511,6517,I-non_event,O,O,O
De_gedaante_verwisseling.txt,CURATION_USER,55,"Door de houten deur heen was de verandering in Gregors stem aan de andere kant waarschijnlijk niet te merken, want zijn moeder was door deze verklaring gerustgesteld en slofte weg.",kant,6518,6522,I-non_event,O,O,O
De_gedaante_verwisseling.txt,CURATION_USER,55,"Door de houten deur heen was de verandering in Gregors stem aan de andere kant waarschijnlijk niet te merken, want zijn moeder was door deze verklaring gerustgesteld en slofte weg.",waarschijnlijk,6523,6537,I-non_event,O,O,O
De_gedaante_verwisseling.txt,CURATION_USER,55,"Door de houten deur heen was de verandering in Gregors stem aan de andere kant waarschijnlijk niet te merken, want zijn moeder was door deze verklaring gerustgesteld en slofte weg.",niet,6538,6542,I-non_event,O,O,O
De_gedaante_verwisseling.txt,CURATION_USER,55,"Door de houten deur heen was de verandering in Gregors stem aan de andere kant waarschijnlijk niet te merken, want zijn moeder was door deze verklaring gerustgesteld en slofte weg.",te,6543,6545,I-non_event,O,O,O
De_gedaante_verwisseling.txt,CURATION_USER,55,"Door de houten deur heen was de verandering in Gregors stem aan de andere kant waarschijnlijk niet te merken, want zijn moeder was door deze verklaring gerustgesteld en slofte weg.",merken,6546,6552,I-non_event,O,O,O
De_gedaante_verwisseling.txt,CURATION_USER,55,"Door de houten deur heen was de verandering in Gregors stem aan de andere kant waarschijnlijk niet te merken, want zijn moeder was door deze verklaring gerustgesteld en slofte weg.",",",6552,6553,O,O,O,O
De_gedaante_verwisseling.txt,CURATION_USER,55,"Door de houten deur heen was de verandering in Gregors stem aan de andere kant waarschijnlijk niet te merken, want zijn moeder was door deze verklaring gerustgesteld en slofte weg.",want,6554,6558,B-process,O,O,O
De_gedaante_verwisseling.txt,CURATION_USER,55,"Door de houten deur heen was de verandering in Gregors stem aan de andere kant waarschijnlijk niet te merken, want zijn moeder was door deze verklaring gerustgesteld en slofte weg.",zijn,6559,6563,I-process,O,O,O
De_gedaante_verwisseling.txt,CURATION_USER,55,"Door de houten deur heen was de verandering in Gregors stem aan de andere kant waarschijnlijk niet te merken, want zijn moeder was door deze verklaring gerustgesteld en slofte weg.",moeder,6564,6570,I-process,O,O,O
De_gedaante_verwisseling.txt,CURATION_USER,55,"Door de houten deur heen was de verandering in Gregors stem aan de andere kant waarschijnlijk niet te merken, want zijn moeder was door deze verklaring gerustgesteld en slofte weg.",was,6571,6574,I-process,O,O,O
De_gedaante_verwisseling.txt,CURATION_USER,55,"Door de houten deur heen was de verandering in Gregors stem aan de andere kant waarschijnlijk niet te merken, want zijn moeder was door deze verklaring gerustgesteld en slofte weg.",door,6575,6579,I-process,O,O,O
De_gedaante_verwisseling.txt,CURATION_USER,55,"Door de houten deur heen was de verandering in Gregors stem aan de andere kant waarschijnlijk niet te merken, want zijn moeder was door deze verklaring gerustgesteld en slofte weg.",deze,6580,6584,I-process,O,O,O
De_gedaante_verwisseling.txt,CURATION_USER,55,"Door de houten deur heen was de verandering in Gregors stem aan de andere kant waarschijnlijk niet te merken, want zijn moeder was door deze verklaring gerustgesteld en slofte weg.",verklaring,6585,6595,I-process,O,O,O
De_gedaante_verwisseling.txt,CURATION_USER,55,"Door de houten deur heen was de verandering in Gregors stem aan de andere kant waarschijnlijk niet te merken, want zijn moeder was door deze verklaring gerustgesteld en slofte weg.",gerustgesteld,6596,6609,I-process,O,O,O
De_gedaante_verwisseling.txt,CURATION_USER,55,"Door de houten deur heen was de verandering in Gregors stem aan de andere kant waarschijnlijk niet te merken, want zijn moeder was door deze verklaring gerustgesteld en slofte weg.",en,6610,6612,B-process,O,O,O
De_gedaante_verwisseling.txt,CURATION_USER,55,"Door de houten deur heen was de verandering in Gregors stem aan de andere kant waarschijnlijk niet te merken, want zijn moeder was door deze verklaring gerustgesteld en slofte weg.",slofte,6613,6619,I-process,O,O,O
De_gedaante_verwisseling.txt,CURATION_USER,55,"Door de houten deur heen was de verandering in Gregors stem aan de andere kant waarschijnlijk niet te merken, want zijn moeder was door deze verklaring gerustgesteld en slofte weg.",weg,6620,6623,I-process,O,O,O
De_gedaante_verwisseling.txt,CURATION_USER,55,"Door de houten deur heen was de verandering in Gregors stem aan de andere kant waarschijnlijk niet te merken, want zijn moeder was door deze verklaring gerustgesteld en slofte weg.",.,6623,6624,O,O,O,O
De_gedaante_verwisseling.txt,CURATION_USER,56,"Maar door dit korte gesprekje waren de andere gezinsleden er opmerkzaam op gemaakt dat Gregor tegen ieders verwachting in nog thuis was, en meteen klopte aan de ene zijdeur zijn vader al, zachtjes maar met zijn vuist.",Maar,6625,6629,B-process,O,O,O
De_gedaante_verwisseling.txt,CURATION_USER,56,"Maar door dit korte gesprekje waren de andere gezinsleden er opmerkzaam op gemaakt dat Gregor tegen ieders verwachting in nog thuis was, en meteen klopte aan de ene zijdeur zijn vader al, zachtjes maar met zijn vuist.",door,6630,6634,I-process,O,O,O
De_gedaante_verwisseling.txt,CURATION_USER,56,"Maar door dit korte gesprekje waren de andere gezinsleden er opmerkzaam op gemaakt dat Gregor tegen ieders verwachting in nog thuis was, en meteen klopte aan de ene zijdeur zijn vader al, zachtjes maar met zijn vuist.",dit,6635,6638,I-process,O,O,O
De_gedaante_verwisseling.txt,CURATION_USER,56,"Maar door dit korte gesprekje waren de andere gezinsleden er opmerkzaam op gemaakt dat Gregor tegen ieders verwachting in nog thuis was, en meteen klopte aan de ene zijdeur zijn vader al, zachtjes maar met zijn vuist.",korte,6639,6644,I-process,O,O,O
De_gedaante_verwisseling.txt,CURATION_USER,56,"Maar door dit korte gesprekje waren de andere gezinsleden er opmerkzaam op gemaakt dat Gregor tegen ieders verwachting in nog thuis was, en meteen klopte aan de ene zijdeur zijn vader al, zachtjes maar met zijn vuist.",gesprekje,6645,6654,I-process,O,O,O
De_gedaante_verwisseling.txt,CURATION_USER,56,"Maar door dit korte gesprekje waren de andere gezinsleden er opmerkzaam op gemaakt dat Gregor tegen ieders verwachting in nog thuis was, en meteen klopte aan de ene zijdeur zijn vader al, zachtjes maar met zijn vuist.",waren,6655,6660,I-process,O,O,O
De_gedaante_verwisseling.txt,CURATION_USER,56,"Maar door dit korte gesprekje waren de andere gezinsleden er opmerkzaam op gemaakt dat Gregor tegen ieders verwachting in nog thuis was, en meteen klopte aan de ene zijdeur zijn vader al, zachtjes maar met zijn vuist.",de,6661,6663,I-process,O,O,O
De_gedaante_verwisseling.txt,CURATION_USER,56,"Maar door dit korte gesprekje waren de andere gezinsleden er opmerkzaam op gemaakt dat Gregor tegen ieders verwachting in nog thuis was, en meteen klopte aan de ene zijdeur zijn vader al, zachtjes maar met zijn vuist.",andere,6664,6670,I-process,O,O,O
De_gedaante_verwisseling.txt,CURATION_USER,56,"Maar door dit korte gesprekje waren de andere gezinsleden er opmerkzaam op gemaakt dat Gregor tegen ieders verwachting in nog thuis was, en meteen klopte aan de ene zijdeur zijn vader al, zachtjes maar met zijn vuist.",gezinsleden,6671,6682,I-process,O,O,O
De_gedaante_verwisseling.txt,CURATION_USER,56,"Maar door dit korte gesprekje waren de andere gezinsleden er opmerkzaam op gemaakt dat Gregor tegen ieders verwachting in nog thuis was, en meteen klopte aan de ene zijdeur zijn vader al, zachtjes maar met zijn vuist.",er,6683,6685,I-process,O,O,O
De_gedaante_verwisseling.txt,CURATION_USER,56,"Maar door dit korte gesprekje waren de andere gezinsleden er opmerkzaam op gemaakt dat Gregor tegen ieders verwachting in nog thuis was, en meteen klopte aan de ene zijdeur zijn vader al, zachtjes maar met zijn vuist.",opmerkzaam,6686,6696,I-process,O,O,O
De_gedaante_verwisseling.txt,CURATION_USER,56,"Maar door dit korte gesprekje waren de andere gezinsleden er opmerkzaam op gemaakt dat Gregor tegen ieders verwachting in nog thuis was, en meteen klopte aan de ene zijdeur zijn vader al, zachtjes maar met zijn vuist.",op,6697,6699,I-process,O,O,O
De_gedaante_verwisseling.txt,CURATION_USER,56,"Maar door dit korte gesprekje waren de andere gezinsleden er opmerkzaam op gemaakt dat Gregor tegen ieders verwachting in nog thuis was, en meteen klopte aan de ene zijdeur zijn vader al, zachtjes maar met zijn vuist.",gemaakt,6700,6707,I-process,O,O,O
De_gedaante_verwisseling.txt,CURATION_USER,56,"Maar door dit korte gesprekje waren de andere gezinsleden er opmerkzaam op gemaakt dat Gregor tegen ieders verwachting in nog thuis was, en meteen klopte aan de ene zijdeur zijn vader al, zachtjes maar met zijn vuist.",dat,6708,6711,B-stative_event,O,O,O
De_gedaante_verwisseling.txt,CURATION_USER,56,"Maar door dit korte gesprekje waren de andere gezinsleden er opmerkzaam op gemaakt dat Gregor tegen ieders verwachting in nog thuis was, en meteen klopte aan de ene zijdeur zijn vader al, zachtjes maar met zijn vuist.",Gregor,6712,6718,I-stative_event,O,O,O
De_gedaante_verwisseling.txt,CURATION_USER,56,"Maar door dit korte gesprekje waren de andere gezinsleden er opmerkzaam op gemaakt dat Gregor tegen ieders verwachting in nog thuis was, en meteen klopte aan de ene zijdeur zijn vader al, zachtjes maar met zijn vuist.",tegen,6719,6724,I-stative_event,O,O,O
De_gedaante_verwisseling.txt,CURATION_USER,56,"Maar door dit korte gesprekje waren de andere gezinsleden er opmerkzaam op gemaakt dat Gregor tegen ieders verwachting in nog thuis was, en meteen klopte aan de ene zijdeur zijn vader al, zachtjes maar met zijn vuist.",ieders,6725,6731,I-stative_event,O,O,O
De_gedaante_verwisseling.txt,CURATION_USER,56,"Maar door dit korte gesprekje waren de andere gezinsleden er opmerkzaam op gemaakt dat Gregor tegen ieders verwachting in nog thuis was, en meteen klopte aan de ene zijdeur zijn vader al, zachtjes maar met zijn vuist.",verwachting,6732,6743,I-stative_event,O,O,O
De_gedaante_verwisseling.txt,CURATION_USER,56,"Maar door dit korte gesprekje waren de andere gezinsleden er opmerkzaam op gemaakt dat Gregor tegen ieders verwachting in nog thuis was, en meteen klopte aan de ene zijdeur zijn vader al, zachtjes maar met zijn vuist.",in,6744,6746,I-stative_event,O,O,O
De_gedaante_verwisseling.txt,CURATION_USER,56,"Maar door dit korte gesprekje waren de andere gezinsleden er opmerkzaam op gemaakt dat Gregor tegen ieders verwachting in nog thuis was, en meteen klopte aan de ene zijdeur zijn vader al, zachtjes maar met zijn vuist.",nog,6747,6750,I-stative_event,O,O,O
De_gedaante_verwisseling.txt,CURATION_USER,56,"Maar door dit korte gesprekje waren de andere gezinsleden er opmerkzaam op gemaakt dat Gregor tegen ieders verwachting in nog thuis was, en meteen klopte aan de ene zijdeur zijn vader al, zachtjes maar met zijn vuist.",thuis,6751,6756,I-stative_event,O,O,O
De_gedaante_verwisseling.txt,CURATION_USER,56,"Maar door dit korte gesprekje waren de andere gezinsleden er opmerkzaam op gemaakt dat Gregor tegen ieders verwachting in nog thuis was, en meteen klopte aan de ene zijdeur zijn vader al, zachtjes maar met zijn vuist.",was,6757,6760,I-stative_event,O,O,O
De_gedaante_verwisseling.txt,CURATION_USER,56,"Maar door dit korte gesprekje waren de andere gezinsleden er opmerkzaam op gemaakt dat Gregor tegen ieders verwachting in nog thuis was, en meteen klopte aan de ene zijdeur zijn vader al, zachtjes maar met zijn vuist.",",",6760,6761,O,O,O,O
De_gedaante_verwisseling.txt,CURATION_USER,56,"Maar door dit korte gesprekje waren de andere gezinsleden er opmerkzaam op gemaakt dat Gregor tegen ieders verwachting in nog thuis was, en meteen klopte aan de ene zijdeur zijn vader al, zachtjes maar met zijn vuist.",en,6762,6764,B-process,O,O,O
De_gedaante_verwisseling.txt,CURATION_USER,56,"Maar door dit korte gesprekje waren de andere gezinsleden er opmerkzaam op gemaakt dat Gregor tegen ieders verwachting in nog thuis was, en meteen klopte aan de ene zijdeur zijn vader al, zachtjes maar met zijn vuist.",meteen,6765,6771,I-process,O,O,O
De_gedaante_verwisseling.txt,CURATION_USER,56,"Maar door dit korte gesprekje waren de andere gezinsleden er opmerkzaam op gemaakt dat Gregor tegen ieders verwachting in nog thuis was, en meteen klopte aan de ene zijdeur zijn vader al, zachtjes maar met zijn vuist.",klopte,6772,6778,I-process,O,O,O
De_gedaante_verwisseling.txt,CURATION_USER,56,"Maar door dit korte gesprekje waren de andere gezinsleden er opmerkzaam op gemaakt dat Gregor tegen ieders verwachting in nog thuis was, en meteen klopte aan de ene zijdeur zijn vader al, zachtjes maar met zijn vuist.",aan,6779,6782,I-process,O,O,O
De_gedaante_verwisseling.txt,CURATION_USER,56,"Maar door dit korte gesprekje waren de andere gezinsleden er opmerkzaam op gemaakt dat Gregor tegen ieders verwachting in nog thuis was, en meteen klopte aan de ene zijdeur zijn vader al, zachtjes maar met zijn vuist.",de,6783,6785,I-process,O,O,O
De_gedaante_verwisseling.txt,CURATION_USER,56,"Maar door dit korte gesprekje waren de andere gezinsleden er opmerkzaam op gemaakt dat Gregor tegen ieders verwachting in nog thuis was, en meteen klopte aan de ene zijdeur zijn vader al, zachtjes maar met zijn vuist.",ene,6786,6789,I-process,O,O,O
De_gedaante_verwisseling.txt,CURATION_USER,56,"Maar door dit korte gesprekje waren de andere gezinsleden er opmerkzaam op gemaakt dat Gregor tegen ieders verwachting in nog thuis was, en meteen klopte aan de ene zijdeur zijn vader al, zachtjes maar met zijn vuist.",zijdeur,6790,6797,I-process,O,O,O
De_gedaante_verwisseling.txt,CURATION_USER,56,"Maar door dit korte gesprekje waren de andere gezinsleden er opmerkzaam op gemaakt dat Gregor tegen ieders verwachting in nog thuis was, en meteen klopte aan de ene zijdeur zijn vader al, zachtjes maar met zijn vuist.",zijn,6798,6802,I-process,O,O,O
De_gedaante_verwisseling.txt,CURATION_USER,56,"Maar door dit korte gesprekje waren de andere gezinsleden er opmerkzaam op gemaakt dat Gregor tegen ieders verwachting in nog thuis was, en meteen klopte aan de ene zijdeur zijn vader al, zachtjes maar met zijn vuist.",vader,6803,6808,I-process,O,O,O
De_gedaante_verwisseling.txt,CURATION_USER,56,"Maar door dit korte gesprekje waren de andere gezinsleden er opmerkzaam op gemaakt dat Gregor tegen ieders verwachting in nog thuis was, en meteen klopte aan de ene zijdeur zijn vader al, zachtjes maar met zijn vuist.",al,6809,6811,I-process,O,O,O
De_gedaante_verwisseling.txt,CURATION_USER,56,"Maar door dit korte gesprekje waren de andere gezinsleden er opmerkzaam op gemaakt dat Gregor tegen ieders verwachting in nog thuis was, en meteen klopte aan de ene zijdeur zijn vader al, zachtjes maar met zijn vuist.",",",6811,6812,I-process,O,O,O
De_gedaante_verwisseling.txt,CURATION_USER,56,"Maar door dit korte gesprekje waren de andere gezinsleden er opmerkzaam op gemaakt dat Gregor tegen ieders verwachting in nog thuis was, en meteen klopte aan de ene zijdeur zijn vader al, zachtjes maar met zijn vuist.",zachtjes,6813,6821,I-process,O,O,O
De_gedaante_verwisseling.txt,CURATION_USER,56,"Maar door dit korte gesprekje waren de andere gezinsleden er opmerkzaam op gemaakt dat Gregor tegen ieders verwachting in nog thuis was, en meteen klopte aan de ene zijdeur zijn vader al, zachtjes maar met zijn vuist.",maar,6822,6826,I-process,O,O,O
De_gedaante_verwisseling.txt,CURATION_USER,56,"Maar door dit korte gesprekje waren de andere gezinsleden er opmerkzaam op gemaakt dat Gregor tegen ieders verwachting in nog thuis was, en meteen klopte aan de ene zijdeur zijn vader al, zachtjes maar met zijn vuist.",met,6827,6830,I-process,O,O,O
De_gedaante_verwisseling.txt,CURATION_USER,56,"Maar door dit korte gesprekje waren de andere gezinsleden er opmerkzaam op gemaakt dat Gregor tegen ieders verwachting in nog thuis was, en meteen klopte aan de ene zijdeur zijn vader al, zachtjes maar met zijn vuist.",zijn,6831,6835,I-process,O,O,O
De_gedaante_verwisseling.txt,CURATION_USER,56,"Maar door dit korte gesprekje waren de andere gezinsleden er opmerkzaam op gemaakt dat Gregor tegen ieders verwachting in nog thuis was, en meteen klopte aan de ene zijdeur zijn vader al, zachtjes maar met zijn vuist.",vuist,6836,6841,I-process,O,O,O
De_gedaante_verwisseling.txt,CURATION_USER,56,"Maar door dit korte gesprekje waren de andere gezinsleden er opmerkzaam op gemaakt dat Gregor tegen ieders verwachting in nog thuis was, en meteen klopte aan de ene zijdeur zijn vader al, zachtjes maar met zijn vuist.",.,6841,6842,O,O,O,O
De_gedaante_verwisseling.txt,CURATION_USER,57,"‘Gregor, Gregor’ riep hij, ‘wat is er aan de hand?’",‘,6843,6844,O,O,O,O
De_gedaante_verwisseling.txt,CURATION_USER,57,"‘Gregor, Gregor’ riep hij, ‘wat is er aan de hand?’",Gregor,6844,6850,O,O,O,O
De_gedaante_verwisseling.txt,CURATION_USER,57,"‘Gregor, Gregor’ riep hij, ‘wat is er aan de hand?’",",",6850,6851,O,O,O,O
De_gedaante_verwisseling.txt,CURATION_USER,57,"‘Gregor, Gregor’ riep hij, ‘wat is er aan de hand?’",Gregor,6852,6858,O,O,O,O
De_gedaante_verwisseling.txt,CURATION_USER,57,"‘Gregor, Gregor’ riep hij, ‘wat is er aan de hand?’",’,6858,6859,O,O,O,O
De_gedaante_verwisseling.txt,CURATION_USER,57,"‘Gregor, Gregor’ riep hij, ‘wat is er aan de hand?’",riep,6860,6864,B-process,O,O,O
De_gedaante_verwisseling.txt,CURATION_USER,57,"‘Gregor, Gregor’ riep hij, ‘wat is er aan de hand?’",hij,6865,6868,I-process,O,O,O
De_gedaante_verwisseling.txt,CURATION_USER,57,"‘Gregor, Gregor’ riep hij, ‘wat is er aan de hand?’",",",6868,6869,O,O,O,O
De_gedaante_verwisseling.txt,CURATION_USER,57,"‘Gregor, Gregor’ riep hij, ‘wat is er aan de hand?’",‘,6870,6871,O,O,O,O
De_gedaante_verwisseling.txt,CURATION_USER,57,"‘Gregor, Gregor’ riep hij, ‘wat is er aan de hand?’",wat,6871,6874,B-non_event,O,B-Direct speech,O
De_gedaante_verwisseling.txt,CURATION_USER,57,"‘Gregor, Gregor’ riep hij, ‘wat is er aan de hand?’",is,6875,6877,I-non_event,O,I-Direct speech,O
De_gedaante_verwisseling.txt,CURATION_USER,57,"‘Gregor, Gregor’ riep hij, ‘wat is er aan de hand?’",er,6878,6880,I-non_event,O,I-Direct speech,O
De_gedaante_verwisseling.txt,CURATION_USER,57,"‘Gregor, Gregor’ riep hij, ‘wat is er aan de hand?’",aan,6881,6884,I-non_event,O,I-Direct speech,O
De_gedaante_verwisseling.txt,CURATION_USER,57,"‘Gregor, Gregor’ riep hij, ‘wat is er aan de hand?’",de,6885,6887,I-non_event,O,I-Direct speech,O
De_gedaante_verwisseling.txt,CURATION_USER,57,"‘Gregor, Gregor’ riep hij, ‘wat is er aan de hand?’",hand,6888,6892,I-non_event,O,I-Direct speech,O
De_gedaante_verwisseling.txt,CURATION_USER,57,"‘Gregor, Gregor’ riep hij, ‘wat is er aan de hand?’",?,6892,6893,O,O,O,O
De_gedaante_verwisseling.txt,CURATION_USER,57,"‘Gregor, Gregor’ riep hij, ‘wat is er aan de hand?’",’,6893,6894,O,O,O,O
De_gedaante_verwisseling.txt,CURATION_USER,58,En even later maande hij nog eens met zwaardere stem: ‘Gregor!,En,6895,6897,B-process,O,O,O
De_gedaante_verwisseling.txt,CURATION_USER,58,En even later maande hij nog eens met zwaardere stem: ‘Gregor!,even,6898,6902,I-process,O,O,O
De_gedaante_verwisseling.txt,CURATION_USER,58,En even later maande hij nog eens met zwaardere stem: ‘Gregor!,later,6903,6908,I-process,O,O,O
De_gedaante_verwisseling.txt,CURATION_USER,58,En even later maande hij nog eens met zwaardere stem: ‘Gregor!,maande,6909,6915,I-process,O,O,O
De_gedaante_verwisseling.txt,CURATION_USER,58,En even later maande hij nog eens met zwaardere stem: ‘Gregor!,hij,6916,6919,I-process,O,O,O
De_gedaante_verwisseling.txt,CURATION_USER,58,En even later maande hij nog eens met zwaardere stem: ‘Gregor!,nog,6920,6923,I-process,O,O,O
De_gedaante_verwisseling.txt,CURATION_USER,58,En even later maande hij nog eens met zwaardere stem: ‘Gregor!,eens,6924,6928,I-process,O,O,O
De_gedaante_verwisseling.txt,CURATION_USER,58,En even later maande hij nog eens met zwaardere stem: ‘Gregor!,met,6929,6932,I-process,O,O,O
De_gedaante_verwisseling.txt,CURATION_USER,58,En even later maande hij nog eens met zwaardere stem: ‘Gregor!,zwaardere,6933,6942,I-process,O,O,O
De_gedaante_verwisseling.txt,CURATION_USER,58,En even later maande hij nog eens met zwaardere stem: ‘Gregor!,stem,6943,6947,I-process,O,O,O
De_gedaante_verwisseling.txt,CURATION_USER,58,En even later maande hij nog eens met zwaardere stem: ‘Gregor!,:,6947,6948,O,O,O,O
De_gedaante_verwisseling.txt,CURATION_USER,58,En even later maande hij nog eens met zwaardere stem: ‘Gregor!,‘,6949,6950,O,O,O,O
De_gedaante_verwisseling.txt,CURATION_USER,58,En even later maande hij nog eens met zwaardere stem: ‘Gregor!,Gregor,6950,6956,O,O,O,O
De_gedaante_verwisseling.txt,CURATION_USER,58,En even later maande hij nog eens met zwaardere stem: ‘Gregor!,!,6956,6957,O,O,O,O
De_gedaante_verwisseling.txt,CURATION_USER,59,Gregor!’,Gregor,6958,6964,O,O,O,O
De_gedaante_verwisseling.txt,CURATION_USER,59,Gregor!’,!,6964,6965,O,O,O,O
De_gedaante_verwisseling.txt,CURATION_USER,59,Gregor!’,’,6965,6966,O,O,O,O
De_gedaante_verwisseling.txt,CURATION_USER,60,Maar achter de andere zijdeur klaagde zijn zuster zachtjes: ‘Gregor?,Maar,6967,6971,B-process,O,O,O
De_gedaante_verwisseling.txt,CURATION_USER,60,Maar achter de andere zijdeur klaagde zijn zuster zachtjes: ‘Gregor?,achter,6972,6978,I-process,O,O,O
De_gedaante_verwisseling.txt,CURATION_USER,60,Maar achter de andere zijdeur klaagde zijn zuster zachtjes: ‘Gregor?,de,6979,6981,I-process,O,O,O
De_gedaante_verwisseling.txt,CURATION_USER,60,Maar achter de andere zijdeur klaagde zijn zuster zachtjes: ‘Gregor?,andere,6982,6988,I-process,O,O,O
De_gedaante_verwisseling.txt,CURATION_USER,60,Maar achter de andere zijdeur klaagde zijn zuster zachtjes: ‘Gregor?,zijdeur,6989,6996,I-process,O,O,O
De_gedaante_verwisseling.txt,CURATION_USER,60,Maar achter de andere zijdeur klaagde zijn zuster zachtjes: ‘Gregor?,klaagde,6997,7004,I-process,O,O,O
De_gedaante_verwisseling.txt,CURATION_USER,60,Maar achter de andere zijdeur klaagde zijn zuster zachtjes: ‘Gregor?,zijn,7005,7009,I-process,O,O,O
De_gedaante_verwisseling.txt,CURATION_USER,60,Maar achter de andere zijdeur klaagde zijn zuster zachtjes: ‘Gregor?,zuster,7010,7016,I-process,O,O,O
De_gedaante_verwisseling.txt,CURATION_USER,60,Maar achter de andere zijdeur klaagde zijn zuster zachtjes: ‘Gregor?,zachtjes,7017,7025,I-process,O,O,O
De_gedaante_verwisseling.txt,CURATION_USER,60,Maar achter de andere zijdeur klaagde zijn zuster zachtjes: ‘Gregor?,:,7025,7026,O,O,O,O
De_gedaante_verwisseling.txt,CURATION_USER,60,Maar achter de andere zijdeur klaagde zijn zuster zachtjes: ‘Gregor?,‘,7027,7028,O,O,O,O
De_gedaante_verwisseling.txt,CURATION_USER,60,Maar achter de andere zijdeur klaagde zijn zuster zachtjes: ‘Gregor?,Gregor,7028,7034,O,O,O,O
De_gedaante_verwisseling.txt,CURATION_USER,60,Maar achter de andere zijdeur klaagde zijn zuster zachtjes: ‘Gregor?,?,7034,7035,O,O,O,O
De_gedaante_verwisseling.txt,CURATION_USER,61,Voel je je niet goed?,Voel,7036,7040,B-non_event,O,B-Direct speech,O
De_gedaante_verwisseling.txt,CURATION_USER,61,Voel je je niet goed?,je,7041,7043,I-non_event,O,I-Direct speech,O
De_gedaante_verwisseling.txt,CURATION_USER,61,Voel je je niet goed?,je,7044,7046,I-non_event,O,I-Direct speech,O
De_gedaante_verwisseling.txt,CURATION_USER,61,Voel je je niet goed?,niet,7047,7051,I-non_event,O,I-Direct speech,O
De_gedaante_verwisseling.txt,CURATION_USER,61,Voel je je niet goed?,goed,7052,7056,I-non_event,O,I-Direct speech,O
De_gedaante_verwisseling.txt,CURATION_USER,61,Voel je je niet goed?,?,7056,7057,O,O,O,O
De_gedaante_verwisseling.txt,CURATION_USER,62,Heb je iets nodig?’,Heb,7058,7061,B-non_event,O,B-Direct speech,O
De_gedaante_verwisseling.txt,CURATION_USER,62,Heb je iets nodig?’,je,7062,7064,I-non_event,O,I-Direct speech,O
De_gedaante_verwisseling.txt,CURATION_USER,62,Heb je iets nodig?’,iets,7065,7069,I-non_event,O,I-Direct speech,O
De_gedaante_verwisseling.txt,CURATION_USER,62,Heb je iets nodig?’,nodig,7070,7075,I-non_event,O,I-Direct speech,O
De_gedaante_verwisseling.txt,CURATION_USER,62,Heb je iets nodig?’,?,7075,7076,O,O,O,O
De_gedaante_verwisseling.txt,CURATION_USER,62,Heb je iets nodig?’,’,7076,7077,O,O,O,O
De_gedaante_verwisseling.txt,CURATION_USER,63,"Naar beide kanten antwoordde Gregor: ‘Ben al klaar’, en hij deed zijn best door heel zorgvuldig te articuleren en door het aanbrengen van lange pauzes tussen de afzonderlijke woorden al het opvallende aan zijn stem te ontnemen.",Naar,7078,7082,B-process,O,O,O
De_gedaante_verwisseling.txt,CURATION_USER,63,"Naar beide kanten antwoordde Gregor: ‘Ben al klaar’, en hij deed zijn best door heel zorgvuldig te articuleren en door het aanbrengen van lange pauzes tussen de afzonderlijke woorden al het opvallende aan zijn stem te ontnemen.",beide,7083,7088,I-process,O,O,O
De_gedaante_verwisseling.txt,CURATION_USER,63,"Naar beide kanten antwoordde Gregor: ‘Ben al klaar’, en hij deed zijn best door heel zorgvuldig te articuleren en door het aanbrengen van lange pauzes tussen de afzonderlijke woorden al het opvallende aan zijn stem te ontnemen.",kanten,7089,7095,I-process,O,O,O
De_gedaante_verwisseling.txt,CURATION_USER,63,"Naar beide kanten antwoordde Gregor: ‘Ben al klaar’, en hij deed zijn best door heel zorgvuldig te articuleren en door het aanbrengen van lange pauzes tussen de afzonderlijke woorden al het opvallende aan zijn stem te ontnemen.",antwoordde,7096,7106,I-process,O,O,O
De_gedaante_verwisseling.txt,CURATION_USER,63,"Naar beide kanten antwoordde Gregor: ‘Ben al klaar’, en hij deed zijn best door heel zorgvuldig te articuleren en door het aanbrengen van lange pauzes tussen de afzonderlijke woorden al het opvallende aan zijn stem te ontnemen.",Gregor,7107,7113,I-process,O,O,O
De_gedaante_verwisseling.txt,CURATION_USER,63,"Naar beide kanten antwoordde Gregor: ‘Ben al klaar’, en hij deed zijn best door heel zorgvuldig te articuleren en door het aanbrengen van lange pauzes tussen de afzonderlijke woorden al het opvallende aan zijn stem te ontnemen.",:,7113,7114,O,O,O,O
De_gedaante_verwisseling.txt,CURATION_USER,63,"Naar beide kanten antwoordde Gregor: ‘Ben al klaar’, en hij deed zijn best door heel zorgvuldig te articuleren en door het aanbrengen van lange pauzes tussen de afzonderlijke woorden al het opvallende aan zijn stem te ontnemen.",‘,7115,7116,O,O,O,O
De_gedaante_verwisseling.txt,CURATION_USER,63,"Naar beide kanten antwoordde Gregor: ‘Ben al klaar’, en hij deed zijn best door heel zorgvuldig te articuleren en door het aanbrengen van lange pauzes tussen de afzonderlijke woorden al het opvallende aan zijn stem te ontnemen.",Ben,7116,7119,B-non_event,O,B-Direct thought,O
De_gedaante_verwisseling.txt,CURATION_USER,63,"Naar beide kanten antwoordde Gregor: ‘Ben al klaar’, en hij deed zijn best door heel zorgvuldig te articuleren en door het aanbrengen van lange pauzes tussen de afzonderlijke woorden al het opvallende aan zijn stem te ontnemen.",al,7120,7122,I-non_event,O,I-Direct thought,O
De_gedaante_verwisseling.txt,CURATION_USER,63,"Naar beide kanten antwoordde Gregor: ‘Ben al klaar’, en hij deed zijn best door heel zorgvuldig te articuleren en door het aanbrengen van lange pauzes tussen de afzonderlijke woorden al het opvallende aan zijn stem te ontnemen.",klaar,7123,7128,I-non_event,O,I-Direct thought,O
De_gedaante_verwisseling.txt,CURATION_USER,63,"Naar beide kanten antwoordde Gregor: ‘Ben al klaar’, en hij deed zijn best door heel zorgvuldig te articuleren en door het aanbrengen van lange pauzes tussen de afzonderlijke woorden al het opvallende aan zijn stem te ontnemen.",’,7128,7129,O,O,O,O
De_gedaante_verwisseling.txt,CURATION_USER,63,"Naar beide kanten antwoordde Gregor: ‘Ben al klaar’, en hij deed zijn best door heel zorgvuldig te articuleren en door het aanbrengen van lange pauzes tussen de afzonderlijke woorden al het opvallende aan zijn stem te ontnemen.",",",7129,7130,O,O,O,O
De_gedaante_verwisseling.txt,CURATION_USER,63,"Naar beide kanten antwoordde Gregor: ‘Ben al klaar’, en hij deed zijn best door heel zorgvuldig te articuleren en door het aanbrengen van lange pauzes tussen de afzonderlijke woorden al het opvallende aan zijn stem te ontnemen.",en,7131,7133,B-process,O,O,O
De_gedaante_verwisseling.txt,CURATION_USER,63,"Naar beide kanten antwoordde Gregor: ‘Ben al klaar’, en hij deed zijn best door heel zorgvuldig te articuleren en door het aanbrengen van lange pauzes tussen de afzonderlijke woorden al het opvallende aan zijn stem te ontnemen.",hij,7134,7137,I-process,O,O,O
De_gedaante_verwisseling.txt,CURATION_USER,63,"Naar beide kanten antwoordde Gregor: ‘Ben al klaar’, en hij deed zijn best door heel zorgvuldig te articuleren en door het aanbrengen van lange pauzes tussen de afzonderlijke woorden al het opvallende aan zijn stem te ontnemen.",deed,7138,7142,I-process,O,O,O
De_gedaante_verwisseling.txt,CURATION_USER,63,"Naar beide kanten antwoordde Gregor: ‘Ben al klaar’, en hij deed zijn best door heel zorgvuldig te articuleren en door het aanbrengen van lange pauzes tussen de afzonderlijke woorden al het opvallende aan zijn stem te ontnemen.",zijn,7143,7147,I-process,O,O,O
De_gedaante_verwisseling.txt,CURATION_USER,63,"Naar beide kanten antwoordde Gregor: ‘Ben al klaar’, en hij deed zijn best door heel zorgvuldig te articuleren en door het aanbrengen van lange pauzes tussen de afzonderlijke woorden al het opvallende aan zijn stem te ontnemen.",best,7148,7152,I-process,O,O,O
De_gedaante_verwisseling.txt,CURATION_USER,63,"Naar beide kanten antwoordde Gregor: ‘Ben al klaar’, en hij deed zijn best door heel zorgvuldig te articuleren en door het aanbrengen van lange pauzes tussen de afzonderlijke woorden al het opvallende aan zijn stem te ontnemen.",door,7153,7157,I-process,O,O,O
De_gedaante_verwisseling.txt,CURATION_USER,63,"Naar beide kanten antwoordde Gregor: ‘Ben al klaar’, en hij deed zijn best door heel zorgvuldig te articuleren en door het aanbrengen van lange pauzes tussen de afzonderlijke woorden al het opvallende aan zijn stem te ontnemen.",heel,7158,7162,I-process,O,O,O
De_gedaante_verwisseling.txt,CURATION_USER,63,"Naar beide kanten antwoordde Gregor: ‘Ben al klaar’, en hij deed zijn best door heel zorgvuldig te articuleren en door het aanbrengen van lange pauzes tussen de afzonderlijke woorden al het opvallende aan zijn stem te ontnemen.",zorgvuldig,7163,7173,I-process,O,O,O
De_gedaante_verwisseling.txt,CURATION_USER,63,"Naar beide kanten antwoordde Gregor: ‘Ben al klaar’, en hij deed zijn best door heel zorgvuldig te articuleren en door het aanbrengen van lange pauzes tussen de afzonderlijke woorden al het opvallende aan zijn stem te ontnemen.",te,7174,7176,I-process,O,O,O
De_gedaante_verwisseling.txt,CURATION_USER,63,"Naar beide kanten antwoordde Gregor: ‘Ben al klaar’, en hij deed zijn best door heel zorgvuldig te articuleren en door het aanbrengen van lange pauzes tussen de afzonderlijke woorden al het opvallende aan zijn stem te ontnemen.",articuleren,7177,7188,I-process,O,O,O
De_gedaante_verwisseling.txt,CURATION_USER,63,"Naar beide kanten antwoordde Gregor: ‘Ben al klaar’, en hij deed zijn best door heel zorgvuldig te articuleren en door het aanbrengen van lange pauzes tussen de afzonderlijke woorden al het opvallende aan zijn stem te ontnemen.",en,7189,7191,I-process,O,O,O
De_gedaante_verwisseling.txt,CURATION_USER,63,"Naar beide kanten antwoordde Gregor: ‘Ben al klaar’, en hij deed zijn best door heel zorgvuldig te articuleren en door het aanbrengen van lange pauzes tussen de afzonderlijke woorden al het opvallende aan zijn stem te ontnemen.",door,7192,7196,I-process,O,O,O
De_gedaante_verwisseling.txt,CURATION_USER,63,"Naar beide kanten antwoordde Gregor: ‘Ben al klaar’, en hij deed zijn best door heel zorgvuldig te articuleren en door het aanbrengen van lange pauzes tussen de afzonderlijke woorden al het opvallende aan zijn stem te ontnemen.",het,7197,7200,I-process,O,O,O
De_gedaante_verwisseling.txt,CURATION_USER,63,"Naar beide kanten antwoordde Gregor: ‘Ben al klaar’, en hij deed zijn best door heel zorgvuldig te articuleren en door het aanbrengen van lange pauzes tussen de afzonderlijke woorden al het opvallende aan zijn stem te ontnemen.",aanbrengen,7201,7211,I-process,O,O,O
De_gedaante_verwisseling.txt,CURATION_USER,63,"Naar beide kanten antwoordde Gregor: ‘Ben al klaar’, en hij deed zijn best door heel zorgvuldig te articuleren en door het aanbrengen van lange pauzes tussen de afzonderlijke woorden al het opvallende aan zijn stem te ontnemen.",van,7212,7215,I-process,O,O,O
De_gedaante_verwisseling.txt,CURATION_USER,63,"Naar beide kanten antwoordde Gregor: ‘Ben al klaar’, en hij deed zijn best door heel zorgvuldig te articuleren en door het aanbrengen van lange pauzes tussen de afzonderlijke woorden al het opvallende aan zijn stem te ontnemen.",lange,7216,7221,I-process,O,O,O
De_gedaante_verwisseling.txt,CURATION_USER,63,"Naar beide kanten antwoordde Gregor: ‘Ben al klaar’, en hij deed zijn best door heel zorgvuldig te articuleren en door het aanbrengen van lange pauzes tussen de afzonderlijke woorden al het opvallende aan zijn stem te ontnemen.",pauzes,7222,7228,I-process,O,O,O
De_gedaante_verwisseling.txt,CURATION_USER,63,"Naar beide kanten antwoordde Gregor: ‘Ben al klaar’, en hij deed zijn best door heel zorgvuldig te articuleren en door het aanbrengen van lange pauzes tussen de afzonderlijke woorden al het opvallende aan zijn stem te ontnemen.",tussen,7229,7235,I-process,O,O,O
De_gedaante_verwisseling.txt,CURATION_USER,63,"Naar beide kanten antwoordde Gregor: ‘Ben al klaar’, en hij deed zijn best door heel zorgvuldig te articuleren en door het aanbrengen van lange pauzes tussen de afzonderlijke woorden al het opvallende aan zijn stem te ontnemen.",de,7236,7238,I-process,O,O,O
De_gedaante_verwisseling.txt,CURATION_USER,63,"Naar beide kanten antwoordde Gregor: ‘Ben al klaar’, en hij deed zijn best door heel zorgvuldig te articuleren en door het aanbrengen van lange pauzes tussen de afzonderlijke woorden al het opvallende aan zijn stem te ontnemen.",afzonderlijke,7239,7252,I-process,O,O,O
De_gedaante_verwisseling.txt,CURATION_USER,63,"Naar beide kanten antwoordde Gregor: ‘Ben al klaar’, en hij deed zijn best door heel zorgvuldig te articuleren en door het aanbrengen van lange pauzes tussen de afzonderlijke woorden al het opvallende aan zijn stem te ontnemen.",woorden,7253,7260,I-process,O,O,O
De_gedaante_verwisseling.txt,CURATION_USER,63,"Naar beide kanten antwoordde Gregor: ‘Ben al klaar’, en hij deed zijn best door heel zorgvuldig te articuleren en door het aanbrengen van lange pauzes tussen de afzonderlijke woorden al het opvallende aan zijn stem te ontnemen.",al,7261,7263,I-process,O,O,O
De_gedaante_verwisseling.txt,CURATION_USER,63,"Naar beide kanten antwoordde Gregor: ‘Ben al klaar’, en hij deed zijn best door heel zorgvuldig te articuleren en door het aanbrengen van lange pauzes tussen de afzonderlijke woorden al het opvallende aan zijn stem te ontnemen.",het,7264,7267,I-process,O,O,O
De_gedaante_verwisseling.txt,CURATION_USER,63,"Naar beide kanten antwoordde Gregor: ‘Ben al klaar’, en hij deed zijn best door heel zorgvuldig te articuleren en door het aanbrengen van lange pauzes tussen de afzonderlijke woorden al het opvallende aan zijn stem te ontnemen.",opvallende,7268,7278,I-process,O,O,O
De_gedaante_verwisseling.txt,CURATION_USER,63,"Naar beide kanten antwoordde Gregor: ‘Ben al klaar’, en hij deed zijn best door heel zorgvuldig te articuleren en door het aanbrengen van lange pauzes tussen de afzonderlijke woorden al het opvallende aan zijn stem te ontnemen.",aan,7279,7282,I-process,O,O,O
De_gedaante_verwisseling.txt,CURATION_USER,63,"Naar beide kanten antwoordde Gregor: ‘Ben al klaar’, en hij deed zijn best door heel zorgvuldig te articuleren en door het aanbrengen van lange pauzes tussen de afzonderlijke woorden al het opvallende aan zijn stem te ontnemen.",zijn,7283,7287,I-process,O,O,O
De_gedaante_verwisseling.txt,CURATION_USER,63,"Naar beide kanten antwoordde Gregor: ‘Ben al klaar’, en hij deed zijn best door heel zorgvuldig te articuleren en door het aanbrengen van lange pauzes tussen de afzonderlijke woorden al het opvallende aan zijn stem te ontnemen.",stem,7288,7292,I-process,O,O,O
De_gedaante_verwisseling.txt,CURATION_USER,63,"Naar beide kanten antwoordde Gregor: ‘Ben al klaar’, en hij deed zijn best door heel zorgvuldig te articuleren en door het aanbrengen van lange pauzes tussen de afzonderlijke woorden al het opvallende aan zijn stem te ontnemen.",te,7293,7295,I-process,O,O,O
De_gedaante_verwisseling.txt,CURATION_USER,63,"Naar beide kanten antwoordde Gregor: ‘Ben al klaar’, en hij deed zijn best door heel zorgvuldig te articuleren en door het aanbrengen van lange pauzes tussen de afzonderlijke woorden al het opvallende aan zijn stem te ontnemen.",ontnemen,7296,7304,I-process,O,O,O
De_gedaante_verwisseling.txt,CURATION_USER,63,"Naar beide kanten antwoordde Gregor: ‘Ben al klaar’, en hij deed zijn best door heel zorgvuldig te articuleren en door het aanbrengen van lange pauzes tussen de afzonderlijke woorden al het opvallende aan zijn stem te ontnemen.",.,7304,7305,O,O,O,O
De_gedaante_verwisseling.txt,CURATION_USER,64,"Zijn vader keerde ook terug naar zijn ontbijt, maar zijn zuster fluisterde: ‘Gregor, doe in hemelsnaam open.’",Zijn,7306,7310,B-process,O,O,O
De_gedaante_verwisseling.txt,CURATION_USER,64,"Zijn vader keerde ook terug naar zijn ontbijt, maar zijn zuster fluisterde: ‘Gregor, doe in hemelsnaam open.’",vader,7311,7316,I-process,O,O,O
De_gedaante_verwisseling.txt,CURATION_USER,64,"Zijn vader keerde ook terug naar zijn ontbijt, maar zijn zuster fluisterde: ‘Gregor, doe in hemelsnaam open.’",keerde,7317,7323,I-process,O,O,O
De_gedaante_verwisseling.txt,CURATION_USER,64,"Zijn vader keerde ook terug naar zijn ontbijt, maar zijn zuster fluisterde: ‘Gregor, doe in hemelsnaam open.’",ook,7324,7327,I-process,O,O,O
De_gedaante_verwisseling.txt,CURATION_USER,64,"Zijn vader keerde ook terug naar zijn ontbijt, maar zijn zuster fluisterde: ‘Gregor, doe in hemelsnaam open.’",terug,7328,7333,I-process,O,O,O
De_gedaante_verwisseling.txt,CURATION_USER,64,"Zijn vader keerde ook terug naar zijn ontbijt, maar zijn zuster fluisterde: ‘Gregor, doe in hemelsnaam open.’",naar,7334,7338,I-process,O,O,O
De_gedaante_verwisseling.txt,CURATION_USER,64,"Zijn vader keerde ook terug naar zijn ontbijt, maar zijn zuster fluisterde: ‘Gregor, doe in hemelsnaam open.’",zijn,7339,7343,I-process,O,O,O
De_gedaante_verwisseling.txt,CURATION_USER,64,"Zijn vader keerde ook terug naar zijn ontbijt, maar zijn zuster fluisterde: ‘Gregor, doe in hemelsnaam open.’",ontbijt,7344,7351,I-process,O,O,O
De_gedaante_verwisseling.txt,CURATION_USER,64,"Zijn vader keerde ook terug naar zijn ontbijt, maar zijn zuster fluisterde: ‘Gregor, doe in hemelsnaam open.’",",",7351,7352,O,O,O,O
De_gedaante_verwisseling.txt,CURATION_USER,64,"Zijn vader keerde ook terug naar zijn ontbijt, maar zijn zuster fluisterde: ‘Gregor, doe in hemelsnaam open.’",maar,7353,7357,B-process,O,O,O
De_gedaante_verwisseling.txt,CURATION_USER,64,"Zijn vader keerde ook terug naar zijn ontbijt, maar zijn zuster fluisterde: ‘Gregor, doe in hemelsnaam open.’",zijn,7358,7362,I-process,O,O,O
De_gedaante_verwisseling.txt,CURATION_USER,64,"Zijn vader keerde ook terug naar zijn ontbijt, maar zijn zuster fluisterde: ‘Gregor, doe in hemelsnaam open.’",zuster,7363,7369,I-process,O,O,O
De_gedaante_verwisseling.txt,CURATION_USER,64,"Zijn vader keerde ook terug naar zijn ontbijt, maar zijn zuster fluisterde: ‘Gregor, doe in hemelsnaam open.’",fluisterde,7370,7380,I-process,O,O,O
De_gedaante_verwisseling.txt,CURATION_USER,64,"Zijn vader keerde ook terug naar zijn ontbijt, maar zijn zuster fluisterde: ‘Gregor, doe in hemelsnaam open.’",:,7380,7381,O,O,O,O
De_gedaante_verwisseling.txt,CURATION_USER,64,"Zijn vader keerde ook terug naar zijn ontbijt, maar zijn zuster fluisterde: ‘Gregor, doe in hemelsnaam open.’",‘,7382,7383,O,O,O,O
De_gedaante_verwisseling.txt,CURATION_USER,64,"Zijn vader keerde ook terug naar zijn ontbijt, maar zijn zuster fluisterde: ‘Gregor, doe in hemelsnaam open.’",Gregor,7383,7389,B-non_event,O,B-Direct speech,O
De_gedaante_verwisseling.txt,CURATION_USER,64,"Zijn vader keerde ook terug naar zijn ontbijt, maar zijn zuster fluisterde: ‘Gregor, doe in hemelsnaam open.’",",",7389,7390,I-non_event,O,I-Direct speech,O
De_gedaante_verwisseling.txt,CURATION_USER,64,"Zijn vader keerde ook terug naar zijn ontbijt, maar zijn zuster fluisterde: ‘Gregor, doe in hemelsnaam open.’",doe,7391,7394,I-non_event,O,I-Direct speech,O
De_gedaante_verwisseling.txt,CURATION_USER,64,"Zijn vader keerde ook terug naar zijn ontbijt, maar zijn zuster fluisterde: ‘Gregor, doe in hemelsnaam open.’",in,7395,7397,I-non_event,O,I-Direct speech,O
De_gedaante_verwisseling.txt,CURATION_USER,64,"Zijn vader keerde ook terug naar zijn ontbijt, maar zijn zuster fluisterde: ‘Gregor, doe in hemelsnaam open.’",hemelsnaam,7398,7408,I-non_event,O,I-Direct speech,O
De_gedaante_verwisseling.txt,CURATION_USER,64,"Zijn vader keerde ook terug naar zijn ontbijt, maar zijn zuster fluisterde: ‘Gregor, doe in hemelsnaam open.’",open,7409,7413,I-non_event,O,I-Direct speech,O
De_gedaante_verwisseling.txt,CURATION_USER,64,"Zijn vader keerde ook terug naar zijn ontbijt, maar zijn zuster fluisterde: ‘Gregor, doe in hemelsnaam open.’",.,7413,7414,O,O,O,O
De_gedaante_verwisseling.txt,CURATION_USER,64,"Zijn vader keerde ook terug naar zijn ontbijt, maar zijn zuster fluisterde: ‘Gregor, doe in hemelsnaam open.’",’,7414,7415,O,O,O,O
De_gedaante_verwisseling.txt,CURATION_USER,65,"Maar Gregor peinsde er niet over open te doen, prees daarentegen de op zijn reizen aangewende voorzorg ook thuis alle deuren ’s nachts op slot te doen.",Maar,7416,7420,B-non_event,O,O,O
De_gedaante_verwisseling.txt,CURATION_USER,65,"Maar Gregor peinsde er niet over open te doen, prees daarentegen de op zijn reizen aangewende voorzorg ook thuis alle deuren ’s nachts op slot te doen.",Gregor,7421,7427,I-non_event,O,O,O
De_gedaante_verwisseling.txt,CURATION_USER,65,"Maar Gregor peinsde er niet over open te doen, prees daarentegen de op zijn reizen aangewende voorzorg ook thuis alle deuren ’s nachts op slot te doen.",peinsde,7428,7435,I-non_event,O,O,O
De_gedaante_verwisseling.txt,CURATION_USER,65,"Maar Gregor peinsde er niet over open te doen, prees daarentegen de op zijn reizen aangewende voorzorg ook thuis alle deuren ’s nachts op slot te doen.",er,7436,7438,I-non_event,O,O,O
De_gedaante_verwisseling.txt,CURATION_USER,65,"Maar Gregor peinsde er niet over open te doen, prees daarentegen de op zijn reizen aangewende voorzorg ook thuis alle deuren ’s nachts op slot te doen.",niet,7439,7443,I-non_event,O,O,O
De_gedaante_verwisseling.txt,CURATION_USER,65,"Maar Gregor peinsde er niet over open te doen, prees daarentegen de op zijn reizen aangewende voorzorg ook thuis alle deuren ’s nachts op slot te doen.",over,7444,7448,I-non_event,O,O,O
De_gedaante_verwisseling.txt,CURATION_USER,65,"Maar Gregor peinsde er niet over open te doen, prees daarentegen de op zijn reizen aangewende voorzorg ook thuis alle deuren ’s nachts op slot te doen.",open,7449,7453,I-non_event,O,O,O
De_gedaante_verwisseling.txt,CURATION_USER,65,"Maar Gregor peinsde er niet over open te doen, prees daarentegen de op zijn reizen aangewende voorzorg ook thuis alle deuren ’s nachts op slot te doen.",te,7454,7456,I-non_event,O,O,O
De_gedaante_verwisseling.txt,CURATION_USER,65,"Maar Gregor peinsde er niet over open te doen, prees daarentegen de op zijn reizen aangewende voorzorg ook thuis alle deuren ’s nachts op slot te doen.",doen,7457,7461,I-non_event,O,O,O
De_gedaante_verwisseling.txt,CURATION_USER,65,"Maar Gregor peinsde er niet over open te doen, prees daarentegen de op zijn reizen aangewende voorzorg ook thuis alle deuren ’s nachts op slot te doen.",",",7461,7462,O,O,O,O
De_gedaante_verwisseling.txt,CURATION_USER,65,"Maar Gregor peinsde er niet over open te doen, prees daarentegen de op zijn reizen aangewende voorzorg ook thuis alle deuren ’s nachts op slot te doen.",prees,7463,7468,B-process,O,O,O
De_gedaante_verwisseling.txt,CURATION_USER,65,"Maar Gregor peinsde er niet over open te doen, prees daarentegen de op zijn reizen aangewende voorzorg ook thuis alle deuren ’s nachts op slot te doen.",daarentegen,7469,7480,I-process,O,O,O
De_gedaante_verwisseling.txt,CURATION_USER,65,"Maar Gregor peinsde er niet over open te doen, prees daarentegen de op zijn reizen aangewende voorzorg ook thuis alle deuren ’s nachts op slot te doen.",de,7481,7483,I-process,O,O,O
De_gedaante_verwisseling.txt,CURATION_USER,65,"Maar Gregor peinsde er niet over open te doen, prees daarentegen de op zijn reizen aangewende voorzorg ook thuis alle deuren ’s nachts op slot te doen.",op,7484,7486,I-process,O,O,O
De_gedaante_verwisseling.txt,CURATION_USER,65,"Maar Gregor peinsde er niet over open te doen, prees daarentegen de op zijn reizen aangewende voorzorg ook thuis alle deuren ’s nachts op slot te doen.",zijn,7487,7491,I-process,O,O,O
De_gedaante_verwisseling.txt,CURATION_USER,65,"Maar Gregor peinsde er niet over open te doen, prees daarentegen de op zijn reizen aangewende voorzorg ook thuis alle deuren ’s nachts op slot te doen.",reizen,7492,7498,I-process,O,O,O
De_gedaante_verwisseling.txt,CURATION_USER,65,"Maar Gregor peinsde er niet over open te doen, prees daarentegen de op zijn reizen aangewende voorzorg ook thuis alle deuren ’s nachts op slot te doen.",aangewende,7499,7509,I-process,O,O,O
De_gedaante_verwisseling.txt,CURATION_USER,65,"Maar Gregor peinsde er niet over open te doen, prees daarentegen de op zijn reizen aangewende voorzorg ook thuis alle deuren ’s nachts op slot te doen.",voorzorg,7510,7518,I-process,O,O,O
De_gedaante_verwisseling.txt,CURATION_USER,65,"Maar Gregor peinsde er niet over open te doen, prees daarentegen de op zijn reizen aangewende voorzorg ook thuis alle deuren ’s nachts op slot te doen.",ook,7519,7522,I-process,O,O,O
De_gedaante_verwisseling.txt,CURATION_USER,65,"Maar Gregor peinsde er niet over open te doen, prees daarentegen de op zijn reizen aangewende voorzorg ook thuis alle deuren ’s nachts op slot te doen.",thuis,7523,7528,I-process,O,O,O
De_gedaante_verwisseling.txt,CURATION_USER,65,"Maar Gregor peinsde er niet over open te doen, prees daarentegen de op zijn reizen aangewende voorzorg ook thuis alle deuren ’s nachts op slot te doen.",alle,7529,7533,I-process,O,O,O
De_gedaante_verwisseling.txt,CURATION_USER,65,"Maar Gregor peinsde er niet over open te doen, prees daarentegen de op zijn reizen aangewende voorzorg ook thuis alle deuren ’s nachts op slot te doen.",deuren,7534,7540,I-process,O,O,O
De_gedaante_verwisseling.txt,CURATION_USER,65,"Maar Gregor peinsde er niet over open te doen, prees daarentegen de op zijn reizen aangewende voorzorg ook thuis alle deuren ’s nachts op slot te doen.",’,7541,7542,I-process,O,O,O
De_gedaante_verwisseling.txt,CURATION_USER,65,"Maar Gregor peinsde er niet over open te doen, prees daarentegen de op zijn reizen aangewende voorzorg ook thuis alle deuren ’s nachts op slot te doen.",s,7542,7543,I-process,O,O,O
De_gedaante_verwisseling.txt,CURATION_USER,65,"Maar Gregor peinsde er niet over open te doen, prees daarentegen de op zijn reizen aangewende voorzorg ook thuis alle deuren ’s nachts op slot te doen.",nachts,7544,7550,I-process,O,O,O
De_gedaante_verwisseling.txt,CURATION_USER,65,"Maar Gregor peinsde er niet over open te doen, prees daarentegen de op zijn reizen aangewende voorzorg ook thuis alle deuren ’s nachts op slot te doen.",op,7551,7553,I-process,O,O,O
De_gedaante_verwisseling.txt,CURATION_USER,65,"Maar Gregor peinsde er niet over open te doen, prees daarentegen de op zijn reizen aangewende voorzorg ook thuis alle deuren ’s nachts op slot te doen.",slot,7554,7558,I-process,O,O,O
De_gedaante_verwisseling.txt,CURATION_USER,65,"Maar Gregor peinsde er niet over open te doen, prees daarentegen de op zijn reizen aangewende voorzorg ook thuis alle deuren ’s nachts op slot te doen.",te,7559,7561,I-process,O,O,O
De_gedaante_verwisseling.txt,CURATION_USER,65,"Maar Gregor peinsde er niet over open te doen, prees daarentegen de op zijn reizen aangewende voorzorg ook thuis alle deuren ’s nachts op slot te doen.",doen,7562,7566,I-process,O,O,O
De_gedaante_verwisseling.txt,CURATION_USER,65,"Maar Gregor peinsde er niet over open te doen, prees daarentegen de op zijn reizen aangewende voorzorg ook thuis alle deuren ’s nachts op slot te doen.",.,7566,7567,O,O,O,O
